Added Component: Designator=C16(0603)
Add component (AddParameter): Name = "AEC Category"; Value = "Q200"; VariantName = "[No Variations]"
Add component (AddParameter): Name = "AEC Grade"; Value = "N/A"; VariantName = "[No Variations]"
Add component (AddParameter): Name = "AEC Qualified"; Value = "N"; VariantName = "[No Variations]"
Add component (AddParameter): Name = "Alternate Manufacturer"; Value = ""; VariantName = "[No Variations]"
Add component (AddParameter): Name = "Alternate PartNumber"; Value = ""; VariantName = "[No Variations]"
Add component (AddParameter): Name = "Cap_Case"; Value = "0603"; VariantName = "[No Variations]"
Add component (AddParameter): Name = "Cap_F"; Value = "3.3µF"; VariantName = "[No Variations]"
Add component (AddParameter): Name = "ComponentLink1Description"; Value = "Datasheet link"; VariantName = "[No Variations]"
Add component (AddParameter): Name = "ComponentLink1URL"; Value = "https://product.tdk.com/en/search/capacitor/ceramic/mlcc/info?part_no=C1608X7S1A335K080AC"; VariantName = "[No Variations]"
Add component (AddParameter): Name = "CompType"; Value = "Capacitor"; VariantName = "[No Variations]"
Add component (AddParameter): Name = "ESR_ohm"; Value = "4.796m"; VariantName = "[No Variations]"
Add component (AddParameter): Name = "IRMS_A"; Value = "2.3752A"; VariantName = "[No Variations]"
Add component (AddParameter): Name = "LatestRevisionDate"; Value = "2017-03-09"; VariantName = "[No Variations]"
Add component (AddParameter): Name = "Manufacturer"; Value = "TDK"; VariantName = "[No Variations]"
Add component (AddParameter): Name = "MountType"; Value = "SMT"; VariantName = "[No Variations]"
Add component (AddParameter): Name = "PackageReference"; Value = "0603"; VariantName = "[No Variations]"
Add component (AddParameter): Name = "PartNumber"; Value = "C1608X7S1A335K080AC"; VariantName = "[No Variations]"
Add component (AddParameter): Name = "Polarized"; Value = "N"; VariantName = "[No Variations]"
Add component (AddParameter): Name = "Published"; Value = "2008-06-19"; VariantName = "[No Variations]"
Add component (AddParameter): Name = "Publisher"; Value = "Texas Instruments"; VariantName = "[No Variations]"
Add component (AddParameter): Name = "RoHS"; Value = "Y"; VariantName = "[No Variations]"
Add component (AddParameter): Name = "SizeArea_mm2"; Value = "1.28"; VariantName = "[No Variations]"
Add component (AddParameter): Name = "SizeAreaWB_mm2"; Value = "4.68"; VariantName = "[No Variations]"
Add component (AddParameter): Name = "SizeX_mm"; Value = "1.6"; VariantName = "[No Variations]"
Add component (AddParameter): Name = "SizeY_mm"; Value = "0.8"; VariantName = "[No Variations]"
Add component (AddParameter): Name = "SizeZ_mm"; Value = "1"; VariantName = "[No Variations]"
Add component (AddParameter): Name = "Supplier 1"; Value = "Digi-Key"; VariantName = "[No Variations]"
Add component (AddParameter): Name = "Supplier 2"; Value = "Newark"; VariantName = "[No Variations]"
Add component (AddParameter): Name = "Supplier 3"; Value = "Mouser"; VariantName = "[No Variations]"
Add component (AddParameter): Name = "Supplier Part Number 1"; Value = "445-14256-1-ND"; VariantName = "[No Variations]"
Add component (AddParameter): Name = "Supplier Part Number 2"; Value = "52X3755"; VariantName = "[No Variations]"
Add component (AddParameter): Name = "Supplier Part Number 3"; Value = "810-C1608X7S1A335K0C"; VariantName = "[No Variations]"
Add component (AddParameter): Name = "TaMax_C"; Value = "125°C"; VariantName = "[No Variations]"
Add component (AddParameter): Name = "TaMin_C"; Value = "-55°C"; VariantName = "[No Variations]"
Add component (AddParameter): Name = "Technology"; Value = "Ceramic"; VariantName = "[No Variations]"
Add component (AddParameter): Name = "TempCo"; Value = "X7S"; VariantName = "[No Variations]"
Add component (AddParameter): Name = "Tolerance_%"; Value = "10%"; VariantName = "[No Variations]"
Add component (AddParameter): Name = "U/M"; Value = "EA"; VariantName = "[No Variations]"
Add component (AddParameter): Name = "Value"; Value = "3.3uF"; VariantName = "[No Variations]"
Add component (AddParameter): Name = "Value1"; Value = "0.004796 ohm"; VariantName = "[No Variations]"
Add component (AddParameter): Name = "Value2"; Value = "10V"; VariantName = "[No Variations]"
Add component (AddParameter): Name = "ValueDisplayed"; Value = "3.3uF"; VariantName = "[No Variations]"
Add component (AddParameter): Name = "VDC_V"; Value = "10V"; VariantName = "[No Variations]"
Added Component: Designator=C17(0603)
Add component (AddParameter): Name = "AEC Category"; Value = "Q200"; VariantName = "[No Variations]"
Add component (AddParameter): Name = "AEC Grade"; Value = "N/A"; VariantName = "[No Variations]"
Add component (AddParameter): Name = "AEC Qualified"; Value = "N"; VariantName = "[No Variations]"
Add component (AddParameter): Name = "Alternate Manufacturer"; Value = ""; VariantName = "[No Variations]"
Add component (AddParameter): Name = "Alternate PartNumber"; Value = ""; VariantName = "[No Variations]"
Add component (AddParameter): Name = "Cap_Case"; Value = "0603"; VariantName = "[No Variations]"
Add component (AddParameter): Name = "Cap_F"; Value = "3.3µF"; VariantName = "[No Variations]"
Add component (AddParameter): Name = "ComponentLink1Description"; Value = "Datasheet link"; VariantName = "[No Variations]"
Add component (AddParameter): Name = "ComponentLink1URL"; Value = "https://product.tdk.com/en/search/capacitor/ceramic/mlcc/info?part_no=C1608X7S1A335K080AC"; VariantName = "[No Variations]"
Add component (AddParameter): Name = "CompType"; Value = "Capacitor"; VariantName = "[No Variations]"
Add component (AddParameter): Name = "ESR_ohm"; Value = "4.796m"; VariantName = "[No Variations]"
Add component (AddParameter): Name = "IRMS_A"; Value = "2.3752A"; VariantName = "[No Variations]"
Add component (AddParameter): Name = "LatestRevisionDate"; Value = "2017-03-09"; VariantName = "[No Variations]"
Add component (AddParameter): Name = "Manufacturer"; Value = "TDK"; VariantName = "[No Variations]"
Add component (AddParameter): Name = "MountType"; Value = "SMT"; VariantName = "[No Variations]"
Add component (AddParameter): Name = "PackageReference"; Value = "0603"; VariantName = "[No Variations]"
Add component (AddParameter): Name = "PartNumber"; Value = "C1608X7S1A335K080AC"; VariantName = "[No Variations]"
Add component (AddParameter): Name = "Polarized"; Value = "N"; VariantName = "[No Variations]"
Add component (AddParameter): Name = "Published"; Value = "2008-06-19"; VariantName = "[No Variations]"
Add component (AddParameter): Name = "Publisher"; Value = "Texas Instruments"; VariantName = "[No Variations]"
Add component (AddParameter): Name = "RoHS"; Value = "Y"; VariantName = "[No Variations]"
Add component (AddParameter): Name = "SizeArea_mm2"; Value = "1.28"; VariantName = "[No Variations]"
Add component (AddParameter): Name = "SizeAreaWB_mm2"; Value = "4.68"; VariantName = "[No Variations]"
Add component (AddParameter): Name = "SizeX_mm"; Value = "1.6"; VariantName = "[No Variations]"
Add component (AddParameter): Name = "SizeY_mm"; Value = "0.8"; VariantName = "[No Variations]"
Add component (AddParameter): Name = "SizeZ_mm"; Value = "1"; VariantName = "[No Variations]"
Add component (AddParameter): Name = "Supplier 1"; Value = "Digi-Key"; VariantName = "[No Variations]"
Add component (AddParameter): Name = "Supplier 2"; Value = "Newark"; VariantName = "[No Variations]"
Add component (AddParameter): Name = "Supplier 3"; Value = "Mouser"; VariantName = "[No Variations]"
Add component (AddParameter): Name = "Supplier Part Number 1"; Value = "445-14256-1-ND"; VariantName = "[No Variations]"
Add component (AddParameter): Name = "Supplier Part Number 2"; Value = "52X3755"; VariantName = "[No Variations]"
Add component (AddParameter): Name = "Supplier Part Number 3"; Value = "810-C1608X7S1A335K0C"; VariantName = "[No Variations]"
Add component (AddParameter): Name = "TaMax_C"; Value = "125°C"; VariantName = "[No Variations]"
Add component (AddParameter): Name = "TaMin_C"; Value = "-55°C"; VariantName = "[No Variations]"
Add component (AddParameter): Name = "Technology"; Value = "Ceramic"; VariantName = "[No Variations]"
Add component (AddParameter): Name = "TempCo"; Value = "X7S"; VariantName = "[No Variations]"
Add component (AddParameter): Name = "Tolerance_%"; Value = "10%"; VariantName = "[No Variations]"
Add component (AddParameter): Name = "U/M"; Value = "EA"; VariantName = "[No Variations]"
Add component (AddParameter): Name = "Value"; Value = "3.3uF"; VariantName = "[No Variations]"
Add component (AddParameter): Name = "Value1"; Value = "0.004796 ohm"; VariantName = "[No Variations]"
Add component (AddParameter): Name = "Value2"; Value = "10V"; VariantName = "[No Variations]"
Add component (AddParameter): Name = "ValueDisplayed"; Value = "3.3uF"; VariantName = "[No Variations]"
Add component (AddParameter): Name = "VDC_V"; Value = "10V"; VariantName = "[No Variations]"
Added Component: Designator=C18(0603)
Add component (AddParameter): Name = "AEC Category"; Value = "Q200"; VariantName = "[No Variations]"
Add component (AddParameter): Name = "AEC Grade"; Value = "N/A"; VariantName = "[No Variations]"
Add component (AddParameter): Name = "AEC Qualified"; Value = "N"; VariantName = "[No Variations]"
Add component (AddParameter): Name = "Alternate Manufacturer"; Value = ""; VariantName = "[No Variations]"
Add component (AddParameter): Name = "Alternate PartNumber"; Value = ""; VariantName = "[No Variations]"
Add component (AddParameter): Name = "Cap_Case"; Value = "0603"; VariantName = "[No Variations]"
Add component (AddParameter): Name = "Cap_F"; Value = "3.3µF"; VariantName = "[No Variations]"
Add component (AddParameter): Name = "ComponentLink1Description"; Value = "Datasheet link"; VariantName = "[No Variations]"
Add component (AddParameter): Name = "ComponentLink1URL"; Value = "https://product.tdk.com/en/search/capacitor/ceramic/mlcc/info?part_no=C1608X7S1A335K080AC"; VariantName = "[No Variations]"
Add component (AddParameter): Name = "CompType"; Value = "Capacitor"; VariantName = "[No Variations]"
Add component (AddParameter): Name = "ESR_ohm"; Value = "4.796m"; VariantName = "[No Variations]"
Add component (AddParameter): Name = "IRMS_A"; Value = "2.3752A"; VariantName = "[No Variations]"
Add component (AddParameter): Name = "LatestRevisionDate"; Value = "2017-03-09"; VariantName = "[No Variations]"
Add component (AddParameter): Name = "Manufacturer"; Value = "TDK"; VariantName = "[No Variations]"
Add component (AddParameter): Name = "MountType"; Value = "SMT"; VariantName = "[No Variations]"
Add component (AddParameter): Name = "PackageReference"; Value = "0603"; VariantName = "[No Variations]"
Add component (AddParameter): Name = "PartNumber"; Value = "C1608X7S1A335K080AC"; VariantName = "[No Variations]"
Add component (AddParameter): Name = "Polarized"; Value = "N"; VariantName = "[No Variations]"
Add component (AddParameter): Name = "Published"; Value = "2008-06-19"; VariantName = "[No Variations]"
Add component (AddParameter): Name = "Publisher"; Value = "Texas Instruments"; VariantName = "[No Variations]"
Add component (AddParameter): Name = "RoHS"; Value = "Y"; VariantName = "[No Variations]"
Add component (AddParameter): Name = "SizeArea_mm2"; Value = "1.28"; VariantName = "[No Variations]"
Add component (AddParameter): Name = "SizeAreaWB_mm2"; Value = "4.68"; VariantName = "[No Variations]"
Add component (AddParameter): Name = "SizeX_mm"; Value = "1.6"; VariantName = "[No Variations]"
Add component (AddParameter): Name = "SizeY_mm"; Value = "0.8"; VariantName = "[No Variations]"
Add component (AddParameter): Name = "SizeZ_mm"; Value = "1"; VariantName = "[No Variations]"
Add component (AddParameter): Name = "Supplier 1"; Value = "Digi-Key"; VariantName = "[No Variations]"
Add component (AddParameter): Name = "Supplier 2"; Value = "Newark"; VariantName = "[No Variations]"
Add component (AddParameter): Name = "Supplier 3"; Value = "Mouser"; VariantName = "[No Variations]"
Add component (AddParameter): Name = "Supplier Part Number 1"; Value = "445-14256-1-ND"; VariantName = "[No Variations]"
Add component (AddParameter): Name = "Supplier Part Number 2"; Value = "52X3755"; VariantName = "[No Variations]"
Add component (AddParameter): Name = "Supplier Part Number 3"; Value = "810-C1608X7S1A335K0C"; VariantName = "[No Variations]"
Add component (AddParameter): Name = "TaMax_C"; Value = "125°C"; VariantName = "[No Variations]"
Add component (AddParameter): Name = "TaMin_C"; Value = "-55°C"; VariantName = "[No Variations]"
Add component (AddParameter): Name = "Technology"; Value = "Ceramic"; VariantName = "[No Variations]"
Add component (AddParameter): Name = "TempCo"; Value = "X7S"; VariantName = "[No Variations]"
Add component (AddParameter): Name = "Tolerance_%"; Value = "10%"; VariantName = "[No Variations]"
Add component (AddParameter): Name = "U/M"; Value = "EA"; VariantName = "[No Variations]"
Add component (AddParameter): Name = "Value"; Value = "3.3uF"; VariantName = "[No Variations]"
Add component (AddParameter): Name = "Value1"; Value = "0.004796 ohm"; VariantName = "[No Variations]"
Add component (AddParameter): Name = "Value2"; Value = "10V"; VariantName = "[No Variations]"
Add component (AddParameter): Name = "ValueDisplayed"; Value = "3.3uF"; VariantName = "[No Variations]"
Add component (AddParameter): Name = "VDC_V"; Value = "10V"; VariantName = "[No Variations]"
Added Component: Designator=C19(0603)
Add component (AddParameter): Name = "AEC Category"; Value = "Q200"; VariantName = "[No Variations]"
Add component (AddParameter): Name = "AEC Grade"; Value = "N/A"; VariantName = "[No Variations]"
Add component (AddParameter): Name = "AEC Qualified"; Value = "N"; VariantName = "[No Variations]"
Add component (AddParameter): Name = "Alternate Manufacturer"; Value = ""; VariantName = "[No Variations]"
Add component (AddParameter): Name = "Alternate PartNumber"; Value = ""; VariantName = "[No Variations]"
Add component (AddParameter): Name = "Cap_Case"; Value = "0603"; VariantName = "[No Variations]"
Add component (AddParameter): Name = "Cap_F"; Value = "3.3µF"; VariantName = "[No Variations]"
Add component (AddParameter): Name = "ComponentLink1Description"; Value = "Datasheet link"; VariantName = "[No Variations]"
Add component (AddParameter): Name = "ComponentLink1URL"; Value = "https://product.tdk.com/en/search/capacitor/ceramic/mlcc/info?part_no=C1608X7S1A335K080AC"; VariantName = "[No Variations]"
Add component (AddParameter): Name = "CompType"; Value = "Capacitor"; VariantName = "[No Variations]"
Add component (AddParameter): Name = "ESR_ohm"; Value = "4.796m"; VariantName = "[No Variations]"
Add component (AddParameter): Name = "IRMS_A"; Value = "2.3752A"; VariantName = "[No Variations]"
Add component (AddParameter): Name = "LatestRevisionDate"; Value = "2017-03-09"; VariantName = "[No Variations]"
Add component (AddParameter): Name = "Manufacturer"; Value = "TDK"; VariantName = "[No Variations]"
Add component (AddParameter): Name = "MountType"; Value = "SMT"; VariantName = "[No Variations]"
Add component (AddParameter): Name = "PackageReference"; Value = "0603"; VariantName = "[No Variations]"
Add component (AddParameter): Name = "PartNumber"; Value = "C1608X7S1A335K080AC"; VariantName = "[No Variations]"
Add component (AddParameter): Name = "Polarized"; Value = "N"; VariantName = "[No Variations]"
Add component (AddParameter): Name = "Published"; Value = "2008-06-19"; VariantName = "[No Variations]"
Add component (AddParameter): Name = "Publisher"; Value = "Texas Instruments"; VariantName = "[No Variations]"
Add component (AddParameter): Name = "RoHS"; Value = "Y"; VariantName = "[No Variations]"
Add component (AddParameter): Name = "SizeArea_mm2"; Value = "1.28"; VariantName = "[No Variations]"
Add component (AddParameter): Name = "SizeAreaWB_mm2"; Value = "4.68"; VariantName = "[No Variations]"
Add component (AddParameter): Name = "SizeX_mm"; Value = "1.6"; VariantName = "[No Variations]"
Add component (AddParameter): Name = "SizeY_mm"; Value = "0.8"; VariantName = "[No Variations]"
Add component (AddParameter): Name = "SizeZ_mm"; Value = "1"; VariantName = "[No Variations]"
Add component (AddParameter): Name = "Supplier 1"; Value = "Digi-Key"; VariantName = "[No Variations]"
Add component (AddParameter): Name = "Supplier 2"; Value = "Newark"; VariantName = "[No Variations]"
Add component (AddParameter): Name = "Supplier 3"; Value = "Mouser"; VariantName = "[No Variations]"
Add component (AddParameter): Name = "Supplier Part Number 1"; Value = "445-14256-1-ND"; VariantName = "[No Variations]"
Add component (AddParameter): Name = "Supplier Part Number 2"; Value = "52X3755"; VariantName = "[No Variations]"
Add component (AddParameter): Name = "Supplier Part Number 3"; Value = "810-C1608X7S1A335K0C"; VariantName = "[No Variations]"
Add component (AddParameter): Name = "TaMax_C"; Value = "125°C"; VariantName = "[No Variations]"
Add component (AddParameter): Name = "TaMin_C"; Value = "-55°C"; VariantName = "[No Variations]"
Add component (AddParameter): Name = "Technology"; Value = "Ceramic"; VariantName = "[No Variations]"
Add component (AddParameter): Name = "TempCo"; Value = "X7S"; VariantName = "[No Variations]"
Add component (AddParameter): Name = "Tolerance_%"; Value = "10%"; VariantName = "[No Variations]"
Add component (AddParameter): Name = "U/M"; Value = "EA"; VariantName = "[No Variations]"
Add component (AddParameter): Name = "Value"; Value = "3.3uF"; VariantName = "[No Variations]"
Add component (AddParameter): Name = "Value1"; Value = "0.004796 ohm"; VariantName = "[No Variations]"
Add component (AddParameter): Name = "Value2"; Value = "10V"; VariantName = "[No Variations]"
Add component (AddParameter): Name = "ValueDisplayed"; Value = "3.3uF"; VariantName = "[No Variations]"
Add component (AddParameter): Name = "VDC_V"; Value = "10V"; VariantName = "[No Variations]"
Added Component: Designator=C20(0603)
Add component (AddParameter): Name = "AEC Category"; Value = "Q200"; VariantName = "[No Variations]"
Add component (AddParameter): Name = "AEC Grade"; Value = "N/A"; VariantName = "[No Variations]"
Add component (AddParameter): Name = "AEC Qualified"; Value = "N"; VariantName = "[No Variations]"
Add component (AddParameter): Name = "Alternate Manufacturer"; Value = ""; VariantName = "[No Variations]"
Add component (AddParameter): Name = "Alternate PartNumber"; Value = ""; VariantName = "[No Variations]"
Add component (AddParameter): Name = "Cap_Case"; Value = "0603"; VariantName = "[No Variations]"
Add component (AddParameter): Name = "Cap_F"; Value = "3.3µF"; VariantName = "[No Variations]"
Add component (AddParameter): Name = "ComponentLink1Description"; Value = "Datasheet link"; VariantName = "[No Variations]"
Add component (AddParameter): Name = "ComponentLink1URL"; Value = "https://product.tdk.com/en/search/capacitor/ceramic/mlcc/info?part_no=C1608X7S1A335K080AC"; VariantName = "[No Variations]"
Add component (AddParameter): Name = "CompType"; Value = "Capacitor"; VariantName = "[No Variations]"
Add component (AddParameter): Name = "ESR_ohm"; Value = "4.796m"; VariantName = "[No Variations]"
Add component (AddParameter): Name = "IRMS_A"; Value = "2.3752A"; VariantName = "[No Variations]"
Add component (AddParameter): Name = "LatestRevisionDate"; Value = "2017-03-09"; VariantName = "[No Variations]"
Add component (AddParameter): Name = "Manufacturer"; Value = "TDK"; VariantName = "[No Variations]"
Add component (AddParameter): Name = "MountType"; Value = "SMT"; VariantName = "[No Variations]"
Add component (AddParameter): Name = "PackageReference"; Value = "0603"; VariantName = "[No Variations]"
Add component (AddParameter): Name = "PartNumber"; Value = "C1608X7S1A335K080AC"; VariantName = "[No Variations]"
Add component (AddParameter): Name = "Polarized"; Value = "N"; VariantName = "[No Variations]"
Add component (AddParameter): Name = "Published"; Value = "2008-06-19"; VariantName = "[No Variations]"
Add component (AddParameter): Name = "Publisher"; Value = "Texas Instruments"; VariantName = "[No Variations]"
Add component (AddParameter): Name = "RoHS"; Value = "Y"; VariantName = "[No Variations]"
Add component (AddParameter): Name = "SizeArea_mm2"; Value = "1.28"; VariantName = "[No Variations]"
Add component (AddParameter): Name = "SizeAreaWB_mm2"; Value = "4.68"; VariantName = "[No Variations]"
Add component (AddParameter): Name = "SizeX_mm"; Value = "1.6"; VariantName = "[No Variations]"
Add component (AddParameter): Name = "SizeY_mm"; Value = "0.8"; VariantName = "[No Variations]"
Add component (AddParameter): Name = "SizeZ_mm"; Value = "1"; VariantName = "[No Variations]"
Add component (AddParameter): Name = "Supplier 1"; Value = "Digi-Key"; VariantName = "[No Variations]"
Add component (AddParameter): Name = "Supplier 2"; Value = "Newark"; VariantName = "[No Variations]"
Add component (AddParameter): Name = "Supplier 3"; Value = "Mouser"; VariantName = "[No Variations]"
Add component (AddParameter): Name = "Supplier Part Number 1"; Value = "445-14256-1-ND"; VariantName = "[No Variations]"
Add component (AddParameter): Name = "Supplier Part Number 2"; Value = "52X3755"; VariantName = "[No Variations]"
Add component (AddParameter): Name = "Supplier Part Number 3"; Value = "810-C1608X7S1A335K0C"; VariantName = "[No Variations]"
Add component (AddParameter): Name = "TaMax_C"; Value = "125°C"; VariantName = "[No Variations]"
Add component (AddParameter): Name = "TaMin_C"; Value = "-55°C"; VariantName = "[No Variations]"
Add component (AddParameter): Name = "Technology"; Value = "Ceramic"; VariantName = "[No Variations]"
Add component (AddParameter): Name = "TempCo"; Value = "X7S"; VariantName = "[No Variations]"
Add component (AddParameter): Name = "Tolerance_%"; Value = "10%"; VariantName = "[No Variations]"
Add component (AddParameter): Name = "U/M"; Value = "EA"; VariantName = "[No Variations]"
Add component (AddParameter): Name = "Value"; Value = "3.3uF"; VariantName = "[No Variations]"
Add component (AddParameter): Name = "Value1"; Value = "0.004796 ohm"; VariantName = "[No Variations]"
Add component (AddParameter): Name = "Value2"; Value = "10V"; VariantName = "[No Variations]"
Add component (AddParameter): Name = "ValueDisplayed"; Value = "3.3uF"; VariantName = "[No Variations]"
Add component (AddParameter): Name = "VDC_V"; Value = "10V"; VariantName = "[No Variations]"
Added Component: Designator=C21(0603)
Add component (AddParameter): Name = "AEC Category"; Value = "Q200"; VariantName = "[No Variations]"
Add component (AddParameter): Name = "AEC Grade"; Value = "N/A"; VariantName = "[No Variations]"
Add component (AddParameter): Name = "AEC Qualified"; Value = "N"; VariantName = "[No Variations]"
Add component (AddParameter): Name = "Alternate Manufacturer"; Value = ""; VariantName = "[No Variations]"
Add component (AddParameter): Name = "Alternate PartNumber"; Value = ""; VariantName = "[No Variations]"
Add component (AddParameter): Name = "Cap_Case"; Value = "0603"; VariantName = "[No Variations]"
Add component (AddParameter): Name = "Cap_F"; Value = "3.3µF"; VariantName = "[No Variations]"
Add component (AddParameter): Name = "ComponentLink1Description"; Value = "Datasheet link"; VariantName = "[No Variations]"
Add component (AddParameter): Name = "ComponentLink1URL"; Value = "https://product.tdk.com/en/search/capacitor/ceramic/mlcc/info?part_no=C1608X7S1A335K080AC"; VariantName = "[No Variations]"
Add component (AddParameter): Name = "CompType"; Value = "Capacitor"; VariantName = "[No Variations]"
Add component (AddParameter): Name = "ESR_ohm"; Value = "4.796m"; VariantName = "[No Variations]"
Add component (AddParameter): Name = "IRMS_A"; Value = "2.3752A"; VariantName = "[No Variations]"
Add component (AddParameter): Name = "LatestRevisionDate"; Value = "2017-03-09"; VariantName = "[No Variations]"
Add component (AddParameter): Name = "Manufacturer"; Value = "TDK"; VariantName = "[No Variations]"
Add component (AddParameter): Name = "MountType"; Value = "SMT"; VariantName = "[No Variations]"
Add component (AddParameter): Name = "PackageReference"; Value = "0603"; VariantName = "[No Variations]"
Add component (AddParameter): Name = "PartNumber"; Value = "C1608X7S1A335K080AC"; VariantName = "[No Variations]"
Add component (AddParameter): Name = "Polarized"; Value = "N"; VariantName = "[No Variations]"
Add component (AddParameter): Name = "Published"; Value = "2008-06-19"; VariantName = "[No Variations]"
Add component (AddParameter): Name = "Publisher"; Value = "Texas Instruments"; VariantName = "[No Variations]"
Add component (AddParameter): Name = "RoHS"; Value = "Y"; VariantName = "[No Variations]"
Add component (AddParameter): Name = "SizeArea_mm2"; Value = "1.28"; VariantName = "[No Variations]"
Add component (AddParameter): Name = "SizeAreaWB_mm2"; Value = "4.68"; VariantName = "[No Variations]"
Add component (AddParameter): Name = "SizeX_mm"; Value = "1.6"; VariantName = "[No Variations]"
Add component (AddParameter): Name = "SizeY_mm"; Value = "0.8"; VariantName = "[No Variations]"
Add component (AddParameter): Name = "SizeZ_mm"; Value = "1"; VariantName = "[No Variations]"
Add component (AddParameter): Name = "Supplier 1"; Value = "Digi-Key"; VariantName = "[No Variations]"
Add component (AddParameter): Name = "Supplier 2"; Value = "Newark"; VariantName = "[No Variations]"
Add component (AddParameter): Name = "Supplier 3"; Value = "Mouser"; VariantName = "[No Variations]"
Add component (AddParameter): Name = "Supplier Part Number 1"; Value = "445-14256-1-ND"; VariantName = "[No Variations]"
Add component (AddParameter): Name = "Supplier Part Number 2"; Value = "52X3755"; VariantName = "[No Variations]"
Add component (AddParameter): Name = "Supplier Part Number 3"; Value = "810-C1608X7S1A335K0C"; VariantName = "[No Variations]"
Add component (AddParameter): Name = "TaMax_C"; Value = "125°C"; VariantName = "[No Variations]"
Add component (AddParameter): Name = "TaMin_C"; Value = "-55°C"; VariantName = "[No Variations]"
Add component (AddParameter): Name = "Technology"; Value = "Ceramic"; VariantName = "[No Variations]"
Add component (AddParameter): Name = "TempCo"; Value = "X7S"; VariantName = "[No Variations]"
Add component (AddParameter): Name = "Tolerance_%"; Value = "10%"; VariantName = "[No Variations]"
Add component (AddParameter): Name = "U/M"; Value = "EA"; VariantName = "[No Variations]"
Add component (AddParameter): Name = "Value"; Value = "3.3uF"; VariantName = "[No Variations]"
Add component (AddParameter): Name = "Value1"; Value = "0.004796 ohm"; VariantName = "[No Variations]"
Add component (AddParameter): Name = "Value2"; Value = "10V"; VariantName = "[No Variations]"
Add component (AddParameter): Name = "ValueDisplayed"; Value = "3.3uF"; VariantName = "[No Variations]"
Add component (AddParameter): Name = "VDC_V"; Value = "10V"; VariantName = "[No Variations]"
Added Component: Designator=C22(0402)
Add component (AddParameter): Name = "AEC Category"; Value = "Q200"; VariantName = "[No Variations]"
Add component (AddParameter): Name = "AEC Grade"; Value = ""; VariantName = "[No Variations]"
Add component (AddParameter): Name = "AEC Qualified"; Value = "?"; VariantName = "[No Variations]"
Add component (AddParameter): Name = "Alternate Manufacturer"; Value = ""; VariantName = "[No Variations]"
Add component (AddParameter): Name = "Alternate PartNumber"; Value = ""; VariantName = "[No Variations]"
Add component (AddParameter): Name = "Cap_Case"; Value = "0402"; VariantName = "[No Variations]"
Add component (AddParameter): Name = "Cap_F"; Value = "100nF"; VariantName = "[No Variations]"
Add component (AddParameter): Name = "ComponentLink1Description"; Value = "Datasheet link"; VariantName = "[No Variations]"
Add component (AddParameter): Name = "ComponentLink1URL"; Value = "http://search.murata.co.jp/Ceramy/PnsearchViewAction.do?HnOFG=ON&HnNFG=ON&SEL_CNT=50&sLang=en&sKey=GRM155R70J104KA01D&x=9&y=9&search=startwith"; VariantName = "[No Variations]"
Add component (AddParameter): Name = "CompType"; Value = "Capacitor"; VariantName = "[No Variations]"
Add component (AddParameter): Name = "ESR_ohm"; Value = ""; VariantName = "[No Variations]"
Add component (AddParameter): Name = "IRMS_A"; Value = ""; VariantName = "[No Variations]"
Add component (AddParameter): Name = "LatestRevisionDate"; Value = "2017-03-09"; VariantName = "[No Variations]"
Add component (AddParameter): Name = "Manufacturer"; Value = "MuRata"; VariantName = "[No Variations]"
Add component (AddParameter): Name = "MountType"; Value = "SMT"; VariantName = "[No Variations]"
Add component (AddParameter): Name = "PackageReference"; Value = "0402"; VariantName = "[No Variations]"
Add component (AddParameter): Name = "PartNumber"; Value = "GRM155R70J104KA01D"; VariantName = "[No Variations]"
Add component (AddParameter): Name = "Polarized"; Value = "N"; VariantName = "[No Variations]"
Add component (AddParameter): Name = "Published"; Value = "2008-06-19"; VariantName = "[No Variations]"
Add component (AddParameter): Name = "Publisher"; Value = "Texas Instruments"; VariantName = "[No Variations]"
Add component (AddParameter): Name = "RoHS"; Value = "Y"; VariantName = "[No Variations]"
Add component (AddParameter): Name = "SizeArea_mm2"; Value = "0.5"; VariantName = "[No Variations]"
Add component (AddParameter): Name = "SizeAreaWB_mm2"; Value = "3"; VariantName = "[No Variations]"
Add component (AddParameter): Name = "SizeX_mm"; Value = "1"; VariantName = "[No Variations]"
Add component (AddParameter): Name = "SizeY_mm"; Value = "0.5"; VariantName = "[No Variations]"
Add component (AddParameter): Name = "SizeZ_mm"; Value = "0.6"; VariantName = "[No Variations]"
Add component (AddParameter): Name = "Supplier 1"; Value = "Digi-Key"; VariantName = "[No Variations]"
Add component (AddParameter): Name = "Supplier 2"; Value = "Mouser"; VariantName = "[No Variations]"
Add component (AddParameter): Name = "Supplier 3"; Value = ""; VariantName = "[No Variations]"
Add component (AddParameter): Name = "Supplier Part Number 1"; Value = "GRM155R70J104KA01D-ND"; VariantName = "[No Variations]"
Add component (AddParameter): Name = "Supplier Part Number 2"; Value = "81-GRM155R70J104KA1D"; VariantName = "[No Variations]"
Add component (AddParameter): Name = "Supplier Part Number 3"; Value = ""; VariantName = "[No Variations]"
Add component (AddParameter): Name = "TaMax_C"; Value = "125°C"; VariantName = "[No Variations]"
Add component (AddParameter): Name = "TaMin_C"; Value = "-55°C"; VariantName = "[No Variations]"
Add component (AddParameter): Name = "Technology"; Value = "Ceramic"; VariantName = "[No Variations]"
Add component (AddParameter): Name = "TempCo"; Value = "X7R"; VariantName = "[No Variations]"
Add component (AddParameter): Name = "Tolerance_%"; Value = "10%"; VariantName = "[No Variations]"
Add component (AddParameter): Name = "U/M"; Value = "EA"; VariantName = "[No Variations]"
Add component (AddParameter): Name = "Value"; Value = "0.1uF"; VariantName = "[No Variations]"
Add component (AddParameter): Name = "Value1"; Value = "Unknown"; VariantName = "[No Variations]"
Add component (AddParameter): Name = "Value2"; Value = "6.3V"; VariantName = "[No Variations]"
Add component (AddParameter): Name = "ValueDisplayed"; Value = "0.1uF"; VariantName = "[No Variations]"
Add component (AddParameter): Name = "VDC_V"; Value = "6.3V"; VariantName = "[No Variations]"
Added Component: Designator=C23(0402)
Add component (AddParameter): Name = "AEC Category"; Value = "Q200"; VariantName = "[No Variations]"
Add component (AddParameter): Name = "AEC Grade"; Value = ""; VariantName = "[No Variations]"
Add component (AddParameter): Name = "AEC Qualified"; Value = "?"; VariantName = "[No Variations]"
Add component (AddParameter): Name = "Alternate Manufacturer"; Value = ""; VariantName = "[No Variations]"
Add component (AddParameter): Name = "Alternate PartNumber"; Value = ""; VariantName = "[No Variations]"
Add component (AddParameter): Name = "Cap_Case"; Value = "0402"; VariantName = "[No Variations]"
Add component (AddParameter): Name = "Cap_F"; Value = "100nF"; VariantName = "[No Variations]"
Add component (AddParameter): Name = "ComponentLink1Description"; Value = "Datasheet link"; VariantName = "[No Variations]"
Add component (AddParameter): Name = "ComponentLink1URL"; Value = "http://search.murata.co.jp/Ceramy/PnsearchViewAction.do?HnOFG=ON&HnNFG=ON&SEL_CNT=50&sLang=en&sKey=GRM155R70J104KA01D&x=9&y=9&search=startwith"; VariantName = "[No Variations]"
Add component (AddParameter): Name = "CompType"; Value = "Capacitor"; VariantName = "[No Variations]"
Add component (AddParameter): Name = "ESR_ohm"; Value = ""; VariantName = "[No Variations]"
Add component (AddParameter): Name = "IRMS_A"; Value = ""; VariantName = "[No Variations]"
Add component (AddParameter): Name = "LatestRevisionDate"; Value = "2017-03-09"; VariantName = "[No Variations]"
Add component (AddParameter): Name = "Manufacturer"; Value = "MuRata"; VariantName = "[No Variations]"
Add component (AddParameter): Name = "MountType"; Value = "SMT"; VariantName = "[No Variations]"
Add component (AddParameter): Name = "PackageReference"; Value = "0402"; VariantName = "[No Variations]"
Add component (AddParameter): Name = "PartNumber"; Value = "GRM155R70J104KA01D"; VariantName = "[No Variations]"
Add component (AddParameter): Name = "Polarized"; Value = "N"; VariantName = "[No Variations]"
Add component (AddParameter): Name = "Published"; Value = "2008-06-19"; VariantName = "[No Variations]"
Add component (AddParameter): Name = "Publisher"; Value = "Texas Instruments"; VariantName = "[No Variations]"
Add component (AddParameter): Name = "RoHS"; Value = "Y"; VariantName = "[No Variations]"
Add component (AddParameter): Name = "SizeArea_mm2"; Value = "0.5"; VariantName = "[No Variations]"
Add component (AddParameter): Name = "SizeAreaWB_mm2"; Value = "3"; VariantName = "[No Variations]"
Add component (AddParameter): Name = "SizeX_mm"; Value = "1"; VariantName = "[No Variations]"
Add component (AddParameter): Name = "SizeY_mm"; Value = "0.5"; VariantName = "[No Variations]"
Add component (AddParameter): Name = "SizeZ_mm"; Value = "0.6"; VariantName = "[No Variations]"
Add component (AddParameter): Name = "Supplier 1"; Value = "Digi-Key"; VariantName = "[No Variations]"
Add component (AddParameter): Name = "Supplier 2"; Value = "Mouser"; VariantName = "[No Variations]"
Add component (AddParameter): Name = "Supplier 3"; Value = ""; VariantName = "[No Variations]"
Add component (AddParameter): Name = "Supplier Part Number 1"; Value = "GRM155R70J104KA01D-ND"; VariantName = "[No Variations]"
Add component (AddParameter): Name = "Supplier Part Number 2"; Value = "81-GRM155R70J104KA1D"; VariantName = "[No Variations]"
Add component (AddParameter): Name = "Supplier Part Number 3"; Value = ""; VariantName = "[No Variations]"
Add component (AddParameter): Name = "TaMax_C"; Value = "125°C"; VariantName = "[No Variations]"
Add component (AddParameter): Name = "TaMin_C"; Value = "-55°C"; VariantName = "[No Variations]"
Add component (AddParameter): Name = "Technology"; Value = "Ceramic"; VariantName = "[No Variations]"
Add component (AddParameter): Name = "TempCo"; Value = "X7R"; VariantName = "[No Variations]"
Add component (AddParameter): Name = "Tolerance_%"; Value = "10%"; VariantName = "[No Variations]"
Add component (AddParameter): Name = "U/M"; Value = "EA"; VariantName = "[No Variations]"
Add component (AddParameter): Name = "Value"; Value = "0.1uF"; VariantName = "[No Variations]"
Add component (AddParameter): Name = "Value1"; Value = "Unknown"; VariantName = "[No Variations]"
Add component (AddParameter): Name = "Value2"; Value = "6.3V"; VariantName = "[No Variations]"
Add component (AddParameter): Name = "ValueDisplayed"; Value = "0.1uF"; VariantName = "[No Variations]"
Add component (AddParameter): Name = "VDC_V"; Value = "6.3V"; VariantName = "[No Variations]"
Added Component: Designator=C24(0402)
Add component (AddParameter): Name = "AEC Category"; Value = "Q200"; VariantName = "[No Variations]"
Add component (AddParameter): Name = "AEC Grade"; Value = ""; VariantName = "[No Variations]"
Add component (AddParameter): Name = "AEC Qualified"; Value = "?"; VariantName = "[No Variations]"
Add component (AddParameter): Name = "Alternate Manufacturer"; Value = ""; VariantName = "[No Variations]"
Add component (AddParameter): Name = "Alternate PartNumber"; Value = ""; VariantName = "[No Variations]"
Add component (AddParameter): Name = "Cap_Case"; Value = "0402"; VariantName = "[No Variations]"
Add component (AddParameter): Name = "Cap_F"; Value = "100nF"; VariantName = "[No Variations]"
Add component (AddParameter): Name = "ComponentLink1Description"; Value = "Datasheet link"; VariantName = "[No Variations]"
Add component (AddParameter): Name = "ComponentLink1URL"; Value = "http://search.murata.co.jp/Ceramy/PnsearchViewAction.do?HnOFG=ON&HnNFG=ON&SEL_CNT=50&sLang=en&sKey=GRM155R70J104KA01D&x=9&y=9&search=startwith"; VariantName = "[No Variations]"
Add component (AddParameter): Name = "CompType"; Value = "Capacitor"; VariantName = "[No Variations]"
Add component (AddParameter): Name = "ESR_ohm"; Value = ""; VariantName = "[No Variations]"
Add component (AddParameter): Name = "IRMS_A"; Value = ""; VariantName = "[No Variations]"
Add component (AddParameter): Name = "LatestRevisionDate"; Value = "2017-03-09"; VariantName = "[No Variations]"
Add component (AddParameter): Name = "Manufacturer"; Value = "MuRata"; VariantName = "[No Variations]"
Add component (AddParameter): Name = "MountType"; Value = "SMT"; VariantName = "[No Variations]"
Add component (AddParameter): Name = "PackageReference"; Value = "0402"; VariantName = "[No Variations]"
Add component (AddParameter): Name = "PartNumber"; Value = "GRM155R70J104KA01D"; VariantName = "[No Variations]"
Add component (AddParameter): Name = "Polarized"; Value = "N"; VariantName = "[No Variations]"
Add component (AddParameter): Name = "Published"; Value = "2008-06-19"; VariantName = "[No Variations]"
Add component (AddParameter): Name = "Publisher"; Value = "Texas Instruments"; VariantName = "[No Variations]"
Add component (AddParameter): Name = "RoHS"; Value = "Y"; VariantName = "[No Variations]"
Add component (AddParameter): Name = "SizeArea_mm2"; Value = "0.5"; VariantName = "[No Variations]"
Add component (AddParameter): Name = "SizeAreaWB_mm2"; Value = "3"; VariantName = "[No Variations]"
Add component (AddParameter): Name = "SizeX_mm"; Value = "1"; VariantName = "[No Variations]"
Add component (AddParameter): Name = "SizeY_mm"; Value = "0.5"; VariantName = "[No Variations]"
Add component (AddParameter): Name = "SizeZ_mm"; Value = "0.6"; VariantName = "[No Variations]"
Add component (AddParameter): Name = "Supplier 1"; Value = "Digi-Key"; VariantName = "[No Variations]"
Add component (AddParameter): Name = "Supplier 2"; Value = "Mouser"; VariantName = "[No Variations]"
Add component (AddParameter): Name = "Supplier 3"; Value = ""; VariantName = "[No Variations]"
Add component (AddParameter): Name = "Supplier Part Number 1"; Value = "GRM155R70J104KA01D-ND"; VariantName = "[No Variations]"
Add component (AddParameter): Name = "Supplier Part Number 2"; Value = "81-GRM155R70J104KA1D"; VariantName = "[No Variations]"
Add component (AddParameter): Name = "Supplier Part Number 3"; Value = ""; VariantName = "[No Variations]"
Add component (AddParameter): Name = "TaMax_C"; Value = "125°C"; VariantName = "[No Variations]"
Add component (AddParameter): Name = "TaMin_C"; Value = "-55°C"; VariantName = "[No Variations]"
Add component (AddParameter): Name = "Technology"; Value = "Ceramic"; VariantName = "[No Variations]"
Add component (AddParameter): Name = "TempCo"; Value = "X7R"; VariantName = "[No Variations]"
Add component (AddParameter): Name = "Tolerance_%"; Value = "10%"; VariantName = "[No Variations]"
Add component (AddParameter): Name = "U/M"; Value = "EA"; VariantName = "[No Variations]"
Add component (AddParameter): Name = "Value"; Value = "0.1uF"; VariantName = "[No Variations]"
Add component (AddParameter): Name = "Value1"; Value = "Unknown"; VariantName = "[No Variations]"
Add component (AddParameter): Name = "Value2"; Value = "6.3V"; VariantName = "[No Variations]"
Add component (AddParameter): Name = "ValueDisplayed"; Value = "0.1uF"; VariantName = "[No Variations]"
Add component (AddParameter): Name = "VDC_V"; Value = "6.3V"; VariantName = "[No Variations]"
Added Component: Designator=C25(0402)
Add component (AddParameter): Name = "AEC Category"; Value = "Q200"; VariantName = "[No Variations]"
Add component (AddParameter): Name = "AEC Grade"; Value = ""; VariantName = "[No Variations]"
Add component (AddParameter): Name = "AEC Qualified"; Value = "?"; VariantName = "[No Variations]"
Add component (AddParameter): Name = "Alternate Manufacturer"; Value = ""; VariantName = "[No Variations]"
Add component (AddParameter): Name = "Alternate PartNumber"; Value = ""; VariantName = "[No Variations]"
Add component (AddParameter): Name = "Cap_Case"; Value = "0402"; VariantName = "[No Variations]"
Add component (AddParameter): Name = "Cap_F"; Value = "100nF"; VariantName = "[No Variations]"
Add component (AddParameter): Name = "ComponentLink1Description"; Value = "Datasheet link"; VariantName = "[No Variations]"
Add component (AddParameter): Name = "ComponentLink1URL"; Value = "http://search.murata.co.jp/Ceramy/PnsearchViewAction.do?HnOFG=ON&HnNFG=ON&SEL_CNT=50&sLang=en&sKey=GRM155R70J104KA01D&x=9&y=9&search=startwith"; VariantName = "[No Variations]"
Add component (AddParameter): Name = "CompType"; Value = "Capacitor"; VariantName = "[No Variations]"
Add component (AddParameter): Name = "ESR_ohm"; Value = ""; VariantName = "[No Variations]"
Add component (AddParameter): Name = "IRMS_A"; Value = ""; VariantName = "[No Variations]"
Add component (AddParameter): Name = "LatestRevisionDate"; Value = "2017-03-09"; VariantName = "[No Variations]"
Add component (AddParameter): Name = "Manufacturer"; Value = "MuRata"; VariantName = "[No Variations]"
Add component (AddParameter): Name = "MountType"; Value = "SMT"; VariantName = "[No Variations]"
Add component (AddParameter): Name = "PackageReference"; Value = "0402"; VariantName = "[No Variations]"
Add component (AddParameter): Name = "PartNumber"; Value = "GRM155R70J104KA01D"; VariantName = "[No Variations]"
Add component (AddParameter): Name = "Polarized"; Value = "N"; VariantName = "[No Variations]"
Add component (AddParameter): Name = "Published"; Value = "2008-06-19"; VariantName = "[No Variations]"
Add component (AddParameter): Name = "Publisher"; Value = "Texas Instruments"; VariantName = "[No Variations]"
Add component (AddParameter): Name = "RoHS"; Value = "Y"; VariantName = "[No Variations]"
Add component (AddParameter): Name = "SizeArea_mm2"; Value = "0.5"; VariantName = "[No Variations]"
Add component (AddParameter): Name = "SizeAreaWB_mm2"; Value = "3"; VariantName = "[No Variations]"
Add component (AddParameter): Name = "SizeX_mm"; Value = "1"; VariantName = "[No Variations]"
Add component (AddParameter): Name = "SizeY_mm"; Value = "0.5"; VariantName = "[No Variations]"
Add component (AddParameter): Name = "SizeZ_mm"; Value = "0.6"; VariantName = "[No Variations]"
Add component (AddParameter): Name = "Supplier 1"; Value = "Digi-Key"; VariantName = "[No Variations]"
Add component (AddParameter): Name = "Supplier 2"; Value = "Mouser"; VariantName = "[No Variations]"
Add component (AddParameter): Name = "Supplier 3"; Value = ""; VariantName = "[No Variations]"
Add component (AddParameter): Name = "Supplier Part Number 1"; Value = "GRM155R70J104KA01D-ND"; VariantName = "[No Variations]"
Add component (AddParameter): Name = "Supplier Part Number 2"; Value = "81-GRM155R70J104KA1D"; VariantName = "[No Variations]"
Add component (AddParameter): Name = "Supplier Part Number 3"; Value = ""; VariantName = "[No Variations]"
Add component (AddParameter): Name = "TaMax_C"; Value = "125°C"; VariantName = "[No Variations]"
Add component (AddParameter): Name = "TaMin_C"; Value = "-55°C"; VariantName = "[No Variations]"
Add component (AddParameter): Name = "Technology"; Value = "Ceramic"; VariantName = "[No Variations]"
Add component (AddParameter): Name = "TempCo"; Value = "X7R"; VariantName = "[No Variations]"
Add component (AddParameter): Name = "Tolerance_%"; Value = "10%"; VariantName = "[No Variations]"
Add component (AddParameter): Name = "U/M"; Value = "EA"; VariantName = "[No Variations]"
Add component (AddParameter): Name = "Value"; Value = "0.1uF"; VariantName = "[No Variations]"
Add component (AddParameter): Name = "Value1"; Value = "Unknown"; VariantName = "[No Variations]"
Add component (AddParameter): Name = "Value2"; Value = "6.3V"; VariantName = "[No Variations]"
Add component (AddParameter): Name = "ValueDisplayed"; Value = "0.1uF"; VariantName = "[No Variations]"
Add component (AddParameter): Name = "VDC_V"; Value = "6.3V"; VariantName = "[No Variations]"
Added Component: Designator=C26(0402)
Add component (AddParameter): Name = "AEC Category"; Value = "Q200"; VariantName = "[No Variations]"
Add component (AddParameter): Name = "AEC Grade"; Value = ""; VariantName = "[No Variations]"
Add component (AddParameter): Name = "AEC Qualified"; Value = "?"; VariantName = "[No Variations]"
Add component (AddParameter): Name = "Alternate Manufacturer"; Value = ""; VariantName = "[No Variations]"
Add component (AddParameter): Name = "Alternate PartNumber"; Value = ""; VariantName = "[No Variations]"
Add component (AddParameter): Name = "Cap_Case"; Value = "0402"; VariantName = "[No Variations]"
Add component (AddParameter): Name = "Cap_F"; Value = "100nF"; VariantName = "[No Variations]"
Add component (AddParameter): Name = "ComponentLink1Description"; Value = "Datasheet link"; VariantName = "[No Variations]"
Add component (AddParameter): Name = "ComponentLink1URL"; Value = "http://search.murata.co.jp/Ceramy/PnsearchViewAction.do?HnOFG=ON&HnNFG=ON&SEL_CNT=50&sLang=en&sKey=GRM155R70J104KA01D&x=9&y=9&search=startwith"; VariantName = "[No Variations]"
Add component (AddParameter): Name = "CompType"; Value = "Capacitor"; VariantName = "[No Variations]"
Add component (AddParameter): Name = "ESR_ohm"; Value = ""; VariantName = "[No Variations]"
Add component (AddParameter): Name = "IRMS_A"; Value = ""; VariantName = "[No Variations]"
Add component (AddParameter): Name = "LatestRevisionDate"; Value = "2017-03-09"; VariantName = "[No Variations]"
Add component (AddParameter): Name = "Manufacturer"; Value = "MuRata"; VariantName = "[No Variations]"
Add component (AddParameter): Name = "MountType"; Value = "SMT"; VariantName = "[No Variations]"
Add component (AddParameter): Name = "PackageReference"; Value = "0402"; VariantName = "[No Variations]"
Add component (AddParameter): Name = "PartNumber"; Value = "GRM155R70J104KA01D"; VariantName = "[No Variations]"
Add component (AddParameter): Name = "Polarized"; Value = "N"; VariantName = "[No Variations]"
Add component (AddParameter): Name = "Published"; Value = "2008-06-19"; VariantName = "[No Variations]"
Add component (AddParameter): Name = "Publisher"; Value = "Texas Instruments"; VariantName = "[No Variations]"
Add component (AddParameter): Name = "RoHS"; Value = "Y"; VariantName = "[No Variations]"
Add component (AddParameter): Name = "SizeArea_mm2"; Value = "0.5"; VariantName = "[No Variations]"
Add component (AddParameter): Name = "SizeAreaWB_mm2"; Value = "3"; VariantName = "[No Variations]"
Add component (AddParameter): Name = "SizeX_mm"; Value = "1"; VariantName = "[No Variations]"
Add component (AddParameter): Name = "SizeY_mm"; Value = "0.5"; VariantName = "[No Variations]"
Add component (AddParameter): Name = "SizeZ_mm"; Value = "0.6"; VariantName = "[No Variations]"
Add component (AddParameter): Name = "Supplier 1"; Value = "Digi-Key"; VariantName = "[No Variations]"
Add component (AddParameter): Name = "Supplier 2"; Value = "Mouser"; VariantName = "[No Variations]"
Add component (AddParameter): Name = "Supplier 3"; Value = ""; VariantName = "[No Variations]"
Add component (AddParameter): Name = "Supplier Part Number 1"; Value = "GRM155R70J104KA01D-ND"; VariantName = "[No Variations]"
Add component (AddParameter): Name = "Supplier Part Number 2"; Value = "81-GRM155R70J104KA1D"; VariantName = "[No Variations]"
Add component (AddParameter): Name = "Supplier Part Number 3"; Value = ""; VariantName = "[No Variations]"
Add component (AddParameter): Name = "TaMax_C"; Value = "125°C"; VariantName = "[No Variations]"
Add component (AddParameter): Name = "TaMin_C"; Value = "-55°C"; VariantName = "[No Variations]"
Add component (AddParameter): Name = "Technology"; Value = "Ceramic"; VariantName = "[No Variations]"
Add component (AddParameter): Name = "TempCo"; Value = "X7R"; VariantName = "[No Variations]"
Add component (AddParameter): Name = "Tolerance_%"; Value = "10%"; VariantName = "[No Variations]"
Add component (AddParameter): Name = "U/M"; Value = "EA"; VariantName = "[No Variations]"
Add component (AddParameter): Name = "Value"; Value = "0.1uF"; VariantName = "[No Variations]"
Add component (AddParameter): Name = "Value1"; Value = "Unknown"; VariantName = "[No Variations]"
Add component (AddParameter): Name = "Value2"; Value = "6.3V"; VariantName = "[No Variations]"
Add component (AddParameter): Name = "ValueDisplayed"; Value = "0.1uF"; VariantName = "[No Variations]"
Add component (AddParameter): Name = "VDC_V"; Value = "6.3V"; VariantName = "[No Variations]"
Added Component: Designator=C27(0402)
Add component (AddParameter): Name = "AEC Category"; Value = "Q200"; VariantName = "[No Variations]"
Add component (AddParameter): Name = "AEC Grade"; Value = ""; VariantName = "[No Variations]"
Add component (AddParameter): Name = "AEC Qualified"; Value = "?"; VariantName = "[No Variations]"
Add component (AddParameter): Name = "Alternate Manufacturer"; Value = ""; VariantName = "[No Variations]"
Add component (AddParameter): Name = "Alternate PartNumber"; Value = ""; VariantName = "[No Variations]"
Add component (AddParameter): Name = "Cap_Case"; Value = "0402"; VariantName = "[No Variations]"
Add component (AddParameter): Name = "Cap_F"; Value = "100nF"; VariantName = "[No Variations]"
Add component (AddParameter): Name = "ComponentLink1Description"; Value = "Datasheet link"; VariantName = "[No Variations]"
Add component (AddParameter): Name = "ComponentLink1URL"; Value = "http://search.murata.co.jp/Ceramy/PnsearchViewAction.do?HnOFG=ON&HnNFG=ON&SEL_CNT=50&sLang=en&sKey=GRM155R70J104KA01D&x=9&y=9&search=startwith"; VariantName = "[No Variations]"
Add component (AddParameter): Name = "CompType"; Value = "Capacitor"; VariantName = "[No Variations]"
Add component (AddParameter): Name = "ESR_ohm"; Value = ""; VariantName = "[No Variations]"
Add component (AddParameter): Name = "IRMS_A"; Value = ""; VariantName = "[No Variations]"
Add component (AddParameter): Name = "LatestRevisionDate"; Value = "2017-03-09"; VariantName = "[No Variations]"
Add component (AddParameter): Name = "Manufacturer"; Value = "MuRata"; VariantName = "[No Variations]"
Add component (AddParameter): Name = "MountType"; Value = "SMT"; VariantName = "[No Variations]"
Add component (AddParameter): Name = "PackageReference"; Value = "0402"; VariantName = "[No Variations]"
Add component (AddParameter): Name = "PartNumber"; Value = "GRM155R70J104KA01D"; VariantName = "[No Variations]"
Add component (AddParameter): Name = "Polarized"; Value = "N"; VariantName = "[No Variations]"
Add component (AddParameter): Name = "Published"; Value = "2008-06-19"; VariantName = "[No Variations]"
Add component (AddParameter): Name = "Publisher"; Value = "Texas Instruments"; VariantName = "[No Variations]"
Add component (AddParameter): Name = "RoHS"; Value = "Y"; VariantName = "[No Variations]"
Add component (AddParameter): Name = "SizeArea_mm2"; Value = "0.5"; VariantName = "[No Variations]"
Add component (AddParameter): Name = "SizeAreaWB_mm2"; Value = "3"; VariantName = "[No Variations]"
Add component (AddParameter): Name = "SizeX_mm"; Value = "1"; VariantName = "[No Variations]"
Add component (AddParameter): Name = "SizeY_mm"; Value = "0.5"; VariantName = "[No Variations]"
Add component (AddParameter): Name = "SizeZ_mm"; Value = "0.6"; VariantName = "[No Variations]"
Add component (AddParameter): Name = "Supplier 1"; Value = "Digi-Key"; VariantName = "[No Variations]"
Add component (AddParameter): Name = "Supplier 2"; Value = "Mouser"; VariantName = "[No Variations]"
Add component (AddParameter): Name = "Supplier 3"; Value = ""; VariantName = "[No Variations]"
Add component (AddParameter): Name = "Supplier Part Number 1"; Value = "GRM155R70J104KA01D-ND"; VariantName = "[No Variations]"
Add component (AddParameter): Name = "Supplier Part Number 2"; Value = "81-GRM155R70J104KA1D"; VariantName = "[No Variations]"
Add component (AddParameter): Name = "Supplier Part Number 3"; Value = ""; VariantName = "[No Variations]"
Add component (AddParameter): Name = "TaMax_C"; Value = "125°C"; VariantName = "[No Variations]"
Add component (AddParameter): Name = "TaMin_C"; Value = "-55°C"; VariantName = "[No Variations]"
Add component (AddParameter): Name = "Technology"; Value = "Ceramic"; VariantName = "[No Variations]"
Add component (AddParameter): Name = "TempCo"; Value = "X7R"; VariantName = "[No Variations]"
Add component (AddParameter): Name = "Tolerance_%"; Value = "10%"; VariantName = "[No Variations]"
Add component (AddParameter): Name = "U/M"; Value = "EA"; VariantName = "[No Variations]"
Add component (AddParameter): Name = "Value"; Value = "0.1uF"; VariantName = "[No Variations]"
Add component (AddParameter): Name = "Value1"; Value = "Unknown"; VariantName = "[No Variations]"
Add component (AddParameter): Name = "Value2"; Value = "6.3V"; VariantName = "[No Variations]"
Add component (AddParameter): Name = "ValueDisplayed"; Value = "0.1uF"; VariantName = "[No Variations]"
Add component (AddParameter): Name = "VDC_V"; Value = "6.3V"; VariantName = "[No Variations]"
Added Component: Designator=C28(0402)
Add component (AddParameter): Name = "AEC Category"; Value = "Q200"; VariantName = "[No Variations]"
Add component (AddParameter): Name = "AEC Grade"; Value = ""; VariantName = "[No Variations]"
Add component (AddParameter): Name = "AEC Qualified"; Value = "?"; VariantName = "[No Variations]"
Add component (AddParameter): Name = "Alternate Manufacturer"; Value = ""; VariantName = "[No Variations]"
Add component (AddParameter): Name = "Alternate PartNumber"; Value = ""; VariantName = "[No Variations]"
Add component (AddParameter): Name = "Cap_Case"; Value = "0402"; VariantName = "[No Variations]"
Add component (AddParameter): Name = "Cap_F"; Value = "100nF"; VariantName = "[No Variations]"
Add component (AddParameter): Name = "ComponentLink1Description"; Value = "Datasheet link"; VariantName = "[No Variations]"
Add component (AddParameter): Name = "ComponentLink1URL"; Value = "http://search.murata.co.jp/Ceramy/PnsearchViewAction.do?HnOFG=ON&HnNFG=ON&SEL_CNT=50&sLang=en&sKey=GRM155R70J104KA01D&x=9&y=9&search=startwith"; VariantName = "[No Variations]"
Add component (AddParameter): Name = "CompType"; Value = "Capacitor"; VariantName = "[No Variations]"
Add component (AddParameter): Name = "ESR_ohm"; Value = ""; VariantName = "[No Variations]"
Add component (AddParameter): Name = "IRMS_A"; Value = ""; VariantName = "[No Variations]"
Add component (AddParameter): Name = "LatestRevisionDate"; Value = "2017-03-09"; VariantName = "[No Variations]"
Add component (AddParameter): Name = "Manufacturer"; Value = "MuRata"; VariantName = "[No Variations]"
Add component (AddParameter): Name = "MountType"; Value = "SMT"; VariantName = "[No Variations]"
Add component (AddParameter): Name = "PackageReference"; Value = "0402"; VariantName = "[No Variations]"
Add component (AddParameter): Name = "PartNumber"; Value = "GRM155R70J104KA01D"; VariantName = "[No Variations]"
Add component (AddParameter): Name = "Polarized"; Value = "N"; VariantName = "[No Variations]"
Add component (AddParameter): Name = "Published"; Value = "2008-06-19"; VariantName = "[No Variations]"
Add component (AddParameter): Name = "Publisher"; Value = "Texas Instruments"; VariantName = "[No Variations]"
Add component (AddParameter): Name = "RoHS"; Value = "Y"; VariantName = "[No Variations]"
Add component (AddParameter): Name = "SizeArea_mm2"; Value = "0.5"; VariantName = "[No Variations]"
Add component (AddParameter): Name = "SizeAreaWB_mm2"; Value = "3"; VariantName = "[No Variations]"
Add component (AddParameter): Name = "SizeX_mm"; Value = "1"; VariantName = "[No Variations]"
Add component (AddParameter): Name = "SizeY_mm"; Value = "0.5"; VariantName = "[No Variations]"
Add component (AddParameter): Name = "SizeZ_mm"; Value = "0.6"; VariantName = "[No Variations]"
Add component (AddParameter): Name = "Supplier 1"; Value = "Digi-Key"; VariantName = "[No Variations]"
Add component (AddParameter): Name = "Supplier 2"; Value = "Mouser"; VariantName = "[No Variations]"
Add component (AddParameter): Name = "Supplier 3"; Value = ""; VariantName = "[No Variations]"
Add component (AddParameter): Name = "Supplier Part Number 1"; Value = "GRM155R70J104KA01D-ND"; VariantName = "[No Variations]"
Add component (AddParameter): Name = "Supplier Part Number 2"; Value = "81-GRM155R70J104KA1D"; VariantName = "[No Variations]"
Add component (AddParameter): Name = "Supplier Part Number 3"; Value = ""; VariantName = "[No Variations]"
Add component (AddParameter): Name = "TaMax_C"; Value = "125°C"; VariantName = "[No Variations]"
Add component (AddParameter): Name = "TaMin_C"; Value = "-55°C"; VariantName = "[No Variations]"
Add component (AddParameter): Name = "Technology"; Value = "Ceramic"; VariantName = "[No Variations]"
Add component (AddParameter): Name = "TempCo"; Value = "X7R"; VariantName = "[No Variations]"
Add component (AddParameter): Name = "Tolerance_%"; Value = "10%"; VariantName = "[No Variations]"
Add component (AddParameter): Name = "U/M"; Value = "EA"; VariantName = "[No Variations]"
Add component (AddParameter): Name = "Value"; Value = "0.1uF"; VariantName = "[No Variations]"
Add component (AddParameter): Name = "Value1"; Value = "Unknown"; VariantName = "[No Variations]"
Add component (AddParameter): Name = "Value2"; Value = "6.3V"; VariantName = "[No Variations]"
Add component (AddParameter): Name = "ValueDisplayed"; Value = "0.1uF"; VariantName = "[No Variations]"
Add component (AddParameter): Name = "VDC_V"; Value = "6.3V"; VariantName = "[No Variations]"
Added Component: Designator=C29(0603)
Add component (AddParameter): Name = "AEC Category"; Value = "Q200"; VariantName = "[No Variations]"
Add component (AddParameter): Name = "AEC Grade"; Value = "N/A"; VariantName = "[No Variations]"
Add component (AddParameter): Name = "AEC Qualified"; Value = "N"; VariantName = "[No Variations]"
Add component (AddParameter): Name = "Alternate Manufacturer"; Value = ""; VariantName = "[No Variations]"
Add component (AddParameter): Name = "Alternate PartNumber"; Value = ""; VariantName = "[No Variations]"
Add component (AddParameter): Name = "Cap_Case"; Value = "0603"; VariantName = "[No Variations]"
Add component (AddParameter): Name = "Cap_F"; Value = "3.3µF"; VariantName = "[No Variations]"
Add component (AddParameter): Name = "ComponentLink1Description"; Value = "Datasheet link"; VariantName = "[No Variations]"
Add component (AddParameter): Name = "ComponentLink1URL"; Value = "https://product.tdk.com/en/search/capacitor/ceramic/mlcc/info?part_no=C1608X7S1A335K080AC"; VariantName = "[No Variations]"
Add component (AddParameter): Name = "CompType"; Value = "Capacitor"; VariantName = "[No Variations]"
Add component (AddParameter): Name = "ESR_ohm"; Value = "4.796m"; VariantName = "[No Variations]"
Add component (AddParameter): Name = "IRMS_A"; Value = "2.3752A"; VariantName = "[No Variations]"
Add component (AddParameter): Name = "LatestRevisionDate"; Value = "2017-03-09"; VariantName = "[No Variations]"
Add component (AddParameter): Name = "Manufacturer"; Value = "TDK"; VariantName = "[No Variations]"
Add component (AddParameter): Name = "MountType"; Value = "SMT"; VariantName = "[No Variations]"
Add component (AddParameter): Name = "PackageReference"; Value = "0603"; VariantName = "[No Variations]"
Add component (AddParameter): Name = "PartNumber"; Value = "C1608X7S1A335K080AC"; VariantName = "[No Variations]"
Add component (AddParameter): Name = "Polarized"; Value = "N"; VariantName = "[No Variations]"
Add component (AddParameter): Name = "Published"; Value = "2008-06-19"; VariantName = "[No Variations]"
Add component (AddParameter): Name = "Publisher"; Value = "Texas Instruments"; VariantName = "[No Variations]"
Add component (AddParameter): Name = "RoHS"; Value = "Y"; VariantName = "[No Variations]"
Add component (AddParameter): Name = "SizeArea_mm2"; Value = "1.28"; VariantName = "[No Variations]"
Add component (AddParameter): Name = "SizeAreaWB_mm2"; Value = "4.68"; VariantName = "[No Variations]"
Add component (AddParameter): Name = "SizeX_mm"; Value = "1.6"; VariantName = "[No Variations]"
Add component (AddParameter): Name = "SizeY_mm"; Value = "0.8"; VariantName = "[No Variations]"
Add component (AddParameter): Name = "SizeZ_mm"; Value = "1"; VariantName = "[No Variations]"
Add component (AddParameter): Name = "Supplier 1"; Value = "Digi-Key"; VariantName = "[No Variations]"
Add component (AddParameter): Name = "Supplier 2"; Value = "Newark"; VariantName = "[No Variations]"
Add component (AddParameter): Name = "Supplier 3"; Value = "Mouser"; VariantName = "[No Variations]"
Add component (AddParameter): Name = "Supplier Part Number 1"; Value = "445-14256-1-ND"; VariantName = "[No Variations]"
Add component (AddParameter): Name = "Supplier Part Number 2"; Value = "52X3755"; VariantName = "[No Variations]"
Add component (AddParameter): Name = "Supplier Part Number 3"; Value = "810-C1608X7S1A335K0C"; VariantName = "[No Variations]"
Add component (AddParameter): Name = "TaMax_C"; Value = "125°C"; VariantName = "[No Variations]"
Add component (AddParameter): Name = "TaMin_C"; Value = "-55°C"; VariantName = "[No Variations]"
Add component (AddParameter): Name = "Technology"; Value = "Ceramic"; VariantName = "[No Variations]"
Add component (AddParameter): Name = "TempCo"; Value = "X7S"; VariantName = "[No Variations]"
Add component (AddParameter): Name = "Tolerance_%"; Value = "10%"; VariantName = "[No Variations]"
Add component (AddParameter): Name = "U/M"; Value = "EA"; VariantName = "[No Variations]"
Add component (AddParameter): Name = "Value"; Value = "3.3uF"; VariantName = "[No Variations]"
Add component (AddParameter): Name = "Value1"; Value = "0.004796 ohm"; VariantName = "[No Variations]"
Add component (AddParameter): Name = "Value2"; Value = "10V"; VariantName = "[No Variations]"
Add component (AddParameter): Name = "ValueDisplayed"; Value = "3.3uF"; VariantName = "[No Variations]"
Add component (AddParameter): Name = "VDC_V"; Value = "10V"; VariantName = "[No Variations]"
Added Component: Designator=C30(0402)
Add component (AddParameter): Name = "AEC Category"; Value = "Q200"; VariantName = "[No Variations]"
Add component (AddParameter): Name = "AEC Grade"; Value = ""; VariantName = "[No Variations]"
Add component (AddParameter): Name = "AEC Qualified"; Value = "?"; VariantName = "[No Variations]"
Add component (AddParameter): Name = "Alternate Manufacturer"; Value = ""; VariantName = "[No Variations]"
Add component (AddParameter): Name = "Alternate PartNumber"; Value = ""; VariantName = "[No Variations]"
Add component (AddParameter): Name = "Cap_Case"; Value = "0402"; VariantName = "[No Variations]"
Add component (AddParameter): Name = "Cap_F"; Value = "100nF"; VariantName = "[No Variations]"
Add component (AddParameter): Name = "ComponentLink1Description"; Value = "Datasheet link"; VariantName = "[No Variations]"
Add component (AddParameter): Name = "ComponentLink1URL"; Value = "http://search.murata.co.jp/Ceramy/PnsearchViewAction.do?HnOFG=ON&HnNFG=ON&SEL_CNT=50&sLang=en&sKey=GRM155R70J104KA01D&x=9&y=9&search=startwith"; VariantName = "[No Variations]"
Add component (AddParameter): Name = "CompType"; Value = "Capacitor"; VariantName = "[No Variations]"
Add component (AddParameter): Name = "ESR_ohm"; Value = ""; VariantName = "[No Variations]"
Add component (AddParameter): Name = "IRMS_A"; Value = ""; VariantName = "[No Variations]"
Add component (AddParameter): Name = "LatestRevisionDate"; Value = "2017-03-09"; VariantName = "[No Variations]"
Add component (AddParameter): Name = "Manufacturer"; Value = "MuRata"; VariantName = "[No Variations]"
Add component (AddParameter): Name = "MountType"; Value = "SMT"; VariantName = "[No Variations]"
Add component (AddParameter): Name = "PackageReference"; Value = "0402"; VariantName = "[No Variations]"
Add component (AddParameter): Name = "PartNumber"; Value = "GRM155R70J104KA01D"; VariantName = "[No Variations]"
Add component (AddParameter): Name = "Polarized"; Value = "N"; VariantName = "[No Variations]"
Add component (AddParameter): Name = "Published"; Value = "2008-06-19"; VariantName = "[No Variations]"
Add component (AddParameter): Name = "Publisher"; Value = "Texas Instruments"; VariantName = "[No Variations]"
Add component (AddParameter): Name = "RoHS"; Value = "Y"; VariantName = "[No Variations]"
Add component (AddParameter): Name = "SizeArea_mm2"; Value = "0.5"; VariantName = "[No Variations]"
Add component (AddParameter): Name = "SizeAreaWB_mm2"; Value = "3"; VariantName = "[No Variations]"
Add component (AddParameter): Name = "SizeX_mm"; Value = "1"; VariantName = "[No Variations]"
Add component (AddParameter): Name = "SizeY_mm"; Value = "0.5"; VariantName = "[No Variations]"
Add component (AddParameter): Name = "SizeZ_mm"; Value = "0.6"; VariantName = "[No Variations]"
Add component (AddParameter): Name = "Supplier 1"; Value = "Digi-Key"; VariantName = "[No Variations]"
Add component (AddParameter): Name = "Supplier 2"; Value = "Mouser"; VariantName = "[No Variations]"
Add component (AddParameter): Name = "Supplier 3"; Value = ""; VariantName = "[No Variations]"
Add component (AddParameter): Name = "Supplier Part Number 1"; Value = "GRM155R70J104KA01D-ND"; VariantName = "[No Variations]"
Add component (AddParameter): Name = "Supplier Part Number 2"; Value = "81-GRM155R70J104KA1D"; VariantName = "[No Variations]"
Add component (AddParameter): Name = "Supplier Part Number 3"; Value = ""; VariantName = "[No Variations]"
Add component (AddParameter): Name = "TaMax_C"; Value = "125°C"; VariantName = "[No Variations]"
Add component (AddParameter): Name = "TaMin_C"; Value = "-55°C"; VariantName = "[No Variations]"
Add component (AddParameter): Name = "Technology"; Value = "Ceramic"; VariantName = "[No Variations]"
Add component (AddParameter): Name = "TempCo"; Value = "X7R"; VariantName = "[No Variations]"
Add component (AddParameter): Name = "Tolerance_%"; Value = "10%"; VariantName = "[No Variations]"
Add component (AddParameter): Name = "U/M"; Value = "EA"; VariantName = "[No Variations]"
Add component (AddParameter): Name = "Value"; Value = "0.1uF"; VariantName = "[No Variations]"
Add component (AddParameter): Name = "Value1"; Value = "Unknown"; VariantName = "[No Variations]"
Add component (AddParameter): Name = "Value2"; Value = "6.3V"; VariantName = "[No Variations]"
Add component (AddParameter): Name = "ValueDisplayed"; Value = "0.1uF"; VariantName = "[No Variations]"
Add component (AddParameter): Name = "VDC_V"; Value = "6.3V"; VariantName = "[No Variations]"
Added Component: Designator=C31(0402)
Add component (AddParameter): Name = "AEC Category"; Value = "Q200"; VariantName = "[No Variations]"
Add component (AddParameter): Name = "AEC Grade"; Value = ""; VariantName = "[No Variations]"
Add component (AddParameter): Name = "AEC Qualified"; Value = "?"; VariantName = "[No Variations]"
Add component (AddParameter): Name = "Alternate Manufacturer"; Value = ""; VariantName = "[No Variations]"
Add component (AddParameter): Name = "Alternate PartNumber"; Value = ""; VariantName = "[No Variations]"
Add component (AddParameter): Name = "Cap_Case"; Value = "0402"; VariantName = "[No Variations]"
Add component (AddParameter): Name = "Cap_F"; Value = "100nF"; VariantName = "[No Variations]"
Add component (AddParameter): Name = "ComponentLink1Description"; Value = "Datasheet link"; VariantName = "[No Variations]"
Add component (AddParameter): Name = "ComponentLink1URL"; Value = "http://search.murata.co.jp/Ceramy/PnsearchViewAction.do?HnOFG=ON&HnNFG=ON&SEL_CNT=50&sLang=en&sKey=GRM155R70J104KA01D&x=9&y=9&search=startwith"; VariantName = "[No Variations]"
Add component (AddParameter): Name = "CompType"; Value = "Capacitor"; VariantName = "[No Variations]"
Add component (AddParameter): Name = "ESR_ohm"; Value = ""; VariantName = "[No Variations]"
Add component (AddParameter): Name = "IRMS_A"; Value = ""; VariantName = "[No Variations]"
Add component (AddParameter): Name = "LatestRevisionDate"; Value = "2017-03-09"; VariantName = "[No Variations]"
Add component (AddParameter): Name = "Manufacturer"; Value = "MuRata"; VariantName = "[No Variations]"
Add component (AddParameter): Name = "MountType"; Value = "SMT"; VariantName = "[No Variations]"
Add component (AddParameter): Name = "PackageReference"; Value = "0402"; VariantName = "[No Variations]"
Add component (AddParameter): Name = "PartNumber"; Value = "GRM155R70J104KA01D"; VariantName = "[No Variations]"
Add component (AddParameter): Name = "Polarized"; Value = "N"; VariantName = "[No Variations]"
Add component (AddParameter): Name = "Published"; Value = "2008-06-19"; VariantName = "[No Variations]"
Add component (AddParameter): Name = "Publisher"; Value = "Texas Instruments"; VariantName = "[No Variations]"
Add component (AddParameter): Name = "RoHS"; Value = "Y"; VariantName = "[No Variations]"
Add component (AddParameter): Name = "SizeArea_mm2"; Value = "0.5"; VariantName = "[No Variations]"
Add component (AddParameter): Name = "SizeAreaWB_mm2"; Value = "3"; VariantName = "[No Variations]"
Add component (AddParameter): Name = "SizeX_mm"; Value = "1"; VariantName = "[No Variations]"
Add component (AddParameter): Name = "SizeY_mm"; Value = "0.5"; VariantName = "[No Variations]"
Add component (AddParameter): Name = "SizeZ_mm"; Value = "0.6"; VariantName = "[No Variations]"
Add component (AddParameter): Name = "Supplier 1"; Value = "Digi-Key"; VariantName = "[No Variations]"
Add component (AddParameter): Name = "Supplier 2"; Value = "Mouser"; VariantName = "[No Variations]"
Add component (AddParameter): Name = "Supplier 3"; Value = ""; VariantName = "[No Variations]"
Add component (AddParameter): Name = "Supplier Part Number 1"; Value = "GRM155R70J104KA01D-ND"; VariantName = "[No Variations]"
Add component (AddParameter): Name = "Supplier Part Number 2"; Value = "81-GRM155R70J104KA1D"; VariantName = "[No Variations]"
Add component (AddParameter): Name = "Supplier Part Number 3"; Value = ""; VariantName = "[No Variations]"
Add component (AddParameter): Name = "TaMax_C"; Value = "125°C"; VariantName = "[No Variations]"
Add component (AddParameter): Name = "TaMin_C"; Value = "-55°C"; VariantName = "[No Variations]"
Add component (AddParameter): Name = "Technology"; Value = "Ceramic"; VariantName = "[No Variations]"
Add component (AddParameter): Name = "TempCo"; Value = "X7R"; VariantName = "[No Variations]"
Add component (AddParameter): Name = "Tolerance_%"; Value = "10%"; VariantName = "[No Variations]"
Add component (AddParameter): Name = "U/M"; Value = "EA"; VariantName = "[No Variations]"
Add component (AddParameter): Name = "Value"; Value = "0.1uF"; VariantName = "[No Variations]"
Add component (AddParameter): Name = "Value1"; Value = "Unknown"; VariantName = "[No Variations]"
Add component (AddParameter): Name = "Value2"; Value = "6.3V"; VariantName = "[No Variations]"
Add component (AddParameter): Name = "ValueDisplayed"; Value = "0.1uF"; VariantName = "[No Variations]"
Add component (AddParameter): Name = "VDC_V"; Value = "6.3V"; VariantName = "[No Variations]"
Added Component: Designator=C32(0402)
Add component (AddParameter): Name = "AEC Category"; Value = "Q200"; VariantName = "[No Variations]"
Add component (AddParameter): Name = "AEC Grade"; Value = ""; VariantName = "[No Variations]"
Add component (AddParameter): Name = "AEC Qualified"; Value = "?"; VariantName = "[No Variations]"
Add component (AddParameter): Name = "Alternate Manufacturer"; Value = ""; VariantName = "[No Variations]"
Add component (AddParameter): Name = "Alternate PartNumber"; Value = ""; VariantName = "[No Variations]"
Add component (AddParameter): Name = "Cap_Case"; Value = "0402"; VariantName = "[No Variations]"
Add component (AddParameter): Name = "Cap_F"; Value = "100nF"; VariantName = "[No Variations]"
Add component (AddParameter): Name = "ComponentLink1Description"; Value = "Datasheet link"; VariantName = "[No Variations]"
Add component (AddParameter): Name = "ComponentLink1URL"; Value = "http://search.murata.co.jp/Ceramy/PnsearchViewAction.do?HnOFG=ON&HnNFG=ON&SEL_CNT=50&sLang=en&sKey=GRM155R70J104KA01D&x=9&y=9&search=startwith"; VariantName = "[No Variations]"
Add component (AddParameter): Name = "CompType"; Value = "Capacitor"; VariantName = "[No Variations]"
Add component (AddParameter): Name = "ESR_ohm"; Value = ""; VariantName = "[No Variations]"
Add component (AddParameter): Name = "IRMS_A"; Value = ""; VariantName = "[No Variations]"
Add component (AddParameter): Name = "LatestRevisionDate"; Value = "2017-03-09"; VariantName = "[No Variations]"
Add component (AddParameter): Name = "Manufacturer"; Value = "MuRata"; VariantName = "[No Variations]"
Add component (AddParameter): Name = "MountType"; Value = "SMT"; VariantName = "[No Variations]"
Add component (AddParameter): Name = "PackageReference"; Value = "0402"; VariantName = "[No Variations]"
Add component (AddParameter): Name = "PartNumber"; Value = "GRM155R70J104KA01D"; VariantName = "[No Variations]"
Add component (AddParameter): Name = "Polarized"; Value = "N"; VariantName = "[No Variations]"
Add component (AddParameter): Name = "Published"; Value = "2008-06-19"; VariantName = "[No Variations]"
Add component (AddParameter): Name = "Publisher"; Value = "Texas Instruments"; VariantName = "[No Variations]"
Add component (AddParameter): Name = "RoHS"; Value = "Y"; VariantName = "[No Variations]"
Add component (AddParameter): Name = "SizeArea_mm2"; Value = "0.5"; VariantName = "[No Variations]"
Add component (AddParameter): Name = "SizeAreaWB_mm2"; Value = "3"; VariantName = "[No Variations]"
Add component (AddParameter): Name = "SizeX_mm"; Value = "1"; VariantName = "[No Variations]"
Add component (AddParameter): Name = "SizeY_mm"; Value = "0.5"; VariantName = "[No Variations]"
Add component (AddParameter): Name = "SizeZ_mm"; Value = "0.6"; VariantName = "[No Variations]"
Add component (AddParameter): Name = "Supplier 1"; Value = "Digi-Key"; VariantName = "[No Variations]"
Add component (AddParameter): Name = "Supplier 2"; Value = "Mouser"; VariantName = "[No Variations]"
Add component (AddParameter): Name = "Supplier 3"; Value = ""; VariantName = "[No Variations]"
Add component (AddParameter): Name = "Supplier Part Number 1"; Value = "GRM155R70J104KA01D-ND"; VariantName = "[No Variations]"
Add component (AddParameter): Name = "Supplier Part Number 2"; Value = "81-GRM155R70J104KA1D"; VariantName = "[No Variations]"
Add component (AddParameter): Name = "Supplier Part Number 3"; Value = ""; VariantName = "[No Variations]"
Add component (AddParameter): Name = "TaMax_C"; Value = "125°C"; VariantName = "[No Variations]"
Add component (AddParameter): Name = "TaMin_C"; Value = "-55°C"; VariantName = "[No Variations]"
Add component (AddParameter): Name = "Technology"; Value = "Ceramic"; VariantName = "[No Variations]"
Add component (AddParameter): Name = "TempCo"; Value = "X7R"; VariantName = "[No Variations]"
Add component (AddParameter): Name = "Tolerance_%"; Value = "10%"; VariantName = "[No Variations]"
Add component (AddParameter): Name = "U/M"; Value = "EA"; VariantName = "[No Variations]"
Add component (AddParameter): Name = "Value"; Value = "0.1uF"; VariantName = "[No Variations]"
Add component (AddParameter): Name = "Value1"; Value = "Unknown"; VariantName = "[No Variations]"
Add component (AddParameter): Name = "Value2"; Value = "6.3V"; VariantName = "[No Variations]"
Add component (AddParameter): Name = "ValueDisplayed"; Value = "0.1uF"; VariantName = "[No Variations]"
Add component (AddParameter): Name = "VDC_V"; Value = "6.3V"; VariantName = "[No Variations]"
Added Component: Designator=C33(0402)
Add component (AddParameter): Name = "AEC Category"; Value = "Q200"; VariantName = "[No Variations]"
Add component (AddParameter): Name = "AEC Grade"; Value = ""; VariantName = "[No Variations]"
Add component (AddParameter): Name = "AEC Qualified"; Value = "?"; VariantName = "[No Variations]"
Add component (AddParameter): Name = "Alternate Manufacturer"; Value = ""; VariantName = "[No Variations]"
Add component (AddParameter): Name = "Alternate PartNumber"; Value = ""; VariantName = "[No Variations]"
Add component (AddParameter): Name = "Cap_Case"; Value = "0402"; VariantName = "[No Variations]"
Add component (AddParameter): Name = "Cap_F"; Value = "100nF"; VariantName = "[No Variations]"
Add component (AddParameter): Name = "ComponentLink1Description"; Value = "Datasheet link"; VariantName = "[No Variations]"
Add component (AddParameter): Name = "ComponentLink1URL"; Value = "http://search.murata.co.jp/Ceramy/PnsearchViewAction.do?HnOFG=ON&HnNFG=ON&SEL_CNT=50&sLang=en&sKey=GRM155R70J104KA01D&x=9&y=9&search=startwith"; VariantName = "[No Variations]"
Add component (AddParameter): Name = "CompType"; Value = "Capacitor"; VariantName = "[No Variations]"
Add component (AddParameter): Name = "ESR_ohm"; Value = ""; VariantName = "[No Variations]"
Add component (AddParameter): Name = "IRMS_A"; Value = ""; VariantName = "[No Variations]"
Add component (AddParameter): Name = "LatestRevisionDate"; Value = "2017-03-09"; VariantName = "[No Variations]"
Add component (AddParameter): Name = "Manufacturer"; Value = "MuRata"; VariantName = "[No Variations]"
Add component (AddParameter): Name = "MountType"; Value = "SMT"; VariantName = "[No Variations]"
Add component (AddParameter): Name = "PackageReference"; Value = "0402"; VariantName = "[No Variations]"
Add component (AddParameter): Name = "PartNumber"; Value = "GRM155R70J104KA01D"; VariantName = "[No Variations]"
Add component (AddParameter): Name = "Polarized"; Value = "N"; VariantName = "[No Variations]"
Add component (AddParameter): Name = "Published"; Value = "2008-06-19"; VariantName = "[No Variations]"
Add component (AddParameter): Name = "Publisher"; Value = "Texas Instruments"; VariantName = "[No Variations]"
Add component (AddParameter): Name = "RoHS"; Value = "Y"; VariantName = "[No Variations]"
Add component (AddParameter): Name = "SizeArea_mm2"; Value = "0.5"; VariantName = "[No Variations]"
Add component (AddParameter): Name = "SizeAreaWB_mm2"; Value = "3"; VariantName = "[No Variations]"
Add component (AddParameter): Name = "SizeX_mm"; Value = "1"; VariantName = "[No Variations]"
Add component (AddParameter): Name = "SizeY_mm"; Value = "0.5"; VariantName = "[No Variations]"
Add component (AddParameter): Name = "SizeZ_mm"; Value = "0.6"; VariantName = "[No Variations]"
Add component (AddParameter): Name = "Supplier 1"; Value = "Digi-Key"; VariantName = "[No Variations]"
Add component (AddParameter): Name = "Supplier 2"; Value = "Mouser"; VariantName = "[No Variations]"
Add component (AddParameter): Name = "Supplier 3"; Value = ""; VariantName = "[No Variations]"
Add component (AddParameter): Name = "Supplier Part Number 1"; Value = "GRM155R70J104KA01D-ND"; VariantName = "[No Variations]"
Add component (AddParameter): Name = "Supplier Part Number 2"; Value = "81-GRM155R70J104KA1D"; VariantName = "[No Variations]"
Add component (AddParameter): Name = "Supplier Part Number 3"; Value = ""; VariantName = "[No Variations]"
Add component (AddParameter): Name = "TaMax_C"; Value = "125°C"; VariantName = "[No Variations]"
Add component (AddParameter): Name = "TaMin_C"; Value = "-55°C"; VariantName = "[No Variations]"
Add component (AddParameter): Name = "Technology"; Value = "Ceramic"; VariantName = "[No Variations]"
Add component (AddParameter): Name = "TempCo"; Value = "X7R"; VariantName = "[No Variations]"
Add component (AddParameter): Name = "Tolerance_%"; Value = "10%"; VariantName = "[No Variations]"
Add component (AddParameter): Name = "U/M"; Value = "EA"; VariantName = "[No Variations]"
Add component (AddParameter): Name = "Value"; Value = "0.1uF"; VariantName = "[No Variations]"
Add component (AddParameter): Name = "Value1"; Value = "Unknown"; VariantName = "[No Variations]"
Add component (AddParameter): Name = "Value2"; Value = "6.3V"; VariantName = "[No Variations]"
Add component (AddParameter): Name = "ValueDisplayed"; Value = "0.1uF"; VariantName = "[No Variations]"
Add component (AddParameter): Name = "VDC_V"; Value = "6.3V"; VariantName = "[No Variations]"
Added Component: Designator=C34(0402)
Add component (AddParameter): Name = "AEC Category"; Value = "Q200"; VariantName = "[No Variations]"
Add component (AddParameter): Name = "AEC Grade"; Value = ""; VariantName = "[No Variations]"
Add component (AddParameter): Name = "AEC Qualified"; Value = "?"; VariantName = "[No Variations]"
Add component (AddParameter): Name = "Alternate Manufacturer"; Value = ""; VariantName = "[No Variations]"
Add component (AddParameter): Name = "Alternate PartNumber"; Value = ""; VariantName = "[No Variations]"
Add component (AddParameter): Name = "Cap_Case"; Value = "0402"; VariantName = "[No Variations]"
Add component (AddParameter): Name = "Cap_F"; Value = "100nF"; VariantName = "[No Variations]"
Add component (AddParameter): Name = "ComponentLink1Description"; Value = "Datasheet link"; VariantName = "[No Variations]"
Add component (AddParameter): Name = "ComponentLink1URL"; Value = "http://search.murata.co.jp/Ceramy/PnsearchViewAction.do?HnOFG=ON&HnNFG=ON&SEL_CNT=50&sLang=en&sKey=GRM155R70J104KA01D&x=9&y=9&search=startwith"; VariantName = "[No Variations]"
Add component (AddParameter): Name = "CompType"; Value = "Capacitor"; VariantName = "[No Variations]"
Add component (AddParameter): Name = "ESR_ohm"; Value = ""; VariantName = "[No Variations]"
Add component (AddParameter): Name = "IRMS_A"; Value = ""; VariantName = "[No Variations]"
Add component (AddParameter): Name = "LatestRevisionDate"; Value = "2017-03-09"; VariantName = "[No Variations]"
Add component (AddParameter): Name = "Manufacturer"; Value = "MuRata"; VariantName = "[No Variations]"
Add component (AddParameter): Name = "MountType"; Value = "SMT"; VariantName = "[No Variations]"
Add component (AddParameter): Name = "PackageReference"; Value = "0402"; VariantName = "[No Variations]"
Add component (AddParameter): Name = "PartNumber"; Value = "GRM155R70J104KA01D"; VariantName = "[No Variations]"
Add component (AddParameter): Name = "Polarized"; Value = "N"; VariantName = "[No Variations]"
Add component (AddParameter): Name = "Published"; Value = "2008-06-19"; VariantName = "[No Variations]"
Add component (AddParameter): Name = "Publisher"; Value = "Texas Instruments"; VariantName = "[No Variations]"
Add component (AddParameter): Name = "RoHS"; Value = "Y"; VariantName = "[No Variations]"
Add component (AddParameter): Name = "SizeArea_mm2"; Value = "0.5"; VariantName = "[No Variations]"
Add component (AddParameter): Name = "SizeAreaWB_mm2"; Value = "3"; VariantName = "[No Variations]"
Add component (AddParameter): Name = "SizeX_mm"; Value = "1"; VariantName = "[No Variations]"
Add component (AddParameter): Name = "SizeY_mm"; Value = "0.5"; VariantName = "[No Variations]"
Add component (AddParameter): Name = "SizeZ_mm"; Value = "0.6"; VariantName = "[No Variations]"
Add component (AddParameter): Name = "Supplier 1"; Value = "Digi-Key"; VariantName = "[No Variations]"
Add component (AddParameter): Name = "Supplier 2"; Value = "Mouser"; VariantName = "[No Variations]"
Add component (AddParameter): Name = "Supplier 3"; Value = ""; VariantName = "[No Variations]"
Add component (AddParameter): Name = "Supplier Part Number 1"; Value = "GRM155R70J104KA01D-ND"; VariantName = "[No Variations]"
Add component (AddParameter): Name = "Supplier Part Number 2"; Value = "81-GRM155R70J104KA1D"; VariantName = "[No Variations]"
Add component (AddParameter): Name = "Supplier Part Number 3"; Value = ""; VariantName = "[No Variations]"
Add component (AddParameter): Name = "TaMax_C"; Value = "125°C"; VariantName = "[No Variations]"
Add component (AddParameter): Name = "TaMin_C"; Value = "-55°C"; VariantName = "[No Variations]"
Add component (AddParameter): Name = "Technology"; Value = "Ceramic"; VariantName = "[No Variations]"
Add component (AddParameter): Name = "TempCo"; Value = "X7R"; VariantName = "[No Variations]"
Add component (AddParameter): Name = "Tolerance_%"; Value = "10%"; VariantName = "[No Variations]"
Add component (AddParameter): Name = "U/M"; Value = "EA"; VariantName = "[No Variations]"
Add component (AddParameter): Name = "Value"; Value = "0.1uF"; VariantName = "[No Variations]"
Add component (AddParameter): Name = "Value1"; Value = "Unknown"; VariantName = "[No Variations]"
Add component (AddParameter): Name = "Value2"; Value = "6.3V"; VariantName = "[No Variations]"
Add component (AddParameter): Name = "ValueDisplayed"; Value = "0.1uF"; VariantName = "[No Variations]"
Add component (AddParameter): Name = "VDC_V"; Value = "6.3V"; VariantName = "[No Variations]"
Added Component: Designator=C35(FP-GRM033C80J105ME05D_0201-MFG)
Add component (AddParameter): Name = "AEC Qualified"; Value = "No"; VariantName = "[No Variations]"
Add component (AddParameter): Name = "Cap_F"; Value = "1µF"; VariantName = "[No Variations]"
Add component (AddParameter): Name = "ComponentLink1Description"; Value = "Datasheet"; VariantName = "[No Variations]"
Add component (AddParameter): Name = "ComponentLink1URL"; Value = "https://www.murata.com/en-us/products/productdetail?partno=GRM033C80J105ME05%23"; VariantName = "[No Variations]"
Add component (AddParameter): Name = "datasheet"; Value = "https://www.murata.com/en-us/products/productdetail?partno=GRM033C80J105ME05%23"; VariantName = "[No Variations]"
Add component (AddParameter): Name = "Datasheet Path"; Value = "datasheets/Cap-GRM033C80J105ME05D.pdf"; VariantName = "[No Variations]"
Add component (AddParameter): Name = "helpURL"; Value = "https://upverter.com/upn/revision/64a3db239e8cbfc8/"; VariantName = "[No Variations]"
Add component (AddParameter): Name = "Lead Free"; Value = "Yes"; VariantName = "[No Variations]"
Add component (AddParameter): Name = "Manufacturer"; Value = "Murata"; VariantName = "[No Variations]"
Add component (AddParameter): Name = "Operating Temperature Range"; Value = "-55°C to +105°C"; VariantName = "[No Variations]"
Add component (AddParameter): Name = "PackageReference"; Value = "0201"; VariantName = "[No Variations]"
Add component (AddParameter): Name = "Part Number"; Value = "GRM033C80J105ME05D"; VariantName = "[No Variations]"
Add component (AddParameter): Name = "PartNumber"; Value = "GRM033C80J105ME05D"; VariantName = "[No Variations]"
Add component (AddParameter): Name = "RoHS"; Value = "TRUE"; VariantName = "[No Variations]"
Add component (AddParameter): Name = "SizeZ_mm"; Value = "0.39mm"; VariantName = "[No Variations]"
Add component (AddParameter): Name = "TempCo"; Value = "22%"; VariantName = "[No Variations]"
Add component (AddParameter): Name = "Temperature Characteristic"; Value = "X6S"; VariantName = "[No Variations]"
Add component (AddParameter): Name = "Tolerance_%"; Value = "20%"; VariantName = "[No Variations]"
Add component (AddParameter): Name = "Value"; Value = "1µF"; VariantName = "[No Variations]"
Add component (AddParameter): Name = "ValueDisplayed"; Value = "1.0uF"; VariantName = "[No Variations]"
Add component (AddParameter): Name = "VDC_V"; Value = "6.3V"; VariantName = "[No Variations]"
Added Component: Designator=C36(FP-GRM033C80J105ME05D_0201-MFG)
Add component (AddParameter): Name = "AEC Qualified"; Value = "No"; VariantName = "[No Variations]"
Add component (AddParameter): Name = "Cap_F"; Value = "1µF"; VariantName = "[No Variations]"
Add component (AddParameter): Name = "ComponentLink1Description"; Value = "Datasheet"; VariantName = "[No Variations]"
Add component (AddParameter): Name = "ComponentLink1URL"; Value = "https://www.murata.com/en-us/products/productdetail?partno=GRM033C80J105ME05%23"; VariantName = "[No Variations]"
Add component (AddParameter): Name = "datasheet"; Value = "https://www.murata.com/en-us/products/productdetail?partno=GRM033C80J105ME05%23"; VariantName = "[No Variations]"
Add component (AddParameter): Name = "Datasheet Path"; Value = "datasheets/Cap-GRM033C80J105ME05D.pdf"; VariantName = "[No Variations]"
Add component (AddParameter): Name = "helpURL"; Value = "https://upverter.com/upn/revision/64a3db239e8cbfc8/"; VariantName = "[No Variations]"
Add component (AddParameter): Name = "Lead Free"; Value = "Yes"; VariantName = "[No Variations]"
Add component (AddParameter): Name = "Manufacturer"; Value = "Murata"; VariantName = "[No Variations]"
Add component (AddParameter): Name = "Operating Temperature Range"; Value = "-55°C to +105°C"; VariantName = "[No Variations]"
Add component (AddParameter): Name = "PackageReference"; Value = "0201"; VariantName = "[No Variations]"
Add component (AddParameter): Name = "Part Number"; Value = "GRM033C80J105ME05D"; VariantName = "[No Variations]"
Add component (AddParameter): Name = "PartNumber"; Value = "GRM033C80J105ME05D"; VariantName = "[No Variations]"
Add component (AddParameter): Name = "RoHS"; Value = "TRUE"; VariantName = "[No Variations]"
Add component (AddParameter): Name = "SizeZ_mm"; Value = "0.39mm"; VariantName = "[No Variations]"
Add component (AddParameter): Name = "TempCo"; Value = "22%"; VariantName = "[No Variations]"
Add component (AddParameter): Name = "Temperature Characteristic"; Value = "X6S"; VariantName = "[No Variations]"
Add component (AddParameter): Name = "Tolerance_%"; Value = "20%"; VariantName = "[No Variations]"
Add component (AddParameter): Name = "Value"; Value = "1µF"; VariantName = "[No Variations]"
Add component (AddParameter): Name = "ValueDisplayed"; Value = "1.0uF"; VariantName = "[No Variations]"
Add component (AddParameter): Name = "VDC_V"; Value = "6.3V"; VariantName = "[No Variations]"
Added Component: Designator=C37(FP-GRM033C80J105ME05D_0201-MFG)
Add component (AddParameter): Name = "AEC Qualified"; Value = "No"; VariantName = "[No Variations]"
Add component (AddParameter): Name = "Cap_F"; Value = "1µF"; VariantName = "[No Variations]"
Add component (AddParameter): Name = "ComponentLink1Description"; Value = "Datasheet"; VariantName = "[No Variations]"
Add component (AddParameter): Name = "ComponentLink1URL"; Value = "https://www.murata.com/en-us/products/productdetail?partno=GRM033C80J105ME05%23"; VariantName = "[No Variations]"
Add component (AddParameter): Name = "datasheet"; Value = "https://www.murata.com/en-us/products/productdetail?partno=GRM033C80J105ME05%23"; VariantName = "[No Variations]"
Add component (AddParameter): Name = "Datasheet Path"; Value = "datasheets/Cap-GRM033C80J105ME05D.pdf"; VariantName = "[No Variations]"
Add component (AddParameter): Name = "helpURL"; Value = "https://upverter.com/upn/revision/64a3db239e8cbfc8/"; VariantName = "[No Variations]"
Add component (AddParameter): Name = "Lead Free"; Value = "Yes"; VariantName = "[No Variations]"
Add component (AddParameter): Name = "Manufacturer"; Value = "Murata"; VariantName = "[No Variations]"
Add component (AddParameter): Name = "Operating Temperature Range"; Value = "-55°C to +105°C"; VariantName = "[No Variations]"
Add component (AddParameter): Name = "PackageReference"; Value = "0201"; VariantName = "[No Variations]"
Add component (AddParameter): Name = "Part Number"; Value = "GRM033C80J105ME05D"; VariantName = "[No Variations]"
Add component (AddParameter): Name = "PartNumber"; Value = "GRM033C80J105ME05D"; VariantName = "[No Variations]"
Add component (AddParameter): Name = "RoHS"; Value = "TRUE"; VariantName = "[No Variations]"
Add component (AddParameter): Name = "SizeZ_mm"; Value = "0.39mm"; VariantName = "[No Variations]"
Add component (AddParameter): Name = "TempCo"; Value = "22%"; VariantName = "[No Variations]"
Add component (AddParameter): Name = "Temperature Characteristic"; Value = "X6S"; VariantName = "[No Variations]"
Add component (AddParameter): Name = "Tolerance_%"; Value = "20%"; VariantName = "[No Variations]"
Add component (AddParameter): Name = "Value"; Value = "1µF"; VariantName = "[No Variations]"
Add component (AddParameter): Name = "ValueDisplayed"; Value = "1.0uF"; VariantName = "[No Variations]"
Add component (AddParameter): Name = "VDC_V"; Value = "6.3V"; VariantName = "[No Variations]"
Added Component: Designator=C38(FP-GRM033C80J105ME05D_0201-MFG)
Add component (AddParameter): Name = "AEC Qualified"; Value = "No"; VariantName = "[No Variations]"
Add component (AddParameter): Name = "Cap_F"; Value = "1µF"; VariantName = "[No Variations]"
Add component (AddParameter): Name = "ComponentLink1Description"; Value = "Datasheet"; VariantName = "[No Variations]"
Add component (AddParameter): Name = "ComponentLink1URL"; Value = "https://www.murata.com/en-us/products/productdetail?partno=GRM033C80J105ME05%23"; VariantName = "[No Variations]"
Add component (AddParameter): Name = "datasheet"; Value = "https://www.murata.com/en-us/products/productdetail?partno=GRM033C80J105ME05%23"; VariantName = "[No Variations]"
Add component (AddParameter): Name = "Datasheet Path"; Value = "datasheets/Cap-GRM033C80J105ME05D.pdf"; VariantName = "[No Variations]"
Add component (AddParameter): Name = "helpURL"; Value = "https://upverter.com/upn/revision/64a3db239e8cbfc8/"; VariantName = "[No Variations]"
Add component (AddParameter): Name = "Lead Free"; Value = "Yes"; VariantName = "[No Variations]"
Add component (AddParameter): Name = "Manufacturer"; Value = "Murata"; VariantName = "[No Variations]"
Add component (AddParameter): Name = "Operating Temperature Range"; Value = "-55°C to +105°C"; VariantName = "[No Variations]"
Add component (AddParameter): Name = "PackageReference"; Value = "0201"; VariantName = "[No Variations]"
Add component (AddParameter): Name = "Part Number"; Value = "GRM033C80J105ME05D"; VariantName = "[No Variations]"
Add component (AddParameter): Name = "PartNumber"; Value = "GRM033C80J105ME05D"; VariantName = "[No Variations]"
Add component (AddParameter): Name = "RoHS"; Value = "TRUE"; VariantName = "[No Variations]"
Add component (AddParameter): Name = "SizeZ_mm"; Value = "0.39mm"; VariantName = "[No Variations]"
Add component (AddParameter): Name = "TempCo"; Value = "22%"; VariantName = "[No Variations]"
Add component (AddParameter): Name = "Temperature Characteristic"; Value = "X6S"; VariantName = "[No Variations]"
Add component (AddParameter): Name = "Tolerance_%"; Value = "20%"; VariantName = "[No Variations]"
Add component (AddParameter): Name = "Value"; Value = "1µF"; VariantName = "[No Variations]"
Add component (AddParameter): Name = "ValueDisplayed"; Value = "1.0uF"; VariantName = "[No Variations]"
Add component (AddParameter): Name = "VDC_V"; Value = "6.3V"; VariantName = "[No Variations]"
Added Component: Designator=C39(0603)
Add component (AddParameter): Name = "AEC Category"; Value = "Q200"; VariantName = "[No Variations]"
Add component (AddParameter): Name = "AEC Grade"; Value = "N/A"; VariantName = "[No Variations]"
Add component (AddParameter): Name = "AEC Qualified"; Value = "N"; VariantName = "[No Variations]"
Add component (AddParameter): Name = "Alternate Manufacturer"; Value = ""; VariantName = "[No Variations]"
Add component (AddParameter): Name = "Alternate PartNumber"; Value = ""; VariantName = "[No Variations]"
Add component (AddParameter): Name = "Cap_Case"; Value = "0603"; VariantName = "[No Variations]"
Add component (AddParameter): Name = "Cap_F"; Value = "3.3µF"; VariantName = "[No Variations]"
Add component (AddParameter): Name = "ComponentLink1Description"; Value = "Datasheet link"; VariantName = "[No Variations]"
Add component (AddParameter): Name = "ComponentLink1URL"; Value = "https://product.tdk.com/en/search/capacitor/ceramic/mlcc/info?part_no=C1608X7S1A335K080AC"; VariantName = "[No Variations]"
Add component (AddParameter): Name = "CompType"; Value = "Capacitor"; VariantName = "[No Variations]"
Add component (AddParameter): Name = "ESR_ohm"; Value = "4.796m"; VariantName = "[No Variations]"
Add component (AddParameter): Name = "IRMS_A"; Value = "2.3752A"; VariantName = "[No Variations]"
Add component (AddParameter): Name = "LatestRevisionDate"; Value = "2017-03-09"; VariantName = "[No Variations]"
Add component (AddParameter): Name = "Manufacturer"; Value = "TDK"; VariantName = "[No Variations]"
Add component (AddParameter): Name = "MountType"; Value = "SMT"; VariantName = "[No Variations]"
Add component (AddParameter): Name = "PackageReference"; Value = "0603"; VariantName = "[No Variations]"
Add component (AddParameter): Name = "PartNumber"; Value = "C1608X7S1A335K080AC"; VariantName = "[No Variations]"
Add component (AddParameter): Name = "Polarized"; Value = "N"; VariantName = "[No Variations]"
Add component (AddParameter): Name = "Published"; Value = "2008-06-19"; VariantName = "[No Variations]"
Add component (AddParameter): Name = "Publisher"; Value = "Texas Instruments"; VariantName = "[No Variations]"
Add component (AddParameter): Name = "RoHS"; Value = "Y"; VariantName = "[No Variations]"
Add component (AddParameter): Name = "SizeArea_mm2"; Value = "1.28"; VariantName = "[No Variations]"
Add component (AddParameter): Name = "SizeAreaWB_mm2"; Value = "4.68"; VariantName = "[No Variations]"
Add component (AddParameter): Name = "SizeX_mm"; Value = "1.6"; VariantName = "[No Variations]"
Add component (AddParameter): Name = "SizeY_mm"; Value = "0.8"; VariantName = "[No Variations]"
Add component (AddParameter): Name = "SizeZ_mm"; Value = "1"; VariantName = "[No Variations]"
Add component (AddParameter): Name = "Supplier 1"; Value = "Digi-Key"; VariantName = "[No Variations]"
Add component (AddParameter): Name = "Supplier 2"; Value = "Newark"; VariantName = "[No Variations]"
Add component (AddParameter): Name = "Supplier 3"; Value = "Mouser"; VariantName = "[No Variations]"
Add component (AddParameter): Name = "Supplier Part Number 1"; Value = "445-14256-1-ND"; VariantName = "[No Variations]"
Add component (AddParameter): Name = "Supplier Part Number 2"; Value = "52X3755"; VariantName = "[No Variations]"
Add component (AddParameter): Name = "Supplier Part Number 3"; Value = "810-C1608X7S1A335K0C"; VariantName = "[No Variations]"
Add component (AddParameter): Name = "TaMax_C"; Value = "125°C"; VariantName = "[No Variations]"
Add component (AddParameter): Name = "TaMin_C"; Value = "-55°C"; VariantName = "[No Variations]"
Add component (AddParameter): Name = "Technology"; Value = "Ceramic"; VariantName = "[No Variations]"
Add component (AddParameter): Name = "TempCo"; Value = "X7S"; VariantName = "[No Variations]"
Add component (AddParameter): Name = "Tolerance_%"; Value = "10%"; VariantName = "[No Variations]"
Add component (AddParameter): Name = "U/M"; Value = "EA"; VariantName = "[No Variations]"
Add component (AddParameter): Name = "Value"; Value = "3.3uF"; VariantName = "[No Variations]"
Add component (AddParameter): Name = "Value1"; Value = "0.004796 ohm"; VariantName = "[No Variations]"
Add component (AddParameter): Name = "Value2"; Value = "10V"; VariantName = "[No Variations]"
Add component (AddParameter): Name = "ValueDisplayed"; Value = "3.3uF"; VariantName = "[No Variations]"
Add component (AddParameter): Name = "VDC_V"; Value = "10V"; VariantName = "[No Variations]"
Added Component: Designator=C40(0402)
Add component (AddParameter): Name = "AEC Category"; Value = "Q200"; VariantName = "[No Variations]"
Add component (AddParameter): Name = "AEC Grade"; Value = ""; VariantName = "[No Variations]"
Add component (AddParameter): Name = "AEC Qualified"; Value = "?"; VariantName = "[No Variations]"
Add component (AddParameter): Name = "Alternate Manufacturer"; Value = ""; VariantName = "[No Variations]"
Add component (AddParameter): Name = "Alternate PartNumber"; Value = ""; VariantName = "[No Variations]"
Add component (AddParameter): Name = "Cap_Case"; Value = "0402"; VariantName = "[No Variations]"
Add component (AddParameter): Name = "Cap_F"; Value = "100nF"; VariantName = "[No Variations]"
Add component (AddParameter): Name = "ComponentLink1Description"; Value = "Datasheet link"; VariantName = "[No Variations]"
Add component (AddParameter): Name = "ComponentLink1URL"; Value = "http://search.murata.co.jp/Ceramy/PnsearchViewAction.do?HnOFG=ON&HnNFG=ON&SEL_CNT=50&sLang=en&sKey=GRM155R70J104KA01D&x=9&y=9&search=startwith"; VariantName = "[No Variations]"
Add component (AddParameter): Name = "CompType"; Value = "Capacitor"; VariantName = "[No Variations]"
Add component (AddParameter): Name = "ESR_ohm"; Value = ""; VariantName = "[No Variations]"
Add component (AddParameter): Name = "IRMS_A"; Value = ""; VariantName = "[No Variations]"
Add component (AddParameter): Name = "LatestRevisionDate"; Value = "2017-03-09"; VariantName = "[No Variations]"
Add component (AddParameter): Name = "Manufacturer"; Value = "MuRata"; VariantName = "[No Variations]"
Add component (AddParameter): Name = "MountType"; Value = "SMT"; VariantName = "[No Variations]"
Add component (AddParameter): Name = "PackageReference"; Value = "0402"; VariantName = "[No Variations]"
Add component (AddParameter): Name = "PartNumber"; Value = "GRM155R70J104KA01D"; VariantName = "[No Variations]"
Add component (AddParameter): Name = "Polarized"; Value = "N"; VariantName = "[No Variations]"
Add component (AddParameter): Name = "Published"; Value = "2008-06-19"; VariantName = "[No Variations]"
Add component (AddParameter): Name = "Publisher"; Value = "Texas Instruments"; VariantName = "[No Variations]"
Add component (AddParameter): Name = "RoHS"; Value = "Y"; VariantName = "[No Variations]"
Add component (AddParameter): Name = "SizeArea_mm2"; Value = "0.5"; VariantName = "[No Variations]"
Add component (AddParameter): Name = "SizeAreaWB_mm2"; Value = "3"; VariantName = "[No Variations]"
Add component (AddParameter): Name = "SizeX_mm"; Value = "1"; VariantName = "[No Variations]"
Add component (AddParameter): Name = "SizeY_mm"; Value = "0.5"; VariantName = "[No Variations]"
Add component (AddParameter): Name = "SizeZ_mm"; Value = "0.6"; VariantName = "[No Variations]"
Add component (AddParameter): Name = "Supplier 1"; Value = "Digi-Key"; VariantName = "[No Variations]"
Add component (AddParameter): Name = "Supplier 2"; Value = "Mouser"; VariantName = "[No Variations]"
Add component (AddParameter): Name = "Supplier 3"; Value = ""; VariantName = "[No Variations]"
Add component (AddParameter): Name = "Supplier Part Number 1"; Value = "GRM155R70J104KA01D-ND"; VariantName = "[No Variations]"
Add component (AddParameter): Name = "Supplier Part Number 2"; Value = "81-GRM155R70J104KA1D"; VariantName = "[No Variations]"
Add component (AddParameter): Name = "Supplier Part Number 3"; Value = ""; VariantName = "[No Variations]"
Add component (AddParameter): Name = "TaMax_C"; Value = "125°C"; VariantName = "[No Variations]"
Add component (AddParameter): Name = "TaMin_C"; Value = "-55°C"; VariantName = "[No Variations]"
Add component (AddParameter): Name = "Technology"; Value = "Ceramic"; VariantName = "[No Variations]"
Add component (AddParameter): Name = "TempCo"; Value = "X7R"; VariantName = "[No Variations]"
Add component (AddParameter): Name = "Tolerance_%"; Value = "10%"; VariantName = "[No Variations]"
Add component (AddParameter): Name = "U/M"; Value = "EA"; VariantName = "[No Variations]"
Add component (AddParameter): Name = "Value"; Value = "0.1uF"; VariantName = "[No Variations]"
Add component (AddParameter): Name = "Value1"; Value = "Unknown"; VariantName = "[No Variations]"
Add component (AddParameter): Name = "Value2"; Value = "6.3V"; VariantName = "[No Variations]"
Add component (AddParameter): Name = "ValueDisplayed"; Value = "0.1uF"; VariantName = "[No Variations]"
Add component (AddParameter): Name = "VDC_V"; Value = "6.3V"; VariantName = "[No Variations]"
Added Component: Designator=C41(0603)
Add component (AddParameter): Name = "AEC Category"; Value = "Q200"; VariantName = "[No Variations]"
Add component (AddParameter): Name = "AEC Grade"; Value = "N/A"; VariantName = "[No Variations]"
Add component (AddParameter): Name = "AEC Qualified"; Value = "N"; VariantName = "[No Variations]"
Add component (AddParameter): Name = "Alternate Manufacturer"; Value = ""; VariantName = "[No Variations]"
Add component (AddParameter): Name = "Alternate PartNumber"; Value = ""; VariantName = "[No Variations]"
Add component (AddParameter): Name = "Cap_Case"; Value = "0603"; VariantName = "[No Variations]"
Add component (AddParameter): Name = "Cap_F"; Value = "3.3µF"; VariantName = "[No Variations]"
Add component (AddParameter): Name = "ComponentLink1Description"; Value = "Datasheet link"; VariantName = "[No Variations]"
Add component (AddParameter): Name = "ComponentLink1URL"; Value = "https://product.tdk.com/en/search/capacitor/ceramic/mlcc/info?part_no=C1608X7S1A335K080AC"; VariantName = "[No Variations]"
Add component (AddParameter): Name = "CompType"; Value = "Capacitor"; VariantName = "[No Variations]"
Add component (AddParameter): Name = "ESR_ohm"; Value = "4.796m"; VariantName = "[No Variations]"
Add component (AddParameter): Name = "IRMS_A"; Value = "2.3752A"; VariantName = "[No Variations]"
Add component (AddParameter): Name = "LatestRevisionDate"; Value = "2017-03-09"; VariantName = "[No Variations]"
Add component (AddParameter): Name = "Manufacturer"; Value = "TDK"; VariantName = "[No Variations]"
Add component (AddParameter): Name = "MountType"; Value = "SMT"; VariantName = "[No Variations]"
Add component (AddParameter): Name = "PackageReference"; Value = "0603"; VariantName = "[No Variations]"
Add component (AddParameter): Name = "PartNumber"; Value = "C1608X7S1A335K080AC"; VariantName = "[No Variations]"
Add component (AddParameter): Name = "Polarized"; Value = "N"; VariantName = "[No Variations]"
Add component (AddParameter): Name = "Published"; Value = "2008-06-19"; VariantName = "[No Variations]"
Add component (AddParameter): Name = "Publisher"; Value = "Texas Instruments"; VariantName = "[No Variations]"
Add component (AddParameter): Name = "RoHS"; Value = "Y"; VariantName = "[No Variations]"
Add component (AddParameter): Name = "SizeArea_mm2"; Value = "1.28"; VariantName = "[No Variations]"
Add component (AddParameter): Name = "SizeAreaWB_mm2"; Value = "4.68"; VariantName = "[No Variations]"
Add component (AddParameter): Name = "SizeX_mm"; Value = "1.6"; VariantName = "[No Variations]"
Add component (AddParameter): Name = "SizeY_mm"; Value = "0.8"; VariantName = "[No Variations]"
Add component (AddParameter): Name = "SizeZ_mm"; Value = "1"; VariantName = "[No Variations]"
Add component (AddParameter): Name = "Supplier 1"; Value = "Digi-Key"; VariantName = "[No Variations]"
Add component (AddParameter): Name = "Supplier 2"; Value = "Newark"; VariantName = "[No Variations]"
Add component (AddParameter): Name = "Supplier 3"; Value = "Mouser"; VariantName = "[No Variations]"
Add component (AddParameter): Name = "Supplier Part Number 1"; Value = "445-14256-1-ND"; VariantName = "[No Variations]"
Add component (AddParameter): Name = "Supplier Part Number 2"; Value = "52X3755"; VariantName = "[No Variations]"
Add component (AddParameter): Name = "Supplier Part Number 3"; Value = "810-C1608X7S1A335K0C"; VariantName = "[No Variations]"
Add component (AddParameter): Name = "TaMax_C"; Value = "125°C"; VariantName = "[No Variations]"
Add component (AddParameter): Name = "TaMin_C"; Value = "-55°C"; VariantName = "[No Variations]"
Add component (AddParameter): Name = "Technology"; Value = "Ceramic"; VariantName = "[No Variations]"
Add component (AddParameter): Name = "TempCo"; Value = "X7S"; VariantName = "[No Variations]"
Add component (AddParameter): Name = "Tolerance_%"; Value = "10%"; VariantName = "[No Variations]"
Add component (AddParameter): Name = "U/M"; Value = "EA"; VariantName = "[No Variations]"
Add component (AddParameter): Name = "Value"; Value = "3.3uF"; VariantName = "[No Variations]"
Add component (AddParameter): Name = "Value1"; Value = "0.004796 ohm"; VariantName = "[No Variations]"
Add component (AddParameter): Name = "Value2"; Value = "10V"; VariantName = "[No Variations]"
Add component (AddParameter): Name = "ValueDisplayed"; Value = "3.3uF"; VariantName = "[No Variations]"
Add component (AddParameter): Name = "VDC_V"; Value = "10V"; VariantName = "[No Variations]"
Added Component: Designator=C42(0402)
Add component (AddParameter): Name = "AEC Category"; Value = "Q200"; VariantName = "[No Variations]"
Add component (AddParameter): Name = "AEC Grade"; Value = ""; VariantName = "[No Variations]"
Add component (AddParameter): Name = "AEC Qualified"; Value = "?"; VariantName = "[No Variations]"
Add component (AddParameter): Name = "Alternate Manufacturer"; Value = ""; VariantName = "[No Variations]"
Add component (AddParameter): Name = "Alternate PartNumber"; Value = ""; VariantName = "[No Variations]"
Add component (AddParameter): Name = "Cap_Case"; Value = "0402"; VariantName = "[No Variations]"
Add component (AddParameter): Name = "Cap_F"; Value = "100nF"; VariantName = "[No Variations]"
Add component (AddParameter): Name = "ComponentLink1Description"; Value = "Datasheet link"; VariantName = "[No Variations]"
Add component (AddParameter): Name = "ComponentLink1URL"; Value = "http://search.murata.co.jp/Ceramy/PnsearchViewAction.do?HnOFG=ON&HnNFG=ON&SEL_CNT=50&sLang=en&sKey=GRM155R70J104KA01D&x=9&y=9&search=startwith"; VariantName = "[No Variations]"
Add component (AddParameter): Name = "CompType"; Value = "Capacitor"; VariantName = "[No Variations]"
Add component (AddParameter): Name = "ESR_ohm"; Value = ""; VariantName = "[No Variations]"
Add component (AddParameter): Name = "IRMS_A"; Value = ""; VariantName = "[No Variations]"
Add component (AddParameter): Name = "LatestRevisionDate"; Value = "2017-03-09"; VariantName = "[No Variations]"
Add component (AddParameter): Name = "Manufacturer"; Value = "MuRata"; VariantName = "[No Variations]"
Add component (AddParameter): Name = "MountType"; Value = "SMT"; VariantName = "[No Variations]"
Add component (AddParameter): Name = "PackageReference"; Value = "0402"; VariantName = "[No Variations]"
Add component (AddParameter): Name = "PartNumber"; Value = "GRM155R70J104KA01D"; VariantName = "[No Variations]"
Add component (AddParameter): Name = "Polarized"; Value = "N"; VariantName = "[No Variations]"
Add component (AddParameter): Name = "Published"; Value = "2008-06-19"; VariantName = "[No Variations]"
Add component (AddParameter): Name = "Publisher"; Value = "Texas Instruments"; VariantName = "[No Variations]"
Add component (AddParameter): Name = "RoHS"; Value = "Y"; VariantName = "[No Variations]"
Add component (AddParameter): Name = "SizeArea_mm2"; Value = "0.5"; VariantName = "[No Variations]"
Add component (AddParameter): Name = "SizeAreaWB_mm2"; Value = "3"; VariantName = "[No Variations]"
Add component (AddParameter): Name = "SizeX_mm"; Value = "1"; VariantName = "[No Variations]"
Add component (AddParameter): Name = "SizeY_mm"; Value = "0.5"; VariantName = "[No Variations]"
Add component (AddParameter): Name = "SizeZ_mm"; Value = "0.6"; VariantName = "[No Variations]"
Add component (AddParameter): Name = "Supplier 1"; Value = "Digi-Key"; VariantName = "[No Variations]"
Add component (AddParameter): Name = "Supplier 2"; Value = "Mouser"; VariantName = "[No Variations]"
Add component (AddParameter): Name = "Supplier 3"; Value = ""; VariantName = "[No Variations]"
Add component (AddParameter): Name = "Supplier Part Number 1"; Value = "GRM155R70J104KA01D-ND"; VariantName = "[No Variations]"
Add component (AddParameter): Name = "Supplier Part Number 2"; Value = "81-GRM155R70J104KA1D"; VariantName = "[No Variations]"
Add component (AddParameter): Name = "Supplier Part Number 3"; Value = ""; VariantName = "[No Variations]"
Add component (AddParameter): Name = "TaMax_C"; Value = "125°C"; VariantName = "[No Variations]"
Add component (AddParameter): Name = "TaMin_C"; Value = "-55°C"; VariantName = "[No Variations]"
Add component (AddParameter): Name = "Technology"; Value = "Ceramic"; VariantName = "[No Variations]"
Add component (AddParameter): Name = "TempCo"; Value = "X7R"; VariantName = "[No Variations]"
Add component (AddParameter): Name = "Tolerance_%"; Value = "10%"; VariantName = "[No Variations]"
Add component (AddParameter): Name = "U/M"; Value = "EA"; VariantName = "[No Variations]"
Add component (AddParameter): Name = "Value"; Value = "0.1uF"; VariantName = "[No Variations]"
Add component (AddParameter): Name = "Value1"; Value = "Unknown"; VariantName = "[No Variations]"
Add component (AddParameter): Name = "Value2"; Value = "6.3V"; VariantName = "[No Variations]"
Add component (AddParameter): Name = "ValueDisplayed"; Value = "0.1uF"; VariantName = "[No Variations]"
Add component (AddParameter): Name = "VDC_V"; Value = "6.3V"; VariantName = "[No Variations]"
Added Component: Designator=C43(0402)
Add component (AddParameter): Name = "AEC Category"; Value = "Q200"; VariantName = "[No Variations]"
Add component (AddParameter): Name = "AEC Grade"; Value = ""; VariantName = "[No Variations]"
Add component (AddParameter): Name = "AEC Qualified"; Value = "?"; VariantName = "[No Variations]"
Add component (AddParameter): Name = "Alternate Manufacturer"; Value = ""; VariantName = "[No Variations]"
Add component (AddParameter): Name = "Alternate PartNumber"; Value = ""; VariantName = "[No Variations]"
Add component (AddParameter): Name = "Cap_Case"; Value = "0402"; VariantName = "[No Variations]"
Add component (AddParameter): Name = "Cap_F"; Value = "100nF"; VariantName = "[No Variations]"
Add component (AddParameter): Name = "ComponentLink1Description"; Value = "Datasheet link"; VariantName = "[No Variations]"
Add component (AddParameter): Name = "ComponentLink1URL"; Value = "http://search.murata.co.jp/Ceramy/PnsearchViewAction.do?HnOFG=ON&HnNFG=ON&SEL_CNT=50&sLang=en&sKey=GRM155R70J104KA01D&x=9&y=9&search=startwith"; VariantName = "[No Variations]"
Add component (AddParameter): Name = "CompType"; Value = "Capacitor"; VariantName = "[No Variations]"
Add component (AddParameter): Name = "ESR_ohm"; Value = ""; VariantName = "[No Variations]"
Add component (AddParameter): Name = "IRMS_A"; Value = ""; VariantName = "[No Variations]"
Add component (AddParameter): Name = "LatestRevisionDate"; Value = "2017-03-09"; VariantName = "[No Variations]"
Add component (AddParameter): Name = "Manufacturer"; Value = "MuRata"; VariantName = "[No Variations]"
Add component (AddParameter): Name = "MountType"; Value = "SMT"; VariantName = "[No Variations]"
Add component (AddParameter): Name = "PackageReference"; Value = "0402"; VariantName = "[No Variations]"
Add component (AddParameter): Name = "PartNumber"; Value = "GRM155R70J104KA01D"; VariantName = "[No Variations]"
Add component (AddParameter): Name = "Polarized"; Value = "N"; VariantName = "[No Variations]"
Add component (AddParameter): Name = "Published"; Value = "2008-06-19"; VariantName = "[No Variations]"
Add component (AddParameter): Name = "Publisher"; Value = "Texas Instruments"; VariantName = "[No Variations]"
Add component (AddParameter): Name = "RoHS"; Value = "Y"; VariantName = "[No Variations]"
Add component (AddParameter): Name = "SizeArea_mm2"; Value = "0.5"; VariantName = "[No Variations]"
Add component (AddParameter): Name = "SizeAreaWB_mm2"; Value = "3"; VariantName = "[No Variations]"
Add component (AddParameter): Name = "SizeX_mm"; Value = "1"; VariantName = "[No Variations]"
Add component (AddParameter): Name = "SizeY_mm"; Value = "0.5"; VariantName = "[No Variations]"
Add component (AddParameter): Name = "SizeZ_mm"; Value = "0.6"; VariantName = "[No Variations]"
Add component (AddParameter): Name = "Supplier 1"; Value = "Digi-Key"; VariantName = "[No Variations]"
Add component (AddParameter): Name = "Supplier 2"; Value = "Mouser"; VariantName = "[No Variations]"
Add component (AddParameter): Name = "Supplier 3"; Value = ""; VariantName = "[No Variations]"
Add component (AddParameter): Name = "Supplier Part Number 1"; Value = "GRM155R70J104KA01D-ND"; VariantName = "[No Variations]"
Add component (AddParameter): Name = "Supplier Part Number 2"; Value = "81-GRM155R70J104KA1D"; VariantName = "[No Variations]"
Add component (AddParameter): Name = "Supplier Part Number 3"; Value = ""; VariantName = "[No Variations]"
Add component (AddParameter): Name = "TaMax_C"; Value = "125°C"; VariantName = "[No Variations]"
Add component (AddParameter): Name = "TaMin_C"; Value = "-55°C"; VariantName = "[No Variations]"
Add component (AddParameter): Name = "Technology"; Value = "Ceramic"; VariantName = "[No Variations]"
Add component (AddParameter): Name = "TempCo"; Value = "X7R"; VariantName = "[No Variations]"
Add component (AddParameter): Name = "Tolerance_%"; Value = "10%"; VariantName = "[No Variations]"
Add component (AddParameter): Name = "U/M"; Value = "EA"; VariantName = "[No Variations]"
Add component (AddParameter): Name = "Value"; Value = "0.1uF"; VariantName = "[No Variations]"
Add component (AddParameter): Name = "Value1"; Value = "Unknown"; VariantName = "[No Variations]"
Add component (AddParameter): Name = "Value2"; Value = "6.3V"; VariantName = "[No Variations]"
Add component (AddParameter): Name = "ValueDisplayed"; Value = "0.1uF"; VariantName = "[No Variations]"
Add component (AddParameter): Name = "VDC_V"; Value = "6.3V"; VariantName = "[No Variations]"
Added Component: Designator=C44(0402)
Add component (AddParameter): Name = "AEC Category"; Value = "Q200"; VariantName = "[No Variations]"
Add component (AddParameter): Name = "AEC Grade"; Value = ""; VariantName = "[No Variations]"
Add component (AddParameter): Name = "AEC Qualified"; Value = "?"; VariantName = "[No Variations]"
Add component (AddParameter): Name = "Alternate Manufacturer"; Value = ""; VariantName = "[No Variations]"
Add component (AddParameter): Name = "Alternate PartNumber"; Value = ""; VariantName = "[No Variations]"
Add component (AddParameter): Name = "Cap_Case"; Value = "0402"; VariantName = "[No Variations]"
Add component (AddParameter): Name = "Cap_F"; Value = "100nF"; VariantName = "[No Variations]"
Add component (AddParameter): Name = "ComponentLink1Description"; Value = "Datasheet link"; VariantName = "[No Variations]"
Add component (AddParameter): Name = "ComponentLink1URL"; Value = "http://search.murata.co.jp/Ceramy/PnsearchViewAction.do?HnOFG=ON&HnNFG=ON&SEL_CNT=50&sLang=en&sKey=GRM155R70J104KA01D&x=9&y=9&search=startwith"; VariantName = "[No Variations]"
Add component (AddParameter): Name = "CompType"; Value = "Capacitor"; VariantName = "[No Variations]"
Add component (AddParameter): Name = "ESR_ohm"; Value = ""; VariantName = "[No Variations]"
Add component (AddParameter): Name = "IRMS_A"; Value = ""; VariantName = "[No Variations]"
Add component (AddParameter): Name = "LatestRevisionDate"; Value = "2017-03-09"; VariantName = "[No Variations]"
Add component (AddParameter): Name = "Manufacturer"; Value = "MuRata"; VariantName = "[No Variations]"
Add component (AddParameter): Name = "MountType"; Value = "SMT"; VariantName = "[No Variations]"
Add component (AddParameter): Name = "PackageReference"; Value = "0402"; VariantName = "[No Variations]"
Add component (AddParameter): Name = "PartNumber"; Value = "GRM155R70J104KA01D"; VariantName = "[No Variations]"
Add component (AddParameter): Name = "Polarized"; Value = "N"; VariantName = "[No Variations]"
Add component (AddParameter): Name = "Published"; Value = "2008-06-19"; VariantName = "[No Variations]"
Add component (AddParameter): Name = "Publisher"; Value = "Texas Instruments"; VariantName = "[No Variations]"
Add component (AddParameter): Name = "RoHS"; Value = "Y"; VariantName = "[No Variations]"
Add component (AddParameter): Name = "SizeArea_mm2"; Value = "0.5"; VariantName = "[No Variations]"
Add component (AddParameter): Name = "SizeAreaWB_mm2"; Value = "3"; VariantName = "[No Variations]"
Add component (AddParameter): Name = "SizeX_mm"; Value = "1"; VariantName = "[No Variations]"
Add component (AddParameter): Name = "SizeY_mm"; Value = "0.5"; VariantName = "[No Variations]"
Add component (AddParameter): Name = "SizeZ_mm"; Value = "0.6"; VariantName = "[No Variations]"
Add component (AddParameter): Name = "Supplier 1"; Value = "Digi-Key"; VariantName = "[No Variations]"
Add component (AddParameter): Name = "Supplier 2"; Value = "Mouser"; VariantName = "[No Variations]"
Add component (AddParameter): Name = "Supplier 3"; Value = ""; VariantName = "[No Variations]"
Add component (AddParameter): Name = "Supplier Part Number 1"; Value = "GRM155R70J104KA01D-ND"; VariantName = "[No Variations]"
Add component (AddParameter): Name = "Supplier Part Number 2"; Value = "81-GRM155R70J104KA1D"; VariantName = "[No Variations]"
Add component (AddParameter): Name = "Supplier Part Number 3"; Value = ""; VariantName = "[No Variations]"
Add component (AddParameter): Name = "TaMax_C"; Value = "125°C"; VariantName = "[No Variations]"
Add component (AddParameter): Name = "TaMin_C"; Value = "-55°C"; VariantName = "[No Variations]"
Add component (AddParameter): Name = "Technology"; Value = "Ceramic"; VariantName = "[No Variations]"
Add component (AddParameter): Name = "TempCo"; Value = "X7R"; VariantName = "[No Variations]"
Add component (AddParameter): Name = "Tolerance_%"; Value = "10%"; VariantName = "[No Variations]"
Add component (AddParameter): Name = "U/M"; Value = "EA"; VariantName = "[No Variations]"
Add component (AddParameter): Name = "Value"; Value = "0.1uF"; VariantName = "[No Variations]"
Add component (AddParameter): Name = "Value1"; Value = "Unknown"; VariantName = "[No Variations]"
Add component (AddParameter): Name = "Value2"; Value = "6.3V"; VariantName = "[No Variations]"
Add component (AddParameter): Name = "ValueDisplayed"; Value = "0.1uF"; VariantName = "[No Variations]"
Add component (AddParameter): Name = "VDC_V"; Value = "6.3V"; VariantName = "[No Variations]"
Added Component: Designator=C45(FP-GRM033C80J105ME05D_0201-MFG)
Add component (AddParameter): Name = "AEC Qualified"; Value = "No"; VariantName = "[No Variations]"
Add component (AddParameter): Name = "Cap_F"; Value = "1µF"; VariantName = "[No Variations]"
Add component (AddParameter): Name = "ComponentLink1Description"; Value = "Datasheet"; VariantName = "[No Variations]"
Add component (AddParameter): Name = "ComponentLink1URL"; Value = "https://www.murata.com/en-us/products/productdetail?partno=GRM033C80J105ME05%23"; VariantName = "[No Variations]"
Add component (AddParameter): Name = "datasheet"; Value = "https://www.murata.com/en-us/products/productdetail?partno=GRM033C80J105ME05%23"; VariantName = "[No Variations]"
Add component (AddParameter): Name = "Datasheet Path"; Value = "datasheets/Cap-GRM033C80J105ME05D.pdf"; VariantName = "[No Variations]"
Add component (AddParameter): Name = "helpURL"; Value = "https://upverter.com/upn/revision/64a3db239e8cbfc8/"; VariantName = "[No Variations]"
Add component (AddParameter): Name = "Lead Free"; Value = "Yes"; VariantName = "[No Variations]"
Add component (AddParameter): Name = "Manufacturer"; Value = "Murata"; VariantName = "[No Variations]"
Add component (AddParameter): Name = "Operating Temperature Range"; Value = "-55°C to +105°C"; VariantName = "[No Variations]"
Add component (AddParameter): Name = "PackageReference"; Value = "0201"; VariantName = "[No Variations]"
Add component (AddParameter): Name = "Part Number"; Value = "GRM033C80J105ME05D"; VariantName = "[No Variations]"
Add component (AddParameter): Name = "PartNumber"; Value = "GRM033C80J105ME05D"; VariantName = "[No Variations]"
Add component (AddParameter): Name = "RoHS"; Value = "TRUE"; VariantName = "[No Variations]"
Add component (AddParameter): Name = "SizeZ_mm"; Value = "0.39mm"; VariantName = "[No Variations]"
Add component (AddParameter): Name = "TempCo"; Value = "22%"; VariantName = "[No Variations]"
Add component (AddParameter): Name = "Temperature Characteristic"; Value = "X6S"; VariantName = "[No Variations]"
Add component (AddParameter): Name = "Tolerance_%"; Value = "20%"; VariantName = "[No Variations]"
Add component (AddParameter): Name = "Value"; Value = "1µF"; VariantName = "[No Variations]"
Add component (AddParameter): Name = "ValueDisplayed"; Value = "1.0uF"; VariantName = "[No Variations]"
Add component (AddParameter): Name = "VDC_V"; Value = "6.3V"; VariantName = "[No Variations]"
Added Component: Designator=C46(FP-GRM033C80J105ME05D_0201-MFG)
Add component (AddParameter): Name = "AEC Qualified"; Value = "No"; VariantName = "[No Variations]"
Add component (AddParameter): Name = "Cap_F"; Value = "1µF"; VariantName = "[No Variations]"
Add component (AddParameter): Name = "ComponentLink1Description"; Value = "Datasheet"; VariantName = "[No Variations]"
Add component (AddParameter): Name = "ComponentLink1URL"; Value = "https://www.murata.com/en-us/products/productdetail?partno=GRM033C80J105ME05%23"; VariantName = "[No Variations]"
Add component (AddParameter): Name = "datasheet"; Value = "https://www.murata.com/en-us/products/productdetail?partno=GRM033C80J105ME05%23"; VariantName = "[No Variations]"
Add component (AddParameter): Name = "Datasheet Path"; Value = "datasheets/Cap-GRM033C80J105ME05D.pdf"; VariantName = "[No Variations]"
Add component (AddParameter): Name = "helpURL"; Value = "https://upverter.com/upn/revision/64a3db239e8cbfc8/"; VariantName = "[No Variations]"
Add component (AddParameter): Name = "Lead Free"; Value = "Yes"; VariantName = "[No Variations]"
Add component (AddParameter): Name = "Manufacturer"; Value = "Murata"; VariantName = "[No Variations]"
Add component (AddParameter): Name = "Operating Temperature Range"; Value = "-55°C to +105°C"; VariantName = "[No Variations]"
Add component (AddParameter): Name = "PackageReference"; Value = "0201"; VariantName = "[No Variations]"
Add component (AddParameter): Name = "Part Number"; Value = "GRM033C80J105ME05D"; VariantName = "[No Variations]"
Add component (AddParameter): Name = "PartNumber"; Value = "GRM033C80J105ME05D"; VariantName = "[No Variations]"
Add component (AddParameter): Name = "RoHS"; Value = "TRUE"; VariantName = "[No Variations]"
Add component (AddParameter): Name = "SizeZ_mm"; Value = "0.39mm"; VariantName = "[No Variations]"
Add component (AddParameter): Name = "TempCo"; Value = "22%"; VariantName = "[No Variations]"
Add component (AddParameter): Name = "Temperature Characteristic"; Value = "X6S"; VariantName = "[No Variations]"
Add component (AddParameter): Name = "Tolerance_%"; Value = "20%"; VariantName = "[No Variations]"
Add component (AddParameter): Name = "Value"; Value = "1µF"; VariantName = "[No Variations]"
Add component (AddParameter): Name = "ValueDisplayed"; Value = "1.0uF"; VariantName = "[No Variations]"
Add component (AddParameter): Name = "VDC_V"; Value = "6.3V"; VariantName = "[No Variations]"
Added Component: Designator=C47(FP-GRM033C80J105ME05D_0201-MFG)
Add component (AddParameter): Name = "AEC Qualified"; Value = "No"; VariantName = "[No Variations]"
Add component (AddParameter): Name = "Cap_F"; Value = "1µF"; VariantName = "[No Variations]"
Add component (AddParameter): Name = "ComponentLink1Description"; Value = "Datasheet"; VariantName = "[No Variations]"
Add component (AddParameter): Name = "ComponentLink1URL"; Value = "https://www.murata.com/en-us/products/productdetail?partno=GRM033C80J105ME05%23"; VariantName = "[No Variations]"
Add component (AddParameter): Name = "datasheet"; Value = "https://www.murata.com/en-us/products/productdetail?partno=GRM033C80J105ME05%23"; VariantName = "[No Variations]"
Add component (AddParameter): Name = "Datasheet Path"; Value = "datasheets/Cap-GRM033C80J105ME05D.pdf"; VariantName = "[No Variations]"
Add component (AddParameter): Name = "helpURL"; Value = "https://upverter.com/upn/revision/64a3db239e8cbfc8/"; VariantName = "[No Variations]"
Add component (AddParameter): Name = "Lead Free"; Value = "Yes"; VariantName = "[No Variations]"
Add component (AddParameter): Name = "Manufacturer"; Value = "Murata"; VariantName = "[No Variations]"
Add component (AddParameter): Name = "Operating Temperature Range"; Value = "-55°C to +105°C"; VariantName = "[No Variations]"
Add component (AddParameter): Name = "PackageReference"; Value = "0201"; VariantName = "[No Variations]"
Add component (AddParameter): Name = "Part Number"; Value = "GRM033C80J105ME05D"; VariantName = "[No Variations]"
Add component (AddParameter): Name = "PartNumber"; Value = "GRM033C80J105ME05D"; VariantName = "[No Variations]"
Add component (AddParameter): Name = "RoHS"; Value = "TRUE"; VariantName = "[No Variations]"
Add component (AddParameter): Name = "SizeZ_mm"; Value = "0.39mm"; VariantName = "[No Variations]"
Add component (AddParameter): Name = "TempCo"; Value = "22%"; VariantName = "[No Variations]"
Add component (AddParameter): Name = "Temperature Characteristic"; Value = "X6S"; VariantName = "[No Variations]"
Add component (AddParameter): Name = "Tolerance_%"; Value = "20%"; VariantName = "[No Variations]"
Add component (AddParameter): Name = "Value"; Value = "1µF"; VariantName = "[No Variations]"
Add component (AddParameter): Name = "ValueDisplayed"; Value = "1.0uF"; VariantName = "[No Variations]"
Add component (AddParameter): Name = "VDC_V"; Value = "6.3V"; VariantName = "[No Variations]"
Added Component: Designator=C48(FP-GRM033C80J105ME05D_0201-MFG)
Add component (AddParameter): Name = "AEC Qualified"; Value = "No"; VariantName = "[No Variations]"
Add component (AddParameter): Name = "Cap_F"; Value = "1µF"; VariantName = "[No Variations]"
Add component (AddParameter): Name = "ComponentLink1Description"; Value = "Datasheet"; VariantName = "[No Variations]"
Add component (AddParameter): Name = "ComponentLink1URL"; Value = "https://www.murata.com/en-us/products/productdetail?partno=GRM033C80J105ME05%23"; VariantName = "[No Variations]"
Add component (AddParameter): Name = "datasheet"; Value = "https://www.murata.com/en-us/products/productdetail?partno=GRM033C80J105ME05%23"; VariantName = "[No Variations]"
Add component (AddParameter): Name = "Datasheet Path"; Value = "datasheets/Cap-GRM033C80J105ME05D.pdf"; VariantName = "[No Variations]"
Add component (AddParameter): Name = "helpURL"; Value = "https://upverter.com/upn/revision/64a3db239e8cbfc8/"; VariantName = "[No Variations]"
Add component (AddParameter): Name = "Lead Free"; Value = "Yes"; VariantName = "[No Variations]"
Add component (AddParameter): Name = "Manufacturer"; Value = "Murata"; VariantName = "[No Variations]"
Add component (AddParameter): Name = "Operating Temperature Range"; Value = "-55°C to +105°C"; VariantName = "[No Variations]"
Add component (AddParameter): Name = "PackageReference"; Value = "0201"; VariantName = "[No Variations]"
Add component (AddParameter): Name = "Part Number"; Value = "GRM033C80J105ME05D"; VariantName = "[No Variations]"
Add component (AddParameter): Name = "PartNumber"; Value = "GRM033C80J105ME05D"; VariantName = "[No Variations]"
Add component (AddParameter): Name = "RoHS"; Value = "TRUE"; VariantName = "[No Variations]"
Add component (AddParameter): Name = "SizeZ_mm"; Value = "0.39mm"; VariantName = "[No Variations]"
Add component (AddParameter): Name = "TempCo"; Value = "22%"; VariantName = "[No Variations]"
Add component (AddParameter): Name = "Temperature Characteristic"; Value = "X6S"; VariantName = "[No Variations]"
Add component (AddParameter): Name = "Tolerance_%"; Value = "20%"; VariantName = "[No Variations]"
Add component (AddParameter): Name = "Value"; Value = "1µF"; VariantName = "[No Variations]"
Add component (AddParameter): Name = "ValueDisplayed"; Value = "1.0uF"; VariantName = "[No Variations]"
Add component (AddParameter): Name = "VDC_V"; Value = "6.3V"; VariantName = "[No Variations]"
Added Component: Designator=C49(0603)
Add component (AddParameter): Name = "AEC Category"; Value = "Q200"; VariantName = "[No Variations]"
Add component (AddParameter): Name = "AEC Grade"; Value = "N/A"; VariantName = "[No Variations]"
Add component (AddParameter): Name = "AEC Qualified"; Value = "N"; VariantName = "[No Variations]"
Add component (AddParameter): Name = "Alternate Manufacturer"; Value = ""; VariantName = "[No Variations]"
Add component (AddParameter): Name = "Alternate PartNumber"; Value = ""; VariantName = "[No Variations]"
Add component (AddParameter): Name = "Cap_Case"; Value = "0603"; VariantName = "[No Variations]"
Add component (AddParameter): Name = "Cap_F"; Value = "4.7µF"; VariantName = "[No Variations]"
Add component (AddParameter): Name = "ComponentLink1Description"; Value = "Datasheet link"; VariantName = "[No Variations]"
Add component (AddParameter): Name = "ComponentLink1URL"; Value = "http://search.murata.co.jp/Ceramy/image/img/A01X/G101/ENG/GRM188Z71A475ME15-01.pdf"; VariantName = "[No Variations]"
Add component (AddParameter): Name = "CompType"; Value = "Capacitor"; VariantName = "[No Variations]"
Add component (AddParameter): Name = "ESR_ohm"; Value = ""; VariantName = "[No Variations]"
Add component (AddParameter): Name = "IRMS_A"; Value = ""; VariantName = "[No Variations]"
Add component (AddParameter): Name = "LatestRevisionDate"; Value = "2017-03-09"; VariantName = "[No Variations]"
Add component (AddParameter): Name = "Manufacturer"; Value = "MuRata"; VariantName = "[No Variations]"
Add component (AddParameter): Name = "MountType"; Value = "SMT"; VariantName = "[No Variations]"
Add component (AddParameter): Name = "PackageReference"; Value = "0603"; VariantName = "[No Variations]"
Add component (AddParameter): Name = "PartNumber"; Value = "GRM188Z71A475ME15D"; VariantName = "[No Variations]"
Add component (AddParameter): Name = "Polarized"; Value = "N"; VariantName = "[No Variations]"
Add component (AddParameter): Name = "Published"; Value = "2008-06-19"; VariantName = "[No Variations]"
Add component (AddParameter): Name = "Publisher"; Value = "Texas Instruments"; VariantName = "[No Variations]"
Add component (AddParameter): Name = "RoHS"; Value = "Y"; VariantName = "[No Variations]"
Add component (AddParameter): Name = "SizeArea_mm2"; Value = "1.28"; VariantName = "[No Variations]"
Add component (AddParameter): Name = "SizeAreaWB_mm2"; Value = "4.68"; VariantName = "[No Variations]"
Add component (AddParameter): Name = "SizeX_mm"; Value = "1.6"; VariantName = "[No Variations]"
Add component (AddParameter): Name = "SizeY_mm"; Value = "0.8"; VariantName = "[No Variations]"
Add component (AddParameter): Name = "SizeZ_mm"; Value = "1"; VariantName = "[No Variations]"
Add component (AddParameter): Name = "Supplier 1"; Value = "Digi-Key"; VariantName = "[No Variations]"
Add component (AddParameter): Name = "Supplier 2"; Value = "Newark"; VariantName = "[No Variations]"
Add component (AddParameter): Name = "Supplier 3"; Value = "Mouser"; VariantName = "[No Variations]"
Add component (AddParameter): Name = "Supplier Part Number 1"; Value = ""; VariantName = "[No Variations]"
Add component (AddParameter): Name = "Supplier Part Number 2"; Value = ""; VariantName = "[No Variations]"
Add component (AddParameter): Name = "Supplier Part Number 3"; Value = "81-GRM188Z71A475ME5D"; VariantName = "[No Variations]"
Add component (AddParameter): Name = "TaMax_C"; Value = "125°C"; VariantName = "[No Variations]"
Add component (AddParameter): Name = "TaMin_C"; Value = "-55°C"; VariantName = "[No Variations]"
Add component (AddParameter): Name = "Technology"; Value = "Ceramic"; VariantName = "[No Variations]"
Add component (AddParameter): Name = "TempCo"; Value = "X7R"; VariantName = "[No Variations]"
Add component (AddParameter): Name = "Tolerance_%"; Value = "20%"; VariantName = "[No Variations]"
Add component (AddParameter): Name = "U/M"; Value = "EA"; VariantName = "[No Variations]"
Add component (AddParameter): Name = "Value"; Value = "4.7uF"; VariantName = "[No Variations]"
Add component (AddParameter): Name = "Value1"; Value = "Unknown"; VariantName = "[No Variations]"
Add component (AddParameter): Name = "Value2"; Value = "10V"; VariantName = "[No Variations]"
Add component (AddParameter): Name = "ValueDisplayed"; Value = "4.7uF"; VariantName = "[No Variations]"
Add component (AddParameter): Name = "VDC_V"; Value = "10V"; VariantName = "[No Variations]"
Added Component: Designator=C50(0402)
Add component (AddParameter): Name = "AEC Category"; Value = "Q200"; VariantName = "[No Variations]"
Add component (AddParameter): Name = "AEC Grade"; Value = ""; VariantName = "[No Variations]"
Add component (AddParameter): Name = "AEC Qualified"; Value = "?"; VariantName = "[No Variations]"
Add component (AddParameter): Name = "Alternate Manufacturer"; Value = ""; VariantName = "[No Variations]"
Add component (AddParameter): Name = "Alternate PartNumber"; Value = ""; VariantName = "[No Variations]"
Add component (AddParameter): Name = "Cap_Case"; Value = "0402"; VariantName = "[No Variations]"
Add component (AddParameter): Name = "Cap_F"; Value = "100nF"; VariantName = "[No Variations]"
Add component (AddParameter): Name = "ComponentLink1Description"; Value = "Datasheet link"; VariantName = "[No Variations]"
Add component (AddParameter): Name = "ComponentLink1URL"; Value = "http://search.murata.co.jp/Ceramy/PnsearchViewAction.do?HnOFG=ON&HnNFG=ON&SEL_CNT=50&sLang=en&sKey=GRM155R70J104KA01D&x=9&y=9&search=startwith"; VariantName = "[No Variations]"
Add component (AddParameter): Name = "CompType"; Value = "Capacitor"; VariantName = "[No Variations]"
Add component (AddParameter): Name = "ESR_ohm"; Value = ""; VariantName = "[No Variations]"
Add component (AddParameter): Name = "IRMS_A"; Value = ""; VariantName = "[No Variations]"
Add component (AddParameter): Name = "LatestRevisionDate"; Value = "2017-03-09"; VariantName = "[No Variations]"
Add component (AddParameter): Name = "Manufacturer"; Value = "MuRata"; VariantName = "[No Variations]"
Add component (AddParameter): Name = "MountType"; Value = "SMT"; VariantName = "[No Variations]"
Add component (AddParameter): Name = "PackageReference"; Value = "0402"; VariantName = "[No Variations]"
Add component (AddParameter): Name = "PartNumber"; Value = "GRM155R70J104KA01D"; VariantName = "[No Variations]"
Add component (AddParameter): Name = "Polarized"; Value = "N"; VariantName = "[No Variations]"
Add component (AddParameter): Name = "Published"; Value = "2008-06-19"; VariantName = "[No Variations]"
Add component (AddParameter): Name = "Publisher"; Value = "Texas Instruments"; VariantName = "[No Variations]"
Add component (AddParameter): Name = "RoHS"; Value = "Y"; VariantName = "[No Variations]"
Add component (AddParameter): Name = "SizeArea_mm2"; Value = "0.5"; VariantName = "[No Variations]"
Add component (AddParameter): Name = "SizeAreaWB_mm2"; Value = "3"; VariantName = "[No Variations]"
Add component (AddParameter): Name = "SizeX_mm"; Value = "1"; VariantName = "[No Variations]"
Add component (AddParameter): Name = "SizeY_mm"; Value = "0.5"; VariantName = "[No Variations]"
Add component (AddParameter): Name = "SizeZ_mm"; Value = "0.6"; VariantName = "[No Variations]"
Add component (AddParameter): Name = "Supplier 1"; Value = "Digi-Key"; VariantName = "[No Variations]"
Add component (AddParameter): Name = "Supplier 2"; Value = "Mouser"; VariantName = "[No Variations]"
Add component (AddParameter): Name = "Supplier 3"; Value = ""; VariantName = "[No Variations]"
Add component (AddParameter): Name = "Supplier Part Number 1"; Value = "GRM155R70J104KA01D-ND"; VariantName = "[No Variations]"
Add component (AddParameter): Name = "Supplier Part Number 2"; Value = "81-GRM155R70J104KA1D"; VariantName = "[No Variations]"
Add component (AddParameter): Name = "Supplier Part Number 3"; Value = ""; VariantName = "[No Variations]"
Add component (AddParameter): Name = "TaMax_C"; Value = "125°C"; VariantName = "[No Variations]"
Add component (AddParameter): Name = "TaMin_C"; Value = "-55°C"; VariantName = "[No Variations]"
Add component (AddParameter): Name = "Technology"; Value = "Ceramic"; VariantName = "[No Variations]"
Add component (AddParameter): Name = "TempCo"; Value = "X7R"; VariantName = "[No Variations]"
Add component (AddParameter): Name = "Tolerance_%"; Value = "10%"; VariantName = "[No Variations]"
Add component (AddParameter): Name = "U/M"; Value = "EA"; VariantName = "[No Variations]"
Add component (AddParameter): Name = "Value"; Value = "0.1uF"; VariantName = "[No Variations]"
Add component (AddParameter): Name = "Value1"; Value = "Unknown"; VariantName = "[No Variations]"
Add component (AddParameter): Name = "Value2"; Value = "6.3V"; VariantName = "[No Variations]"
Add component (AddParameter): Name = "ValueDisplayed"; Value = "0.1uF"; VariantName = "[No Variations]"
Add component (AddParameter): Name = "VDC_V"; Value = "6.3V"; VariantName = "[No Variations]"
Added Component: Designator=C51(0402)
Add component (AddParameter): Name = "AEC Category"; Value = "Q200"; VariantName = "[No Variations]"
Add component (AddParameter): Name = "AEC Grade"; Value = ""; VariantName = "[No Variations]"
Add component (AddParameter): Name = "AEC Qualified"; Value = "?"; VariantName = "[No Variations]"
Add component (AddParameter): Name = "Alternate Manufacturer"; Value = ""; VariantName = "[No Variations]"
Add component (AddParameter): Name = "Alternate PartNumber"; Value = ""; VariantName = "[No Variations]"
Add component (AddParameter): Name = "Cap_Case"; Value = "0402"; VariantName = "[No Variations]"
Add component (AddParameter): Name = "Cap_F"; Value = "100nF"; VariantName = "[No Variations]"
Add component (AddParameter): Name = "ComponentLink1Description"; Value = "Datasheet link"; VariantName = "[No Variations]"
Add component (AddParameter): Name = "ComponentLink1URL"; Value = "http://search.murata.co.jp/Ceramy/PnsearchViewAction.do?HnOFG=ON&HnNFG=ON&SEL_CNT=50&sLang=en&sKey=GRM155R70J104KA01D&x=9&y=9&search=startwith"; VariantName = "[No Variations]"
Add component (AddParameter): Name = "CompType"; Value = "Capacitor"; VariantName = "[No Variations]"
Add component (AddParameter): Name = "ESR_ohm"; Value = ""; VariantName = "[No Variations]"
Add component (AddParameter): Name = "IRMS_A"; Value = ""; VariantName = "[No Variations]"
Add component (AddParameter): Name = "LatestRevisionDate"; Value = "2017-03-09"; VariantName = "[No Variations]"
Add component (AddParameter): Name = "Manufacturer"; Value = "MuRata"; VariantName = "[No Variations]"
Add component (AddParameter): Name = "MountType"; Value = "SMT"; VariantName = "[No Variations]"
Add component (AddParameter): Name = "PackageReference"; Value = "0402"; VariantName = "[No Variations]"
Add component (AddParameter): Name = "PartNumber"; Value = "GRM155R70J104KA01D"; VariantName = "[No Variations]"
Add component (AddParameter): Name = "Polarized"; Value = "N"; VariantName = "[No Variations]"
Add component (AddParameter): Name = "Published"; Value = "2008-06-19"; VariantName = "[No Variations]"
Add component (AddParameter): Name = "Publisher"; Value = "Texas Instruments"; VariantName = "[No Variations]"
Add component (AddParameter): Name = "RoHS"; Value = "Y"; VariantName = "[No Variations]"
Add component (AddParameter): Name = "SizeArea_mm2"; Value = "0.5"; VariantName = "[No Variations]"
Add component (AddParameter): Name = "SizeAreaWB_mm2"; Value = "3"; VariantName = "[No Variations]"
Add component (AddParameter): Name = "SizeX_mm"; Value = "1"; VariantName = "[No Variations]"
Add component (AddParameter): Name = "SizeY_mm"; Value = "0.5"; VariantName = "[No Variations]"
Add component (AddParameter): Name = "SizeZ_mm"; Value = "0.6"; VariantName = "[No Variations]"
Add component (AddParameter): Name = "Supplier 1"; Value = "Digi-Key"; VariantName = "[No Variations]"
Add component (AddParameter): Name = "Supplier 2"; Value = "Mouser"; VariantName = "[No Variations]"
Add component (AddParameter): Name = "Supplier 3"; Value = ""; VariantName = "[No Variations]"
Add component (AddParameter): Name = "Supplier Part Number 1"; Value = "GRM155R70J104KA01D-ND"; VariantName = "[No Variations]"
Add component (AddParameter): Name = "Supplier Part Number 2"; Value = "81-GRM155R70J104KA1D"; VariantName = "[No Variations]"
Add component (AddParameter): Name = "Supplier Part Number 3"; Value = ""; VariantName = "[No Variations]"
Add component (AddParameter): Name = "TaMax_C"; Value = "125°C"; VariantName = "[No Variations]"
Add component (AddParameter): Name = "TaMin_C"; Value = "-55°C"; VariantName = "[No Variations]"
Add component (AddParameter): Name = "Technology"; Value = "Ceramic"; VariantName = "[No Variations]"
Add component (AddParameter): Name = "TempCo"; Value = "X7R"; VariantName = "[No Variations]"
Add component (AddParameter): Name = "Tolerance_%"; Value = "10%"; VariantName = "[No Variations]"
Add component (AddParameter): Name = "U/M"; Value = "EA"; VariantName = "[No Variations]"
Add component (AddParameter): Name = "Value"; Value = "0.1uF"; VariantName = "[No Variations]"
Add component (AddParameter): Name = "Value1"; Value = "Unknown"; VariantName = "[No Variations]"
Add component (AddParameter): Name = "Value2"; Value = "6.3V"; VariantName = "[No Variations]"
Add component (AddParameter): Name = "ValueDisplayed"; Value = "0.1uF"; VariantName = "[No Variations]"
Add component (AddParameter): Name = "VDC_V"; Value = "6.3V"; VariantName = "[No Variations]"
Added Component: Designator=C52(0402)
Add component (AddParameter): Name = "AEC Category"; Value = "Q200"; VariantName = "[No Variations]"
Add component (AddParameter): Name = "AEC Grade"; Value = ""; VariantName = "[No Variations]"
Add component (AddParameter): Name = "AEC Qualified"; Value = "?"; VariantName = "[No Variations]"
Add component (AddParameter): Name = "Alternate Manufacturer"; Value = ""; VariantName = "[No Variations]"
Add component (AddParameter): Name = "Alternate PartNumber"; Value = ""; VariantName = "[No Variations]"
Add component (AddParameter): Name = "Cap_Case"; Value = "0402"; VariantName = "[No Variations]"
Add component (AddParameter): Name = "Cap_F"; Value = "100nF"; VariantName = "[No Variations]"
Add component (AddParameter): Name = "ComponentLink1Description"; Value = "Datasheet link"; VariantName = "[No Variations]"
Add component (AddParameter): Name = "ComponentLink1URL"; Value = "http://search.murata.co.jp/Ceramy/PnsearchViewAction.do?HnOFG=ON&HnNFG=ON&SEL_CNT=50&sLang=en&sKey=GRM155R70J104KA01D&x=9&y=9&search=startwith"; VariantName = "[No Variations]"
Add component (AddParameter): Name = "CompType"; Value = "Capacitor"; VariantName = "[No Variations]"
Add component (AddParameter): Name = "ESR_ohm"; Value = ""; VariantName = "[No Variations]"
Add component (AddParameter): Name = "IRMS_A"; Value = ""; VariantName = "[No Variations]"
Add component (AddParameter): Name = "LatestRevisionDate"; Value = "2017-03-09"; VariantName = "[No Variations]"
Add component (AddParameter): Name = "Manufacturer"; Value = "MuRata"; VariantName = "[No Variations]"
Add component (AddParameter): Name = "MountType"; Value = "SMT"; VariantName = "[No Variations]"
Add component (AddParameter): Name = "PackageReference"; Value = "0402"; VariantName = "[No Variations]"
Add component (AddParameter): Name = "PartNumber"; Value = "GRM155R70J104KA01D"; VariantName = "[No Variations]"
Add component (AddParameter): Name = "Polarized"; Value = "N"; VariantName = "[No Variations]"
Add component (AddParameter): Name = "Published"; Value = "2008-06-19"; VariantName = "[No Variations]"
Add component (AddParameter): Name = "Publisher"; Value = "Texas Instruments"; VariantName = "[No Variations]"
Add component (AddParameter): Name = "RoHS"; Value = "Y"; VariantName = "[No Variations]"
Add component (AddParameter): Name = "SizeArea_mm2"; Value = "0.5"; VariantName = "[No Variations]"
Add component (AddParameter): Name = "SizeAreaWB_mm2"; Value = "3"; VariantName = "[No Variations]"
Add component (AddParameter): Name = "SizeX_mm"; Value = "1"; VariantName = "[No Variations]"
Add component (AddParameter): Name = "SizeY_mm"; Value = "0.5"; VariantName = "[No Variations]"
Add component (AddParameter): Name = "SizeZ_mm"; Value = "0.6"; VariantName = "[No Variations]"
Add component (AddParameter): Name = "Supplier 1"; Value = "Digi-Key"; VariantName = "[No Variations]"
Add component (AddParameter): Name = "Supplier 2"; Value = "Mouser"; VariantName = "[No Variations]"
Add component (AddParameter): Name = "Supplier 3"; Value = ""; VariantName = "[No Variations]"
Add component (AddParameter): Name = "Supplier Part Number 1"; Value = "GRM155R70J104KA01D-ND"; VariantName = "[No Variations]"
Add component (AddParameter): Name = "Supplier Part Number 2"; Value = "81-GRM155R70J104KA1D"; VariantName = "[No Variations]"
Add component (AddParameter): Name = "Supplier Part Number 3"; Value = ""; VariantName = "[No Variations]"
Add component (AddParameter): Name = "TaMax_C"; Value = "125°C"; VariantName = "[No Variations]"
Add component (AddParameter): Name = "TaMin_C"; Value = "-55°C"; VariantName = "[No Variations]"
Add component (AddParameter): Name = "Technology"; Value = "Ceramic"; VariantName = "[No Variations]"
Add component (AddParameter): Name = "TempCo"; Value = "X7R"; VariantName = "[No Variations]"
Add component (AddParameter): Name = "Tolerance_%"; Value = "10%"; VariantName = "[No Variations]"
Add component (AddParameter): Name = "U/M"; Value = "EA"; VariantName = "[No Variations]"
Add component (AddParameter): Name = "Value"; Value = "0.1uF"; VariantName = "[No Variations]"
Add component (AddParameter): Name = "Value1"; Value = "Unknown"; VariantName = "[No Variations]"
Add component (AddParameter): Name = "Value2"; Value = "6.3V"; VariantName = "[No Variations]"
Add component (AddParameter): Name = "ValueDisplayed"; Value = "0.1uF"; VariantName = "[No Variations]"
Add component (AddParameter): Name = "VDC_V"; Value = "6.3V"; VariantName = "[No Variations]"
Added Component: Designator=C53(0402)
Add component (AddParameter): Name = "AEC Category"; Value = "Q200"; VariantName = "[No Variations]"
Add component (AddParameter): Name = "AEC Grade"; Value = ""; VariantName = "[No Variations]"
Add component (AddParameter): Name = "AEC Qualified"; Value = "?"; VariantName = "[No Variations]"
Add component (AddParameter): Name = "Alternate Manufacturer"; Value = ""; VariantName = "[No Variations]"
Add component (AddParameter): Name = "Alternate PartNumber"; Value = ""; VariantName = "[No Variations]"
Add component (AddParameter): Name = "Cap_Case"; Value = "0402"; VariantName = "[No Variations]"
Add component (AddParameter): Name = "Cap_F"; Value = "100nF"; VariantName = "[No Variations]"
Add component (AddParameter): Name = "ComponentLink1Description"; Value = "Datasheet link"; VariantName = "[No Variations]"
Add component (AddParameter): Name = "ComponentLink1URL"; Value = "http://search.murata.co.jp/Ceramy/PnsearchViewAction.do?HnOFG=ON&HnNFG=ON&SEL_CNT=50&sLang=en&sKey=GRM155R70J104KA01D&x=9&y=9&search=startwith"; VariantName = "[No Variations]"
Add component (AddParameter): Name = "CompType"; Value = "Capacitor"; VariantName = "[No Variations]"
Add component (AddParameter): Name = "ESR_ohm"; Value = ""; VariantName = "[No Variations]"
Add component (AddParameter): Name = "IRMS_A"; Value = ""; VariantName = "[No Variations]"
Add component (AddParameter): Name = "LatestRevisionDate"; Value = "2017-03-09"; VariantName = "[No Variations]"
Add component (AddParameter): Name = "Manufacturer"; Value = "MuRata"; VariantName = "[No Variations]"
Add component (AddParameter): Name = "MountType"; Value = "SMT"; VariantName = "[No Variations]"
Add component (AddParameter): Name = "PackageReference"; Value = "0402"; VariantName = "[No Variations]"
Add component (AddParameter): Name = "PartNumber"; Value = "GRM155R70J104KA01D"; VariantName = "[No Variations]"
Add component (AddParameter): Name = "Polarized"; Value = "N"; VariantName = "[No Variations]"
Add component (AddParameter): Name = "Published"; Value = "2008-06-19"; VariantName = "[No Variations]"
Add component (AddParameter): Name = "Publisher"; Value = "Texas Instruments"; VariantName = "[No Variations]"
Add component (AddParameter): Name = "RoHS"; Value = "Y"; VariantName = "[No Variations]"
Add component (AddParameter): Name = "SizeArea_mm2"; Value = "0.5"; VariantName = "[No Variations]"
Add component (AddParameter): Name = "SizeAreaWB_mm2"; Value = "3"; VariantName = "[No Variations]"
Add component (AddParameter): Name = "SizeX_mm"; Value = "1"; VariantName = "[No Variations]"
Add component (AddParameter): Name = "SizeY_mm"; Value = "0.5"; VariantName = "[No Variations]"
Add component (AddParameter): Name = "SizeZ_mm"; Value = "0.6"; VariantName = "[No Variations]"
Add component (AddParameter): Name = "Supplier 1"; Value = "Digi-Key"; VariantName = "[No Variations]"
Add component (AddParameter): Name = "Supplier 2"; Value = "Mouser"; VariantName = "[No Variations]"
Add component (AddParameter): Name = "Supplier 3"; Value = ""; VariantName = "[No Variations]"
Add component (AddParameter): Name = "Supplier Part Number 1"; Value = "GRM155R70J104KA01D-ND"; VariantName = "[No Variations]"
Add component (AddParameter): Name = "Supplier Part Number 2"; Value = "81-GRM155R70J104KA1D"; VariantName = "[No Variations]"
Add component (AddParameter): Name = "Supplier Part Number 3"; Value = ""; VariantName = "[No Variations]"
Add component (AddParameter): Name = "TaMax_C"; Value = "125°C"; VariantName = "[No Variations]"
Add component (AddParameter): Name = "TaMin_C"; Value = "-55°C"; VariantName = "[No Variations]"
Add component (AddParameter): Name = "Technology"; Value = "Ceramic"; VariantName = "[No Variations]"
Add component (AddParameter): Name = "TempCo"; Value = "X7R"; VariantName = "[No Variations]"
Add component (AddParameter): Name = "Tolerance_%"; Value = "10%"; VariantName = "[No Variations]"
Add component (AddParameter): Name = "U/M"; Value = "EA"; VariantName = "[No Variations]"
Add component (AddParameter): Name = "Value"; Value = "0.1uF"; VariantName = "[No Variations]"
Add component (AddParameter): Name = "Value1"; Value = "Unknown"; VariantName = "[No Variations]"
Add component (AddParameter): Name = "Value2"; Value = "6.3V"; VariantName = "[No Variations]"
Add component (AddParameter): Name = "ValueDisplayed"; Value = "0.1uF"; VariantName = "[No Variations]"
Add component (AddParameter): Name = "VDC_V"; Value = "6.3V"; VariantName = "[No Variations]"
Added Component: Designator=C54(0402)
Add component (AddParameter): Name = "AEC Category"; Value = "Q200"; VariantName = "[No Variations]"
Add component (AddParameter): Name = "AEC Grade"; Value = ""; VariantName = "[No Variations]"
Add component (AddParameter): Name = "AEC Qualified"; Value = "?"; VariantName = "[No Variations]"
Add component (AddParameter): Name = "Alternate Manufacturer"; Value = ""; VariantName = "[No Variations]"
Add component (AddParameter): Name = "Alternate PartNumber"; Value = ""; VariantName = "[No Variations]"
Add component (AddParameter): Name = "Cap_Case"; Value = "0402"; VariantName = "[No Variations]"
Add component (AddParameter): Name = "Cap_F"; Value = "100nF"; VariantName = "[No Variations]"
Add component (AddParameter): Name = "ComponentLink1Description"; Value = "Datasheet link"; VariantName = "[No Variations]"
Add component (AddParameter): Name = "ComponentLink1URL"; Value = "http://search.murata.co.jp/Ceramy/PnsearchViewAction.do?HnOFG=ON&HnNFG=ON&SEL_CNT=50&sLang=en&sKey=GRM155R70J104KA01D&x=9&y=9&search=startwith"; VariantName = "[No Variations]"
Add component (AddParameter): Name = "CompType"; Value = "Capacitor"; VariantName = "[No Variations]"
Add component (AddParameter): Name = "ESR_ohm"; Value = ""; VariantName = "[No Variations]"
Add component (AddParameter): Name = "IRMS_A"; Value = ""; VariantName = "[No Variations]"
Add component (AddParameter): Name = "LatestRevisionDate"; Value = "2017-03-09"; VariantName = "[No Variations]"
Add component (AddParameter): Name = "Manufacturer"; Value = "MuRata"; VariantName = "[No Variations]"
Add component (AddParameter): Name = "MountType"; Value = "SMT"; VariantName = "[No Variations]"
Add component (AddParameter): Name = "PackageReference"; Value = "0402"; VariantName = "[No Variations]"
Add component (AddParameter): Name = "PartNumber"; Value = "GRM155R70J104KA01D"; VariantName = "[No Variations]"
Add component (AddParameter): Name = "Polarized"; Value = "N"; VariantName = "[No Variations]"
Add component (AddParameter): Name = "Published"; Value = "2008-06-19"; VariantName = "[No Variations]"
Add component (AddParameter): Name = "Publisher"; Value = "Texas Instruments"; VariantName = "[No Variations]"
Add component (AddParameter): Name = "RoHS"; Value = "Y"; VariantName = "[No Variations]"
Add component (AddParameter): Name = "SizeArea_mm2"; Value = "0.5"; VariantName = "[No Variations]"
Add component (AddParameter): Name = "SizeAreaWB_mm2"; Value = "3"; VariantName = "[No Variations]"
Add component (AddParameter): Name = "SizeX_mm"; Value = "1"; VariantName = "[No Variations]"
Add component (AddParameter): Name = "SizeY_mm"; Value = "0.5"; VariantName = "[No Variations]"
Add component (AddParameter): Name = "SizeZ_mm"; Value = "0.6"; VariantName = "[No Variations]"
Add component (AddParameter): Name = "Supplier 1"; Value = "Digi-Key"; VariantName = "[No Variations]"
Add component (AddParameter): Name = "Supplier 2"; Value = "Mouser"; VariantName = "[No Variations]"
Add component (AddParameter): Name = "Supplier 3"; Value = ""; VariantName = "[No Variations]"
Add component (AddParameter): Name = "Supplier Part Number 1"; Value = "GRM155R70J104KA01D-ND"; VariantName = "[No Variations]"
Add component (AddParameter): Name = "Supplier Part Number 2"; Value = "81-GRM155R70J104KA1D"; VariantName = "[No Variations]"
Add component (AddParameter): Name = "Supplier Part Number 3"; Value = ""; VariantName = "[No Variations]"
Add component (AddParameter): Name = "TaMax_C"; Value = "125°C"; VariantName = "[No Variations]"
Add component (AddParameter): Name = "TaMin_C"; Value = "-55°C"; VariantName = "[No Variations]"
Add component (AddParameter): Name = "Technology"; Value = "Ceramic"; VariantName = "[No Variations]"
Add component (AddParameter): Name = "TempCo"; Value = "X7R"; VariantName = "[No Variations]"
Add component (AddParameter): Name = "Tolerance_%"; Value = "10%"; VariantName = "[No Variations]"
Add component (AddParameter): Name = "U/M"; Value = "EA"; VariantName = "[No Variations]"
Add component (AddParameter): Name = "Value"; Value = "0.1uF"; VariantName = "[No Variations]"
Add component (AddParameter): Name = "Value1"; Value = "Unknown"; VariantName = "[No Variations]"
Add component (AddParameter): Name = "Value2"; Value = "6.3V"; VariantName = "[No Variations]"
Add component (AddParameter): Name = "ValueDisplayed"; Value = "0.1uF"; VariantName = "[No Variations]"
Add component (AddParameter): Name = "VDC_V"; Value = "6.3V"; VariantName = "[No Variations]"
Added Component: Designator=C55(FP-GRM033C80J105ME05D_0201-MFG)
Add component (AddParameter): Name = "AEC Qualified"; Value = "No"; VariantName = "[No Variations]"
Add component (AddParameter): Name = "Cap_F"; Value = "1µF"; VariantName = "[No Variations]"
Add component (AddParameter): Name = "ComponentLink1Description"; Value = "Datasheet"; VariantName = "[No Variations]"
Add component (AddParameter): Name = "ComponentLink1URL"; Value = "https://www.murata.com/en-us/products/productdetail?partno=GRM033C80J105ME05%23"; VariantName = "[No Variations]"
Add component (AddParameter): Name = "datasheet"; Value = "https://www.murata.com/en-us/products/productdetail?partno=GRM033C80J105ME05%23"; VariantName = "[No Variations]"
Add component (AddParameter): Name = "Datasheet Path"; Value = "datasheets/Cap-GRM033C80J105ME05D.pdf"; VariantName = "[No Variations]"
Add component (AddParameter): Name = "helpURL"; Value = "https://upverter.com/upn/revision/64a3db239e8cbfc8/"; VariantName = "[No Variations]"
Add component (AddParameter): Name = "Lead Free"; Value = "Yes"; VariantName = "[No Variations]"
Add component (AddParameter): Name = "Manufacturer"; Value = "Murata"; VariantName = "[No Variations]"
Add component (AddParameter): Name = "Operating Temperature Range"; Value = "-55°C to +105°C"; VariantName = "[No Variations]"
Add component (AddParameter): Name = "PackageReference"; Value = "0201"; VariantName = "[No Variations]"
Add component (AddParameter): Name = "Part Number"; Value = "GRM033C80J105ME05D"; VariantName = "[No Variations]"
Add component (AddParameter): Name = "PartNumber"; Value = "GRM033C80J105ME05D"; VariantName = "[No Variations]"
Add component (AddParameter): Name = "RoHS"; Value = "TRUE"; VariantName = "[No Variations]"
Add component (AddParameter): Name = "SizeZ_mm"; Value = "0.39mm"; VariantName = "[No Variations]"
Add component (AddParameter): Name = "TempCo"; Value = "22%"; VariantName = "[No Variations]"
Add component (AddParameter): Name = "Temperature Characteristic"; Value = "X6S"; VariantName = "[No Variations]"
Add component (AddParameter): Name = "Tolerance_%"; Value = "20%"; VariantName = "[No Variations]"
Add component (AddParameter): Name = "Value"; Value = "1µF"; VariantName = "[No Variations]"
Add component (AddParameter): Name = "ValueDisplayed"; Value = "1.0uF"; VariantName = "[No Variations]"
Add component (AddParameter): Name = "VDC_V"; Value = "6.3V"; VariantName = "[No Variations]"
Added Component: Designator=C56(FP-GRM033C80J105ME05D_0201-MFG)
Add component (AddParameter): Name = "AEC Qualified"; Value = "No"; VariantName = "[No Variations]"
Add component (AddParameter): Name = "Cap_F"; Value = "1µF"; VariantName = "[No Variations]"
Add component (AddParameter): Name = "ComponentLink1Description"; Value = "Datasheet"; VariantName = "[No Variations]"
Add component (AddParameter): Name = "ComponentLink1URL"; Value = "https://www.murata.com/en-us/products/productdetail?partno=GRM033C80J105ME05%23"; VariantName = "[No Variations]"
Add component (AddParameter): Name = "datasheet"; Value = "https://www.murata.com/en-us/products/productdetail?partno=GRM033C80J105ME05%23"; VariantName = "[No Variations]"
Add component (AddParameter): Name = "Datasheet Path"; Value = "datasheets/Cap-GRM033C80J105ME05D.pdf"; VariantName = "[No Variations]"
Add component (AddParameter): Name = "helpURL"; Value = "https://upverter.com/upn/revision/64a3db239e8cbfc8/"; VariantName = "[No Variations]"
Add component (AddParameter): Name = "Lead Free"; Value = "Yes"; VariantName = "[No Variations]"
Add component (AddParameter): Name = "Manufacturer"; Value = "Murata"; VariantName = "[No Variations]"
Add component (AddParameter): Name = "Operating Temperature Range"; Value = "-55°C to +105°C"; VariantName = "[No Variations]"
Add component (AddParameter): Name = "PackageReference"; Value = "0201"; VariantName = "[No Variations]"
Add component (AddParameter): Name = "Part Number"; Value = "GRM033C80J105ME05D"; VariantName = "[No Variations]"
Add component (AddParameter): Name = "PartNumber"; Value = "GRM033C80J105ME05D"; VariantName = "[No Variations]"
Add component (AddParameter): Name = "RoHS"; Value = "TRUE"; VariantName = "[No Variations]"
Add component (AddParameter): Name = "SizeZ_mm"; Value = "0.39mm"; VariantName = "[No Variations]"
Add component (AddParameter): Name = "TempCo"; Value = "22%"; VariantName = "[No Variations]"
Add component (AddParameter): Name = "Temperature Characteristic"; Value = "X6S"; VariantName = "[No Variations]"
Add component (AddParameter): Name = "Tolerance_%"; Value = "20%"; VariantName = "[No Variations]"
Add component (AddParameter): Name = "Value"; Value = "1µF"; VariantName = "[No Variations]"
Add component (AddParameter): Name = "ValueDisplayed"; Value = "1.0uF"; VariantName = "[No Variations]"
Add component (AddParameter): Name = "VDC_V"; Value = "6.3V"; VariantName = "[No Variations]"
Added Component: Designator=C57(FP-GRM033C80J105ME05D_0201-MFG)
Add component (AddParameter): Name = "AEC Qualified"; Value = "No"; VariantName = "[No Variations]"
Add component (AddParameter): Name = "Cap_F"; Value = "1µF"; VariantName = "[No Variations]"
Add component (AddParameter): Name = "ComponentLink1Description"; Value = "Datasheet"; VariantName = "[No Variations]"
Add component (AddParameter): Name = "ComponentLink1URL"; Value = "https://www.murata.com/en-us/products/productdetail?partno=GRM033C80J105ME05%23"; VariantName = "[No Variations]"
Add component (AddParameter): Name = "datasheet"; Value = "https://www.murata.com/en-us/products/productdetail?partno=GRM033C80J105ME05%23"; VariantName = "[No Variations]"
Add component (AddParameter): Name = "Datasheet Path"; Value = "datasheets/Cap-GRM033C80J105ME05D.pdf"; VariantName = "[No Variations]"
Add component (AddParameter): Name = "helpURL"; Value = "https://upverter.com/upn/revision/64a3db239e8cbfc8/"; VariantName = "[No Variations]"
Add component (AddParameter): Name = "Lead Free"; Value = "Yes"; VariantName = "[No Variations]"
Add component (AddParameter): Name = "Manufacturer"; Value = "Murata"; VariantName = "[No Variations]"
Add component (AddParameter): Name = "Operating Temperature Range"; Value = "-55°C to +105°C"; VariantName = "[No Variations]"
Add component (AddParameter): Name = "PackageReference"; Value = "0201"; VariantName = "[No Variations]"
Add component (AddParameter): Name = "Part Number"; Value = "GRM033C80J105ME05D"; VariantName = "[No Variations]"
Add component (AddParameter): Name = "PartNumber"; Value = "GRM033C80J105ME05D"; VariantName = "[No Variations]"
Add component (AddParameter): Name = "RoHS"; Value = "TRUE"; VariantName = "[No Variations]"
Add component (AddParameter): Name = "SizeZ_mm"; Value = "0.39mm"; VariantName = "[No Variations]"
Add component (AddParameter): Name = "TempCo"; Value = "22%"; VariantName = "[No Variations]"
Add component (AddParameter): Name = "Temperature Characteristic"; Value = "X6S"; VariantName = "[No Variations]"
Add component (AddParameter): Name = "Tolerance_%"; Value = "20%"; VariantName = "[No Variations]"
Add component (AddParameter): Name = "Value"; Value = "1µF"; VariantName = "[No Variations]"
Add component (AddParameter): Name = "ValueDisplayed"; Value = "1.0uF"; VariantName = "[No Variations]"
Add component (AddParameter): Name = "VDC_V"; Value = "6.3V"; VariantName = "[No Variations]"
Added Component: Designator=C58(FP-GRM033C80J105ME05D_0201-MFG)
Add component (AddParameter): Name = "AEC Qualified"; Value = "No"; VariantName = "[No Variations]"
Add component (AddParameter): Name = "Cap_F"; Value = "1µF"; VariantName = "[No Variations]"
Add component (AddParameter): Name = "ComponentLink1Description"; Value = "Datasheet"; VariantName = "[No Variations]"
Add component (AddParameter): Name = "ComponentLink1URL"; Value = "https://www.murata.com/en-us/products/productdetail?partno=GRM033C80J105ME05%23"; VariantName = "[No Variations]"
Add component (AddParameter): Name = "datasheet"; Value = "https://www.murata.com/en-us/products/productdetail?partno=GRM033C80J105ME05%23"; VariantName = "[No Variations]"
Add component (AddParameter): Name = "Datasheet Path"; Value = "datasheets/Cap-GRM033C80J105ME05D.pdf"; VariantName = "[No Variations]"
Add component (AddParameter): Name = "helpURL"; Value = "https://upverter.com/upn/revision/64a3db239e8cbfc8/"; VariantName = "[No Variations]"
Add component (AddParameter): Name = "Lead Free"; Value = "Yes"; VariantName = "[No Variations]"
Add component (AddParameter): Name = "Manufacturer"; Value = "Murata"; VariantName = "[No Variations]"
Add component (AddParameter): Name = "Operating Temperature Range"; Value = "-55°C to +105°C"; VariantName = "[No Variations]"
Add component (AddParameter): Name = "PackageReference"; Value = "0201"; VariantName = "[No Variations]"
Add component (AddParameter): Name = "Part Number"; Value = "GRM033C80J105ME05D"; VariantName = "[No Variations]"
Add component (AddParameter): Name = "PartNumber"; Value = "GRM033C80J105ME05D"; VariantName = "[No Variations]"
Add component (AddParameter): Name = "RoHS"; Value = "TRUE"; VariantName = "[No Variations]"
Add component (AddParameter): Name = "SizeZ_mm"; Value = "0.39mm"; VariantName = "[No Variations]"
Add component (AddParameter): Name = "TempCo"; Value = "22%"; VariantName = "[No Variations]"
Add component (AddParameter): Name = "Temperature Characteristic"; Value = "X6S"; VariantName = "[No Variations]"
Add component (AddParameter): Name = "Tolerance_%"; Value = "20%"; VariantName = "[No Variations]"
Add component (AddParameter): Name = "Value"; Value = "1µF"; VariantName = "[No Variations]"
Add component (AddParameter): Name = "ValueDisplayed"; Value = "1.0uF"; VariantName = "[No Variations]"
Add component (AddParameter): Name = "VDC_V"; Value = "6.3V"; VariantName = "[No Variations]"
Added Component: Designator=C59(FP-GRM033C80J105ME05D_0201-MFG)
Add component (AddParameter): Name = "AEC Qualified"; Value = "No"; VariantName = "[No Variations]"
Add component (AddParameter): Name = "Cap_F"; Value = "1µF"; VariantName = "[No Variations]"
Add component (AddParameter): Name = "ComponentLink1Description"; Value = "Datasheet"; VariantName = "[No Variations]"
Add component (AddParameter): Name = "ComponentLink1URL"; Value = "https://www.murata.com/en-us/products/productdetail?partno=GRM033C80J105ME05%23"; VariantName = "[No Variations]"
Add component (AddParameter): Name = "datasheet"; Value = "https://www.murata.com/en-us/products/productdetail?partno=GRM033C80J105ME05%23"; VariantName = "[No Variations]"
Add component (AddParameter): Name = "Datasheet Path"; Value = "datasheets/Cap-GRM033C80J105ME05D.pdf"; VariantName = "[No Variations]"
Add component (AddParameter): Name = "helpURL"; Value = "https://upverter.com/upn/revision/64a3db239e8cbfc8/"; VariantName = "[No Variations]"
Add component (AddParameter): Name = "Lead Free"; Value = "Yes"; VariantName = "[No Variations]"
Add component (AddParameter): Name = "Manufacturer"; Value = "Murata"; VariantName = "[No Variations]"
Add component (AddParameter): Name = "Operating Temperature Range"; Value = "-55°C to +105°C"; VariantName = "[No Variations]"
Add component (AddParameter): Name = "PackageReference"; Value = "0201"; VariantName = "[No Variations]"
Add component (AddParameter): Name = "Part Number"; Value = "GRM033C80J105ME05D"; VariantName = "[No Variations]"
Add component (AddParameter): Name = "PartNumber"; Value = "GRM033C80J105ME05D"; VariantName = "[No Variations]"
Add component (AddParameter): Name = "RoHS"; Value = "TRUE"; VariantName = "[No Variations]"
Add component (AddParameter): Name = "SizeZ_mm"; Value = "0.39mm"; VariantName = "[No Variations]"
Add component (AddParameter): Name = "TempCo"; Value = "22%"; VariantName = "[No Variations]"
Add component (AddParameter): Name = "Temperature Characteristic"; Value = "X6S"; VariantName = "[No Variations]"
Add component (AddParameter): Name = "Tolerance_%"; Value = "20%"; VariantName = "[No Variations]"
Add component (AddParameter): Name = "Value"; Value = "1µF"; VariantName = "[No Variations]"
Add component (AddParameter): Name = "ValueDisplayed"; Value = "1.0uF"; VariantName = "[No Variations]"
Add component (AddParameter): Name = "VDC_V"; Value = "6.3V"; VariantName = "[No Variations]"
Added Component: Designator=C60(FP-GRM033C80J105ME05D_0201-MFG)
Add component (AddParameter): Name = "AEC Qualified"; Value = "No"; VariantName = "[No Variations]"
Add component (AddParameter): Name = "Cap_F"; Value = "1µF"; VariantName = "[No Variations]"
Add component (AddParameter): Name = "ComponentLink1Description"; Value = "Datasheet"; VariantName = "[No Variations]"
Add component (AddParameter): Name = "ComponentLink1URL"; Value = "https://www.murata.com/en-us/products/productdetail?partno=GRM033C80J105ME05%23"; VariantName = "[No Variations]"
Add component (AddParameter): Name = "datasheet"; Value = "https://www.murata.com/en-us/products/productdetail?partno=GRM033C80J105ME05%23"; VariantName = "[No Variations]"
Add component (AddParameter): Name = "Datasheet Path"; Value = "datasheets/Cap-GRM033C80J105ME05D.pdf"; VariantName = "[No Variations]"
Add component (AddParameter): Name = "helpURL"; Value = "https://upverter.com/upn/revision/64a3db239e8cbfc8/"; VariantName = "[No Variations]"
Add component (AddParameter): Name = "Lead Free"; Value = "Yes"; VariantName = "[No Variations]"
Add component (AddParameter): Name = "Manufacturer"; Value = "Murata"; VariantName = "[No Variations]"
Add component (AddParameter): Name = "Operating Temperature Range"; Value = "-55°C to +105°C"; VariantName = "[No Variations]"
Add component (AddParameter): Name = "PackageReference"; Value = "0201"; VariantName = "[No Variations]"
Add component (AddParameter): Name = "Part Number"; Value = "GRM033C80J105ME05D"; VariantName = "[No Variations]"
Add component (AddParameter): Name = "PartNumber"; Value = "GRM033C80J105ME05D"; VariantName = "[No Variations]"
Add component (AddParameter): Name = "RoHS"; Value = "TRUE"; VariantName = "[No Variations]"
Add component (AddParameter): Name = "SizeZ_mm"; Value = "0.39mm"; VariantName = "[No Variations]"
Add component (AddParameter): Name = "TempCo"; Value = "22%"; VariantName = "[No Variations]"
Add component (AddParameter): Name = "Temperature Characteristic"; Value = "X6S"; VariantName = "[No Variations]"
Add component (AddParameter): Name = "Tolerance_%"; Value = "20%"; VariantName = "[No Variations]"
Add component (AddParameter): Name = "Value"; Value = "1µF"; VariantName = "[No Variations]"
Add component (AddParameter): Name = "ValueDisplayed"; Value = "1.0uF"; VariantName = "[No Variations]"
Add component (AddParameter): Name = "VDC_V"; Value = "6.3V"; VariantName = "[No Variations]"
Added Component: Designator=C61(FP-GRM033C80J105ME05D_0201-MFG)
Add component (AddParameter): Name = "AEC Qualified"; Value = "No"; VariantName = "[No Variations]"
Add component (AddParameter): Name = "Cap_F"; Value = "1µF"; VariantName = "[No Variations]"
Add component (AddParameter): Name = "ComponentLink1Description"; Value = "Datasheet"; VariantName = "[No Variations]"
Add component (AddParameter): Name = "ComponentLink1URL"; Value = "https://www.murata.com/en-us/products/productdetail?partno=GRM033C80J105ME05%23"; VariantName = "[No Variations]"
Add component (AddParameter): Name = "datasheet"; Value = "https://www.murata.com/en-us/products/productdetail?partno=GRM033C80J105ME05%23"; VariantName = "[No Variations]"
Add component (AddParameter): Name = "Datasheet Path"; Value = "datasheets/Cap-GRM033C80J105ME05D.pdf"; VariantName = "[No Variations]"
Add component (AddParameter): Name = "helpURL"; Value = "https://upverter.com/upn/revision/64a3db239e8cbfc8/"; VariantName = "[No Variations]"
Add component (AddParameter): Name = "Lead Free"; Value = "Yes"; VariantName = "[No Variations]"
Add component (AddParameter): Name = "Manufacturer"; Value = "Murata"; VariantName = "[No Variations]"
Add component (AddParameter): Name = "Operating Temperature Range"; Value = "-55°C to +105°C"; VariantName = "[No Variations]"
Add component (AddParameter): Name = "PackageReference"; Value = "0201"; VariantName = "[No Variations]"
Add component (AddParameter): Name = "Part Number"; Value = "GRM033C80J105ME05D"; VariantName = "[No Variations]"
Add component (AddParameter): Name = "PartNumber"; Value = "GRM033C80J105ME05D"; VariantName = "[No Variations]"
Add component (AddParameter): Name = "RoHS"; Value = "TRUE"; VariantName = "[No Variations]"
Add component (AddParameter): Name = "SizeZ_mm"; Value = "0.39mm"; VariantName = "[No Variations]"
Add component (AddParameter): Name = "TempCo"; Value = "22%"; VariantName = "[No Variations]"
Add component (AddParameter): Name = "Temperature Characteristic"; Value = "X6S"; VariantName = "[No Variations]"
Add component (AddParameter): Name = "Tolerance_%"; Value = "20%"; VariantName = "[No Variations]"
Add component (AddParameter): Name = "Value"; Value = "1µF"; VariantName = "[No Variations]"
Add component (AddParameter): Name = "ValueDisplayed"; Value = "1.0uF"; VariantName = "[No Variations]"
Add component (AddParameter): Name = "VDC_V"; Value = "6.3V"; VariantName = "[No Variations]"
Added Component: Designator=C62(FP-GRM033C80J105ME05D_0201-MFG)
Add component (AddParameter): Name = "AEC Qualified"; Value = "No"; VariantName = "[No Variations]"
Add component (AddParameter): Name = "Cap_F"; Value = "1µF"; VariantName = "[No Variations]"
Add component (AddParameter): Name = "ComponentLink1Description"; Value = "Datasheet"; VariantName = "[No Variations]"
Add component (AddParameter): Name = "ComponentLink1URL"; Value = "https://www.murata.com/en-us/products/productdetail?partno=GRM033C80J105ME05%23"; VariantName = "[No Variations]"
Add component (AddParameter): Name = "datasheet"; Value = "https://www.murata.com/en-us/products/productdetail?partno=GRM033C80J105ME05%23"; VariantName = "[No Variations]"
Add component (AddParameter): Name = "Datasheet Path"; Value = "datasheets/Cap-GRM033C80J105ME05D.pdf"; VariantName = "[No Variations]"
Add component (AddParameter): Name = "helpURL"; Value = "https://upverter.com/upn/revision/64a3db239e8cbfc8/"; VariantName = "[No Variations]"
Add component (AddParameter): Name = "Lead Free"; Value = "Yes"; VariantName = "[No Variations]"
Add component (AddParameter): Name = "Manufacturer"; Value = "Murata"; VariantName = "[No Variations]"
Add component (AddParameter): Name = "Operating Temperature Range"; Value = "-55°C to +105°C"; VariantName = "[No Variations]"
Add component (AddParameter): Name = "PackageReference"; Value = "0201"; VariantName = "[No Variations]"
Add component (AddParameter): Name = "Part Number"; Value = "GRM033C80J105ME05D"; VariantName = "[No Variations]"
Add component (AddParameter): Name = "PartNumber"; Value = "GRM033C80J105ME05D"; VariantName = "[No Variations]"
Add component (AddParameter): Name = "RoHS"; Value = "TRUE"; VariantName = "[No Variations]"
Add component (AddParameter): Name = "SizeZ_mm"; Value = "0.39mm"; VariantName = "[No Variations]"
Add component (AddParameter): Name = "TempCo"; Value = "22%"; VariantName = "[No Variations]"
Add component (AddParameter): Name = "Temperature Characteristic"; Value = "X6S"; VariantName = "[No Variations]"
Add component (AddParameter): Name = "Tolerance_%"; Value = "20%"; VariantName = "[No Variations]"
Add component (AddParameter): Name = "Value"; Value = "1µF"; VariantName = "[No Variations]"
Add component (AddParameter): Name = "ValueDisplayed"; Value = "1.0uF"; VariantName = "[No Variations]"
Add component (AddParameter): Name = "VDC_V"; Value = "6.3V"; VariantName = "[No Variations]"
Added Component: Designator=C63(0402)
Add component (AddParameter): Name = "AEC Category"; Value = "Q200"; VariantName = "[No Variations]"
Add component (AddParameter): Name = "AEC Grade"; Value = ""; VariantName = "[No Variations]"
Add component (AddParameter): Name = "AEC Qualified"; Value = "?"; VariantName = "[No Variations]"
Add component (AddParameter): Name = "Alternate Manufacturer"; Value = ""; VariantName = "[No Variations]"
Add component (AddParameter): Name = "Alternate PartNumber"; Value = ""; VariantName = "[No Variations]"
Add component (AddParameter): Name = "Cap_Case"; Value = "0402"; VariantName = "[No Variations]"
Add component (AddParameter): Name = "Cap_F"; Value = "100nF"; VariantName = "[No Variations]"
Add component (AddParameter): Name = "ComponentLink1Description"; Value = "Datasheet link"; VariantName = "[No Variations]"
Add component (AddParameter): Name = "ComponentLink1URL"; Value = "http://search.murata.co.jp/Ceramy/PnsearchViewAction.do?HnOFG=ON&HnNFG=ON&SEL_CNT=50&sLang=en&sKey=GRM155R70J104KA01D&x=9&y=9&search=startwith"; VariantName = "[No Variations]"
Add component (AddParameter): Name = "CompType"; Value = "Capacitor"; VariantName = "[No Variations]"
Add component (AddParameter): Name = "ESR_ohm"; Value = ""; VariantName = "[No Variations]"
Add component (AddParameter): Name = "IRMS_A"; Value = ""; VariantName = "[No Variations]"
Add component (AddParameter): Name = "LatestRevisionDate"; Value = "2017-03-09"; VariantName = "[No Variations]"
Add component (AddParameter): Name = "Manufacturer"; Value = "MuRata"; VariantName = "[No Variations]"
Add component (AddParameter): Name = "MountType"; Value = "SMT"; VariantName = "[No Variations]"
Add component (AddParameter): Name = "PackageReference"; Value = "0402"; VariantName = "[No Variations]"
Add component (AddParameter): Name = "PartNumber"; Value = "GRM155R70J104KA01D"; VariantName = "[No Variations]"
Add component (AddParameter): Name = "Polarized"; Value = "N"; VariantName = "[No Variations]"
Add component (AddParameter): Name = "Published"; Value = "2008-06-19"; VariantName = "[No Variations]"
Add component (AddParameter): Name = "Publisher"; Value = "Texas Instruments"; VariantName = "[No Variations]"
Add component (AddParameter): Name = "RoHS"; Value = "Y"; VariantName = "[No Variations]"
Add component (AddParameter): Name = "SizeArea_mm2"; Value = "0.5"; VariantName = "[No Variations]"
Add component (AddParameter): Name = "SizeAreaWB_mm2"; Value = "3"; VariantName = "[No Variations]"
Add component (AddParameter): Name = "SizeX_mm"; Value = "1"; VariantName = "[No Variations]"
Add component (AddParameter): Name = "SizeY_mm"; Value = "0.5"; VariantName = "[No Variations]"
Add component (AddParameter): Name = "SizeZ_mm"; Value = "0.6"; VariantName = "[No Variations]"
Add component (AddParameter): Name = "Supplier 1"; Value = "Digi-Key"; VariantName = "[No Variations]"
Add component (AddParameter): Name = "Supplier 2"; Value = "Mouser"; VariantName = "[No Variations]"
Add component (AddParameter): Name = "Supplier 3"; Value = ""; VariantName = "[No Variations]"
Add component (AddParameter): Name = "Supplier Part Number 1"; Value = "GRM155R70J104KA01D-ND"; VariantName = "[No Variations]"
Add component (AddParameter): Name = "Supplier Part Number 2"; Value = "81-GRM155R70J104KA1D"; VariantName = "[No Variations]"
Add component (AddParameter): Name = "Supplier Part Number 3"; Value = ""; VariantName = "[No Variations]"
Add component (AddParameter): Name = "TaMax_C"; Value = "125°C"; VariantName = "[No Variations]"
Add component (AddParameter): Name = "TaMin_C"; Value = "-55°C"; VariantName = "[No Variations]"
Add component (AddParameter): Name = "Technology"; Value = "Ceramic"; VariantName = "[No Variations]"
Add component (AddParameter): Name = "TempCo"; Value = "X7R"; VariantName = "[No Variations]"
Add component (AddParameter): Name = "Tolerance_%"; Value = "10%"; VariantName = "[No Variations]"
Add component (AddParameter): Name = "U/M"; Value = "EA"; VariantName = "[No Variations]"
Add component (AddParameter): Name = "Value"; Value = "0.1uF"; VariantName = "[No Variations]"
Add component (AddParameter): Name = "Value1"; Value = "Unknown"; VariantName = "[No Variations]"
Add component (AddParameter): Name = "Value2"; Value = "6.3V"; VariantName = "[No Variations]"
Add component (AddParameter): Name = "ValueDisplayed"; Value = "0.1uF"; VariantName = "[No Variations]"
Add component (AddParameter): Name = "VDC_V"; Value = "6.3V"; VariantName = "[No Variations]"
Added Component: Designator=C64(0201)
Add component (AddParameter): Name = "AEC Category"; Value = "Q200"; VariantName = "[No Variations]"
Add component (AddParameter): Name = "AEC Grade"; Value = "N/A"; VariantName = "[No Variations]"
Add component (AddParameter): Name = "AEC Qualified"; Value = "N"; VariantName = "[No Variations]"
Add component (AddParameter): Name = "Alternate Manufacturer"; Value = ""; VariantName = "[No Variations]"
Add component (AddParameter): Name = "Alternate PartNumber"; Value = ""; VariantName = "[No Variations]"
Add component (AddParameter): Name = "Cap_Case"; Value = "0201"; VariantName = "[No Variations]"
Add component (AddParameter): Name = "Cap_F"; Value = "100nF"; VariantName = "[No Variations]"
Add component (AddParameter): Name = "ComponentLink1Description"; Value = "Datasheet link"; VariantName = "[No Variations]"
Add component (AddParameter): Name = "ComponentLink1URL"; Value = "http://search.murata.co.jp/Ceramy/image/img/A01X/G101/ENG/GRM033Z71C104KE14-01.pdf"; VariantName = "[No Variations]"
Add component (AddParameter): Name = "CompType"; Value = "Capacitor"; VariantName = "[No Variations]"
Add component (AddParameter): Name = "ESR_ohm"; Value = ""; VariantName = "[No Variations]"
Add component (AddParameter): Name = "IRMS_A"; Value = ""; VariantName = "[No Variations]"
Add component (AddParameter): Name = "LatestRevisionDate"; Value = "2017-06-05"; VariantName = "[No Variations]"
Add component (AddParameter): Name = "Manufacturer"; Value = "MuRata"; VariantName = "[No Variations]"
Add component (AddParameter): Name = "MountType"; Value = "SMT"; VariantName = "[No Variations]"
Add component (AddParameter): Name = "PackageReference"; Value = "0201"; VariantName = "[No Variations]"
Add component (AddParameter): Name = "PartNumber"; Value = "GRM033Z71C104KE14D"; VariantName = "[No Variations]"
Add component (AddParameter): Name = "Polarized"; Value = "N"; VariantName = "[No Variations]"
Add component (AddParameter): Name = "Published"; Value = "2008-06-19"; VariantName = "[No Variations]"
Add component (AddParameter): Name = "Publisher"; Value = "Texas Instruments"; VariantName = "[No Variations]"
Add component (AddParameter): Name = "RoHS"; Value = "Y"; VariantName = "[No Variations]"
Add component (AddParameter): Name = "SizeArea_mm2"; Value = "0.18"; VariantName = "[No Variations]"
Add component (AddParameter): Name = "SizeAreaWB_mm2"; Value = "2.08"; VariantName = "[No Variations]"
Add component (AddParameter): Name = "SizeX_mm"; Value = "0.6"; VariantName = "[No Variations]"
Add component (AddParameter): Name = "SizeY_mm"; Value = "0.3"; VariantName = "[No Variations]"
Add component (AddParameter): Name = "SizeZ_mm"; Value = "0.26"; VariantName = "[No Variations]"
Add component (AddParameter): Name = "Supplier 1"; Value = "Mouser"; VariantName = "[No Variations]"
Add component (AddParameter): Name = "Supplier 2"; Value = ""; VariantName = "[No Variations]"
Add component (AddParameter): Name = "Supplier 3"; Value = ""; VariantName = "[No Variations]"
Add component (AddParameter): Name = "Supplier Part Number 1"; Value = "81-GRM033Z71C104KE4D"; VariantName = "[No Variations]"
Add component (AddParameter): Name = "Supplier Part Number 2"; Value = ""; VariantName = "[No Variations]"
Add component (AddParameter): Name = "Supplier Part Number 3"; Value = ""; VariantName = "[No Variations]"
Add component (AddParameter): Name = "TaMax_C"; Value = "125°C"; VariantName = "[No Variations]"
Add component (AddParameter): Name = "TaMin_C"; Value = "-55°C"; VariantName = "[No Variations]"
Add component (AddParameter): Name = "Technology"; Value = "Ceramic"; VariantName = "[No Variations]"
Add component (AddParameter): Name = "TempCo"; Value = "X7R"; VariantName = "[No Variations]"
Add component (AddParameter): Name = "Tolerance_%"; Value = "10%"; VariantName = "[No Variations]"
Add component (AddParameter): Name = "U/M"; Value = "EA"; VariantName = "[No Variations]"
Add component (AddParameter): Name = "Value"; Value = "0.1uF"; VariantName = "[No Variations]"
Add component (AddParameter): Name = "Value1"; Value = "Unknown"; VariantName = "[No Variations]"
Add component (AddParameter): Name = "Value2"; Value = "16V"; VariantName = "[No Variations]"
Add component (AddParameter): Name = "ValueDisplayed"; Value = "0.1uF"; VariantName = "[No Variations]"
Add component (AddParameter): Name = "VDC_V"; Value = "16V"; VariantName = "[No Variations]"
Added Component: Designator=C65(0201)
Add component (AddParameter): Name = "AEC Category"; Value = "Q200"; VariantName = "[No Variations]"
Add component (AddParameter): Name = "AEC Grade"; Value = "N/A"; VariantName = "[No Variations]"
Add component (AddParameter): Name = "AEC Qualified"; Value = "N"; VariantName = "[No Variations]"
Add component (AddParameter): Name = "Alternate Manufacturer"; Value = ""; VariantName = "[No Variations]"
Add component (AddParameter): Name = "Alternate PartNumber"; Value = ""; VariantName = "[No Variations]"
Add component (AddParameter): Name = "Cap_Case"; Value = "0201"; VariantName = "[No Variations]"
Add component (AddParameter): Name = "Cap_F"; Value = "100nF"; VariantName = "[No Variations]"
Add component (AddParameter): Name = "ComponentLink1Description"; Value = "Datasheet link"; VariantName = "[No Variations]"
Add component (AddParameter): Name = "ComponentLink1URL"; Value = "http://search.murata.co.jp/Ceramy/image/img/A01X/G101/ENG/GRM033Z71C104KE14-01.pdf"; VariantName = "[No Variations]"
Add component (AddParameter): Name = "CompType"; Value = "Capacitor"; VariantName = "[No Variations]"
Add component (AddParameter): Name = "ESR_ohm"; Value = ""; VariantName = "[No Variations]"
Add component (AddParameter): Name = "IRMS_A"; Value = ""; VariantName = "[No Variations]"
Add component (AddParameter): Name = "LatestRevisionDate"; Value = "2017-06-05"; VariantName = "[No Variations]"
Add component (AddParameter): Name = "Manufacturer"; Value = "MuRata"; VariantName = "[No Variations]"
Add component (AddParameter): Name = "MountType"; Value = "SMT"; VariantName = "[No Variations]"
Add component (AddParameter): Name = "PackageReference"; Value = "0201"; VariantName = "[No Variations]"
Add component (AddParameter): Name = "PartNumber"; Value = "GRM033Z71C104KE14D"; VariantName = "[No Variations]"
Add component (AddParameter): Name = "Polarized"; Value = "N"; VariantName = "[No Variations]"
Add component (AddParameter): Name = "Published"; Value = "2008-06-19"; VariantName = "[No Variations]"
Add component (AddParameter): Name = "Publisher"; Value = "Texas Instruments"; VariantName = "[No Variations]"
Add component (AddParameter): Name = "RoHS"; Value = "Y"; VariantName = "[No Variations]"
Add component (AddParameter): Name = "SizeArea_mm2"; Value = "0.18"; VariantName = "[No Variations]"
Add component (AddParameter): Name = "SizeAreaWB_mm2"; Value = "2.08"; VariantName = "[No Variations]"
Add component (AddParameter): Name = "SizeX_mm"; Value = "0.6"; VariantName = "[No Variations]"
Add component (AddParameter): Name = "SizeY_mm"; Value = "0.3"; VariantName = "[No Variations]"
Add component (AddParameter): Name = "SizeZ_mm"; Value = "0.26"; VariantName = "[No Variations]"
Add component (AddParameter): Name = "Supplier 1"; Value = "Mouser"; VariantName = "[No Variations]"
Add component (AddParameter): Name = "Supplier 2"; Value = ""; VariantName = "[No Variations]"
Add component (AddParameter): Name = "Supplier 3"; Value = ""; VariantName = "[No Variations]"
Add component (AddParameter): Name = "Supplier Part Number 1"; Value = "81-GRM033Z71C104KE4D"; VariantName = "[No Variations]"
Add component (AddParameter): Name = "Supplier Part Number 2"; Value = ""; VariantName = "[No Variations]"
Add component (AddParameter): Name = "Supplier Part Number 3"; Value = ""; VariantName = "[No Variations]"
Add component (AddParameter): Name = "TaMax_C"; Value = "125°C"; VariantName = "[No Variations]"
Add component (AddParameter): Name = "TaMin_C"; Value = "-55°C"; VariantName = "[No Variations]"
Add component (AddParameter): Name = "Technology"; Value = "Ceramic"; VariantName = "[No Variations]"
Add component (AddParameter): Name = "TempCo"; Value = "X7R"; VariantName = "[No Variations]"
Add component (AddParameter): Name = "Tolerance_%"; Value = "10%"; VariantName = "[No Variations]"
Add component (AddParameter): Name = "U/M"; Value = "EA"; VariantName = "[No Variations]"
Add component (AddParameter): Name = "Value"; Value = "0.1uF"; VariantName = "[No Variations]"
Add component (AddParameter): Name = "Value1"; Value = "Unknown"; VariantName = "[No Variations]"
Add component (AddParameter): Name = "Value2"; Value = "16V"; VariantName = "[No Variations]"
Add component (AddParameter): Name = "ValueDisplayed"; Value = "0.1uF"; VariantName = "[No Variations]"
Add component (AddParameter): Name = "VDC_V"; Value = "16V"; VariantName = "[No Variations]"
Added Component: Designator=C66(0201)
Add component (AddParameter): Name = "AEC Category"; Value = "Q200"; VariantName = "[No Variations]"
Add component (AddParameter): Name = "AEC Grade"; Value = "N/A"; VariantName = "[No Variations]"
Add component (AddParameter): Name = "AEC Qualified"; Value = "N"; VariantName = "[No Variations]"
Add component (AddParameter): Name = "Alternate Manufacturer"; Value = ""; VariantName = "[No Variations]"
Add component (AddParameter): Name = "Alternate PartNumber"; Value = ""; VariantName = "[No Variations]"
Add component (AddParameter): Name = "Cap_Case"; Value = "0201"; VariantName = "[No Variations]"
Add component (AddParameter): Name = "Cap_F"; Value = "100nF"; VariantName = "[No Variations]"
Add component (AddParameter): Name = "ComponentLink1Description"; Value = "Datasheet link"; VariantName = "[No Variations]"
Add component (AddParameter): Name = "ComponentLink1URL"; Value = "http://search.murata.co.jp/Ceramy/image/img/A01X/G101/ENG/GRM033Z71C104KE14-01.pdf"; VariantName = "[No Variations]"
Add component (AddParameter): Name = "CompType"; Value = "Capacitor"; VariantName = "[No Variations]"
Add component (AddParameter): Name = "ESR_ohm"; Value = ""; VariantName = "[No Variations]"
Add component (AddParameter): Name = "IRMS_A"; Value = ""; VariantName = "[No Variations]"
Add component (AddParameter): Name = "LatestRevisionDate"; Value = "2017-06-05"; VariantName = "[No Variations]"
Add component (AddParameter): Name = "Manufacturer"; Value = "MuRata"; VariantName = "[No Variations]"
Add component (AddParameter): Name = "MountType"; Value = "SMT"; VariantName = "[No Variations]"
Add component (AddParameter): Name = "PackageReference"; Value = "0201"; VariantName = "[No Variations]"
Add component (AddParameter): Name = "PartNumber"; Value = "GRM033Z71C104KE14D"; VariantName = "[No Variations]"
Add component (AddParameter): Name = "Polarized"; Value = "N"; VariantName = "[No Variations]"
Add component (AddParameter): Name = "Published"; Value = "2008-06-19"; VariantName = "[No Variations]"
Add component (AddParameter): Name = "Publisher"; Value = "Texas Instruments"; VariantName = "[No Variations]"
Add component (AddParameter): Name = "RoHS"; Value = "Y"; VariantName = "[No Variations]"
Add component (AddParameter): Name = "SizeArea_mm2"; Value = "0.18"; VariantName = "[No Variations]"
Add component (AddParameter): Name = "SizeAreaWB_mm2"; Value = "2.08"; VariantName = "[No Variations]"
Add component (AddParameter): Name = "SizeX_mm"; Value = "0.6"; VariantName = "[No Variations]"
Add component (AddParameter): Name = "SizeY_mm"; Value = "0.3"; VariantName = "[No Variations]"
Add component (AddParameter): Name = "SizeZ_mm"; Value = "0.26"; VariantName = "[No Variations]"
Add component (AddParameter): Name = "Supplier 1"; Value = "Mouser"; VariantName = "[No Variations]"
Add component (AddParameter): Name = "Supplier 2"; Value = ""; VariantName = "[No Variations]"
Add component (AddParameter): Name = "Supplier 3"; Value = ""; VariantName = "[No Variations]"
Add component (AddParameter): Name = "Supplier Part Number 1"; Value = "81-GRM033Z71C104KE4D"; VariantName = "[No Variations]"
Add component (AddParameter): Name = "Supplier Part Number 2"; Value = ""; VariantName = "[No Variations]"
Add component (AddParameter): Name = "Supplier Part Number 3"; Value = ""; VariantName = "[No Variations]"
Add component (AddParameter): Name = "TaMax_C"; Value = "125°C"; VariantName = "[No Variations]"
Add component (AddParameter): Name = "TaMin_C"; Value = "-55°C"; VariantName = "[No Variations]"
Add component (AddParameter): Name = "Technology"; Value = "Ceramic"; VariantName = "[No Variations]"
Add component (AddParameter): Name = "TempCo"; Value = "X7R"; VariantName = "[No Variations]"
Add component (AddParameter): Name = "Tolerance_%"; Value = "10%"; VariantName = "[No Variations]"
Add component (AddParameter): Name = "U/M"; Value = "EA"; VariantName = "[No Variations]"
Add component (AddParameter): Name = "Value"; Value = "0.1uF"; VariantName = "[No Variations]"
Add component (AddParameter): Name = "Value1"; Value = "Unknown"; VariantName = "[No Variations]"
Add component (AddParameter): Name = "Value2"; Value = "16V"; VariantName = "[No Variations]"
Add component (AddParameter): Name = "ValueDisplayed"; Value = "0.1uF"; VariantName = "[No Variations]"
Add component (AddParameter): Name = "VDC_V"; Value = "16V"; VariantName = "[No Variations]"
Added Component: Designator=C67(0603)
Add component (AddParameter): Name = "AEC Category"; Value = "Q200"; VariantName = "[No Variations]"
Add component (AddParameter): Name = "AEC Grade"; Value = "N/A"; VariantName = "[No Variations]"
Add component (AddParameter): Name = "AEC Qualified"; Value = "N"; VariantName = "[No Variations]"
Add component (AddParameter): Name = "Alternate Manufacturer"; Value = ""; VariantName = "[No Variations]"
Add component (AddParameter): Name = "Alternate PartNumber"; Value = ""; VariantName = "[No Variations]"
Add component (AddParameter): Name = "Cap_Case"; Value = "0603"; VariantName = "[No Variations]"
Add component (AddParameter): Name = "Cap_F"; Value = "3.3µF"; VariantName = "[No Variations]"
Add component (AddParameter): Name = "ComponentLink1Description"; Value = "Datasheet link"; VariantName = "[No Variations]"
Add component (AddParameter): Name = "ComponentLink1URL"; Value = "https://product.tdk.com/en/search/capacitor/ceramic/mlcc/info?part_no=C1608X7S1A335K080AC"; VariantName = "[No Variations]"
Add component (AddParameter): Name = "CompType"; Value = "Capacitor"; VariantName = "[No Variations]"
Add component (AddParameter): Name = "ESR_ohm"; Value = "4.796m"; VariantName = "[No Variations]"
Add component (AddParameter): Name = "IRMS_A"; Value = "2.3752A"; VariantName = "[No Variations]"
Add component (AddParameter): Name = "LatestRevisionDate"; Value = "2017-03-09"; VariantName = "[No Variations]"
Add component (AddParameter): Name = "Manufacturer"; Value = "TDK"; VariantName = "[No Variations]"
Add component (AddParameter): Name = "MountType"; Value = "SMT"; VariantName = "[No Variations]"
Add component (AddParameter): Name = "PackageReference"; Value = "0603"; VariantName = "[No Variations]"
Add component (AddParameter): Name = "PartNumber"; Value = "C1608X7S1A335K080AC"; VariantName = "[No Variations]"
Add component (AddParameter): Name = "Polarized"; Value = "N"; VariantName = "[No Variations]"
Add component (AddParameter): Name = "Published"; Value = "2008-06-19"; VariantName = "[No Variations]"
Add component (AddParameter): Name = "Publisher"; Value = "Texas Instruments"; VariantName = "[No Variations]"
Add component (AddParameter): Name = "RoHS"; Value = "Y"; VariantName = "[No Variations]"
Add component (AddParameter): Name = "SizeArea_mm2"; Value = "1.28"; VariantName = "[No Variations]"
Add component (AddParameter): Name = "SizeAreaWB_mm2"; Value = "4.68"; VariantName = "[No Variations]"
Add component (AddParameter): Name = "SizeX_mm"; Value = "1.6"; VariantName = "[No Variations]"
Add component (AddParameter): Name = "SizeY_mm"; Value = "0.8"; VariantName = "[No Variations]"
Add component (AddParameter): Name = "SizeZ_mm"; Value = "1"; VariantName = "[No Variations]"
Add component (AddParameter): Name = "Supplier 1"; Value = "Digi-Key"; VariantName = "[No Variations]"
Add component (AddParameter): Name = "Supplier 2"; Value = "Newark"; VariantName = "[No Variations]"
Add component (AddParameter): Name = "Supplier 3"; Value = "Mouser"; VariantName = "[No Variations]"
Add component (AddParameter): Name = "Supplier Part Number 1"; Value = "445-14256-1-ND"; VariantName = "[No Variations]"
Add component (AddParameter): Name = "Supplier Part Number 2"; Value = "52X3755"; VariantName = "[No Variations]"
Add component (AddParameter): Name = "Supplier Part Number 3"; Value = "810-C1608X7S1A335K0C"; VariantName = "[No Variations]"
Add component (AddParameter): Name = "TaMax_C"; Value = "125°C"; VariantName = "[No Variations]"
Add component (AddParameter): Name = "TaMin_C"; Value = "-55°C"; VariantName = "[No Variations]"
Add component (AddParameter): Name = "Technology"; Value = "Ceramic"; VariantName = "[No Variations]"
Add component (AddParameter): Name = "TempCo"; Value = "X7S"; VariantName = "[No Variations]"
Add component (AddParameter): Name = "Tolerance_%"; Value = "10%"; VariantName = "[No Variations]"
Add component (AddParameter): Name = "U/M"; Value = "EA"; VariantName = "[No Variations]"
Add component (AddParameter): Name = "Value"; Value = "3.3uF"; VariantName = "[No Variations]"
Add component (AddParameter): Name = "Value1"; Value = "0.004796 ohm"; VariantName = "[No Variations]"
Add component (AddParameter): Name = "Value2"; Value = "10V"; VariantName = "[No Variations]"
Add component (AddParameter): Name = "ValueDisplayed"; Value = "3.3uF"; VariantName = "[No Variations]"
Add component (AddParameter): Name = "VDC_V"; Value = "10V"; VariantName = "[No Variations]"
Added Component: Designator=C68(0603)
Add component (AddParameter): Name = "AEC Category"; Value = "Q200"; VariantName = "[No Variations]"
Add component (AddParameter): Name = "AEC Grade"; Value = "N/A"; VariantName = "[No Variations]"
Add component (AddParameter): Name = "AEC Qualified"; Value = "N"; VariantName = "[No Variations]"
Add component (AddParameter): Name = "Alternate Manufacturer"; Value = ""; VariantName = "[No Variations]"
Add component (AddParameter): Name = "Alternate PartNumber"; Value = ""; VariantName = "[No Variations]"
Add component (AddParameter): Name = "Cap_Case"; Value = "0603"; VariantName = "[No Variations]"
Add component (AddParameter): Name = "Cap_F"; Value = "3.3µF"; VariantName = "[No Variations]"
Add component (AddParameter): Name = "ComponentLink1Description"; Value = "Datasheet link"; VariantName = "[No Variations]"
Add component (AddParameter): Name = "ComponentLink1URL"; Value = "https://product.tdk.com/en/search/capacitor/ceramic/mlcc/info?part_no=C1608X7S1A335K080AC"; VariantName = "[No Variations]"
Add component (AddParameter): Name = "CompType"; Value = "Capacitor"; VariantName = "[No Variations]"
Add component (AddParameter): Name = "ESR_ohm"; Value = "4.796m"; VariantName = "[No Variations]"
Add component (AddParameter): Name = "IRMS_A"; Value = "2.3752A"; VariantName = "[No Variations]"
Add component (AddParameter): Name = "LatestRevisionDate"; Value = "2017-03-09"; VariantName = "[No Variations]"
Add component (AddParameter): Name = "Manufacturer"; Value = "TDK"; VariantName = "[No Variations]"
Add component (AddParameter): Name = "MountType"; Value = "SMT"; VariantName = "[No Variations]"
Add component (AddParameter): Name = "PackageReference"; Value = "0603"; VariantName = "[No Variations]"
Add component (AddParameter): Name = "PartNumber"; Value = "C1608X7S1A335K080AC"; VariantName = "[No Variations]"
Add component (AddParameter): Name = "Polarized"; Value = "N"; VariantName = "[No Variations]"
Add component (AddParameter): Name = "Published"; Value = "2008-06-19"; VariantName = "[No Variations]"
Add component (AddParameter): Name = "Publisher"; Value = "Texas Instruments"; VariantName = "[No Variations]"
Add component (AddParameter): Name = "RoHS"; Value = "Y"; VariantName = "[No Variations]"
Add component (AddParameter): Name = "SizeArea_mm2"; Value = "1.28"; VariantName = "[No Variations]"
Add component (AddParameter): Name = "SizeAreaWB_mm2"; Value = "4.68"; VariantName = "[No Variations]"
Add component (AddParameter): Name = "SizeX_mm"; Value = "1.6"; VariantName = "[No Variations]"
Add component (AddParameter): Name = "SizeY_mm"; Value = "0.8"; VariantName = "[No Variations]"
Add component (AddParameter): Name = "SizeZ_mm"; Value = "1"; VariantName = "[No Variations]"
Add component (AddParameter): Name = "Supplier 1"; Value = "Digi-Key"; VariantName = "[No Variations]"
Add component (AddParameter): Name = "Supplier 2"; Value = "Newark"; VariantName = "[No Variations]"
Add component (AddParameter): Name = "Supplier 3"; Value = "Mouser"; VariantName = "[No Variations]"
Add component (AddParameter): Name = "Supplier Part Number 1"; Value = "445-14256-1-ND"; VariantName = "[No Variations]"
Add component (AddParameter): Name = "Supplier Part Number 2"; Value = "52X3755"; VariantName = "[No Variations]"
Add component (AddParameter): Name = "Supplier Part Number 3"; Value = "810-C1608X7S1A335K0C"; VariantName = "[No Variations]"
Add component (AddParameter): Name = "TaMax_C"; Value = "125°C"; VariantName = "[No Variations]"
Add component (AddParameter): Name = "TaMin_C"; Value = "-55°C"; VariantName = "[No Variations]"
Add component (AddParameter): Name = "Technology"; Value = "Ceramic"; VariantName = "[No Variations]"
Add component (AddParameter): Name = "TempCo"; Value = "X7S"; VariantName = "[No Variations]"
Add component (AddParameter): Name = "Tolerance_%"; Value = "10%"; VariantName = "[No Variations]"
Add component (AddParameter): Name = "U/M"; Value = "EA"; VariantName = "[No Variations]"
Add component (AddParameter): Name = "Value"; Value = "3.3uF"; VariantName = "[No Variations]"
Add component (AddParameter): Name = "Value1"; Value = "0.004796 ohm"; VariantName = "[No Variations]"
Add component (AddParameter): Name = "Value2"; Value = "10V"; VariantName = "[No Variations]"
Add component (AddParameter): Name = "ValueDisplayed"; Value = "3.3uF"; VariantName = "[No Variations]"
Add component (AddParameter): Name = "VDC_V"; Value = "10V"; VariantName = "[No Variations]"
Added Component: Designator=C69(0201)
Add component (AddParameter): Name = "AEC Category"; Value = "Q200"; VariantName = "[No Variations]"
Add component (AddParameter): Name = "AEC Grade"; Value = "N/A"; VariantName = "[No Variations]"
Add component (AddParameter): Name = "AEC Qualified"; Value = "N"; VariantName = "[No Variations]"
Add component (AddParameter): Name = "Alternate Manufacturer"; Value = ""; VariantName = "[No Variations]"
Add component (AddParameter): Name = "Alternate PartNumber"; Value = ""; VariantName = "[No Variations]"
Add component (AddParameter): Name = "Cap_Case"; Value = "0201"; VariantName = "[No Variations]"
Add component (AddParameter): Name = "Cap_F"; Value = "100nF"; VariantName = "[No Variations]"
Add component (AddParameter): Name = "ComponentLink1Description"; Value = "Datasheet link"; VariantName = "[No Variations]"
Add component (AddParameter): Name = "ComponentLink1URL"; Value = "http://search.murata.co.jp/Ceramy/image/img/A01X/G101/ENG/GRM033Z71C104KE14-01.pdf"; VariantName = "[No Variations]"
Add component (AddParameter): Name = "CompType"; Value = "Capacitor"; VariantName = "[No Variations]"
Add component (AddParameter): Name = "ESR_ohm"; Value = ""; VariantName = "[No Variations]"
Add component (AddParameter): Name = "IRMS_A"; Value = ""; VariantName = "[No Variations]"
Add component (AddParameter): Name = "LatestRevisionDate"; Value = "2017-06-05"; VariantName = "[No Variations]"
Add component (AddParameter): Name = "Manufacturer"; Value = "MuRata"; VariantName = "[No Variations]"
Add component (AddParameter): Name = "MountType"; Value = "SMT"; VariantName = "[No Variations]"
Add component (AddParameter): Name = "PackageReference"; Value = "0201"; VariantName = "[No Variations]"
Add component (AddParameter): Name = "PartNumber"; Value = "GRM033Z71C104KE14D"; VariantName = "[No Variations]"
Add component (AddParameter): Name = "Polarized"; Value = "N"; VariantName = "[No Variations]"
Add component (AddParameter): Name = "Published"; Value = "2008-06-19"; VariantName = "[No Variations]"
Add component (AddParameter): Name = "Publisher"; Value = "Texas Instruments"; VariantName = "[No Variations]"
Add component (AddParameter): Name = "RoHS"; Value = "Y"; VariantName = "[No Variations]"
Add component (AddParameter): Name = "SizeArea_mm2"; Value = "0.18"; VariantName = "[No Variations]"
Add component (AddParameter): Name = "SizeAreaWB_mm2"; Value = "2.08"; VariantName = "[No Variations]"
Add component (AddParameter): Name = "SizeX_mm"; Value = "0.6"; VariantName = "[No Variations]"
Add component (AddParameter): Name = "SizeY_mm"; Value = "0.3"; VariantName = "[No Variations]"
Add component (AddParameter): Name = "SizeZ_mm"; Value = "0.26"; VariantName = "[No Variations]"
Add component (AddParameter): Name = "Supplier 1"; Value = "Mouser"; VariantName = "[No Variations]"
Add component (AddParameter): Name = "Supplier 2"; Value = ""; VariantName = "[No Variations]"
Add component (AddParameter): Name = "Supplier 3"; Value = ""; VariantName = "[No Variations]"
Add component (AddParameter): Name = "Supplier Part Number 1"; Value = "81-GRM033Z71C104KE4D"; VariantName = "[No Variations]"
Add component (AddParameter): Name = "Supplier Part Number 2"; Value = ""; VariantName = "[No Variations]"
Add component (AddParameter): Name = "Supplier Part Number 3"; Value = ""; VariantName = "[No Variations]"
Add component (AddParameter): Name = "TaMax_C"; Value = "125°C"; VariantName = "[No Variations]"
Add component (AddParameter): Name = "TaMin_C"; Value = "-55°C"; VariantName = "[No Variations]"
Add component (AddParameter): Name = "Technology"; Value = "Ceramic"; VariantName = "[No Variations]"
Add component (AddParameter): Name = "TempCo"; Value = "X7R"; VariantName = "[No Variations]"
Add component (AddParameter): Name = "Tolerance_%"; Value = "10%"; VariantName = "[No Variations]"
Add component (AddParameter): Name = "U/M"; Value = "EA"; VariantName = "[No Variations]"
Add component (AddParameter): Name = "Value"; Value = "0.1uF"; VariantName = "[No Variations]"
Add component (AddParameter): Name = "Value1"; Value = "Unknown"; VariantName = "[No Variations]"
Add component (AddParameter): Name = "Value2"; Value = "16V"; VariantName = "[No Variations]"
Add component (AddParameter): Name = "ValueDisplayed"; Value = "0.1uF"; VariantName = "[No Variations]"
Add component (AddParameter): Name = "VDC_V"; Value = "16V"; VariantName = "[No Variations]"
Added Component: Designator=C70(0201)
Add component (AddParameter): Name = "AEC Category"; Value = "Q200"; VariantName = "[No Variations]"
Add component (AddParameter): Name = "AEC Grade"; Value = "N/A"; VariantName = "[No Variations]"
Add component (AddParameter): Name = "AEC Qualified"; Value = "N"; VariantName = "[No Variations]"
Add component (AddParameter): Name = "Alternate Manufacturer"; Value = ""; VariantName = "[No Variations]"
Add component (AddParameter): Name = "Alternate PartNumber"; Value = ""; VariantName = "[No Variations]"
Add component (AddParameter): Name = "Cap_Case"; Value = "0201"; VariantName = "[No Variations]"
Add component (AddParameter): Name = "Cap_F"; Value = "100nF"; VariantName = "[No Variations]"
Add component (AddParameter): Name = "ComponentLink1Description"; Value = "Datasheet link"; VariantName = "[No Variations]"
Add component (AddParameter): Name = "ComponentLink1URL"; Value = "http://search.murata.co.jp/Ceramy/image/img/A01X/G101/ENG/GRM033Z71C104KE14-01.pdf"; VariantName = "[No Variations]"
Add component (AddParameter): Name = "CompType"; Value = "Capacitor"; VariantName = "[No Variations]"
Add component (AddParameter): Name = "ESR_ohm"; Value = ""; VariantName = "[No Variations]"
Add component (AddParameter): Name = "IRMS_A"; Value = ""; VariantName = "[No Variations]"
Add component (AddParameter): Name = "LatestRevisionDate"; Value = "2017-06-05"; VariantName = "[No Variations]"
Add component (AddParameter): Name = "Manufacturer"; Value = "MuRata"; VariantName = "[No Variations]"
Add component (AddParameter): Name = "MountType"; Value = "SMT"; VariantName = "[No Variations]"
Add component (AddParameter): Name = "PackageReference"; Value = "0201"; VariantName = "[No Variations]"
Add component (AddParameter): Name = "PartNumber"; Value = "GRM033Z71C104KE14D"; VariantName = "[No Variations]"
Add component (AddParameter): Name = "Polarized"; Value = "N"; VariantName = "[No Variations]"
Add component (AddParameter): Name = "Published"; Value = "2008-06-19"; VariantName = "[No Variations]"
Add component (AddParameter): Name = "Publisher"; Value = "Texas Instruments"; VariantName = "[No Variations]"
Add component (AddParameter): Name = "RoHS"; Value = "Y"; VariantName = "[No Variations]"
Add component (AddParameter): Name = "SizeArea_mm2"; Value = "0.18"; VariantName = "[No Variations]"
Add component (AddParameter): Name = "SizeAreaWB_mm2"; Value = "2.08"; VariantName = "[No Variations]"
Add component (AddParameter): Name = "SizeX_mm"; Value = "0.6"; VariantName = "[No Variations]"
Add component (AddParameter): Name = "SizeY_mm"; Value = "0.3"; VariantName = "[No Variations]"
Add component (AddParameter): Name = "SizeZ_mm"; Value = "0.26"; VariantName = "[No Variations]"
Add component (AddParameter): Name = "Supplier 1"; Value = "Mouser"; VariantName = "[No Variations]"
Add component (AddParameter): Name = "Supplier 2"; Value = ""; VariantName = "[No Variations]"
Add component (AddParameter): Name = "Supplier 3"; Value = ""; VariantName = "[No Variations]"
Add component (AddParameter): Name = "Supplier Part Number 1"; Value = "81-GRM033Z71C104KE4D"; VariantName = "[No Variations]"
Add component (AddParameter): Name = "Supplier Part Number 2"; Value = ""; VariantName = "[No Variations]"
Add component (AddParameter): Name = "Supplier Part Number 3"; Value = ""; VariantName = "[No Variations]"
Add component (AddParameter): Name = "TaMax_C"; Value = "125°C"; VariantName = "[No Variations]"
Add component (AddParameter): Name = "TaMin_C"; Value = "-55°C"; VariantName = "[No Variations]"
Add component (AddParameter): Name = "Technology"; Value = "Ceramic"; VariantName = "[No Variations]"
Add component (AddParameter): Name = "TempCo"; Value = "X7R"; VariantName = "[No Variations]"
Add component (AddParameter): Name = "Tolerance_%"; Value = "10%"; VariantName = "[No Variations]"
Add component (AddParameter): Name = "U/M"; Value = "EA"; VariantName = "[No Variations]"
Add component (AddParameter): Name = "Value"; Value = "0.1uF"; VariantName = "[No Variations]"
Add component (AddParameter): Name = "Value1"; Value = "Unknown"; VariantName = "[No Variations]"
Add component (AddParameter): Name = "Value2"; Value = "16V"; VariantName = "[No Variations]"
Add component (AddParameter): Name = "ValueDisplayed"; Value = "0.1uF"; VariantName = "[No Variations]"
Add component (AddParameter): Name = "VDC_V"; Value = "16V"; VariantName = "[No Variations]"
Added Component: Designator=C71(0201)
Add component (AddParameter): Name = "AEC Category"; Value = "Q200"; VariantName = "[No Variations]"
Add component (AddParameter): Name = "AEC Grade"; Value = "N/A"; VariantName = "[No Variations]"
Add component (AddParameter): Name = "AEC Qualified"; Value = "N"; VariantName = "[No Variations]"
Add component (AddParameter): Name = "Alternate Manufacturer"; Value = ""; VariantName = "[No Variations]"
Add component (AddParameter): Name = "Alternate PartNumber"; Value = ""; VariantName = "[No Variations]"
Add component (AddParameter): Name = "Cap_Case"; Value = "0201"; VariantName = "[No Variations]"
Add component (AddParameter): Name = "Cap_F"; Value = "100nF"; VariantName = "[No Variations]"
Add component (AddParameter): Name = "ComponentLink1Description"; Value = "Datasheet link"; VariantName = "[No Variations]"
Add component (AddParameter): Name = "ComponentLink1URL"; Value = "http://search.murata.co.jp/Ceramy/image/img/A01X/G101/ENG/GRM033Z71C104KE14-01.pdf"; VariantName = "[No Variations]"
Add component (AddParameter): Name = "CompType"; Value = "Capacitor"; VariantName = "[No Variations]"
Add component (AddParameter): Name = "ESR_ohm"; Value = ""; VariantName = "[No Variations]"
Add component (AddParameter): Name = "IRMS_A"; Value = ""; VariantName = "[No Variations]"
Add component (AddParameter): Name = "LatestRevisionDate"; Value = "2017-06-05"; VariantName = "[No Variations]"
Add component (AddParameter): Name = "Manufacturer"; Value = "MuRata"; VariantName = "[No Variations]"
Add component (AddParameter): Name = "MountType"; Value = "SMT"; VariantName = "[No Variations]"
Add component (AddParameter): Name = "PackageReference"; Value = "0201"; VariantName = "[No Variations]"
Add component (AddParameter): Name = "PartNumber"; Value = "GRM033Z71C104KE14D"; VariantName = "[No Variations]"
Add component (AddParameter): Name = "Polarized"; Value = "N"; VariantName = "[No Variations]"
Add component (AddParameter): Name = "Published"; Value = "2008-06-19"; VariantName = "[No Variations]"
Add component (AddParameter): Name = "Publisher"; Value = "Texas Instruments"; VariantName = "[No Variations]"
Add component (AddParameter): Name = "RoHS"; Value = "Y"; VariantName = "[No Variations]"
Add component (AddParameter): Name = "SizeArea_mm2"; Value = "0.18"; VariantName = "[No Variations]"
Add component (AddParameter): Name = "SizeAreaWB_mm2"; Value = "2.08"; VariantName = "[No Variations]"
Add component (AddParameter): Name = "SizeX_mm"; Value = "0.6"; VariantName = "[No Variations]"
Add component (AddParameter): Name = "SizeY_mm"; Value = "0.3"; VariantName = "[No Variations]"
Add component (AddParameter): Name = "SizeZ_mm"; Value = "0.26"; VariantName = "[No Variations]"
Add component (AddParameter): Name = "Supplier 1"; Value = "Mouser"; VariantName = "[No Variations]"
Add component (AddParameter): Name = "Supplier 2"; Value = ""; VariantName = "[No Variations]"
Add component (AddParameter): Name = "Supplier 3"; Value = ""; VariantName = "[No Variations]"
Add component (AddParameter): Name = "Supplier Part Number 1"; Value = "81-GRM033Z71C104KE4D"; VariantName = "[No Variations]"
Add component (AddParameter): Name = "Supplier Part Number 2"; Value = ""; VariantName = "[No Variations]"
Add component (AddParameter): Name = "Supplier Part Number 3"; Value = ""; VariantName = "[No Variations]"
Add component (AddParameter): Name = "TaMax_C"; Value = "125°C"; VariantName = "[No Variations]"
Add component (AddParameter): Name = "TaMin_C"; Value = "-55°C"; VariantName = "[No Variations]"
Add component (AddParameter): Name = "Technology"; Value = "Ceramic"; VariantName = "[No Variations]"
Add component (AddParameter): Name = "TempCo"; Value = "X7R"; VariantName = "[No Variations]"
Add component (AddParameter): Name = "Tolerance_%"; Value = "10%"; VariantName = "[No Variations]"
Add component (AddParameter): Name = "U/M"; Value = "EA"; VariantName = "[No Variations]"
Add component (AddParameter): Name = "Value"; Value = "0.1uF"; VariantName = "[No Variations]"
Add component (AddParameter): Name = "Value1"; Value = "Unknown"; VariantName = "[No Variations]"
Add component (AddParameter): Name = "Value2"; Value = "16V"; VariantName = "[No Variations]"
Add component (AddParameter): Name = "ValueDisplayed"; Value = "0.1uF"; VariantName = "[No Variations]"
Add component (AddParameter): Name = "VDC_V"; Value = "16V"; VariantName = "[No Variations]"
Added Component: Designator=C87(0402)
Add component (AddParameter): Name = "AEC Category"; Value = "Q200"; VariantName = "[No Variations]"
Add component (AddParameter): Name = "AEC Grade"; Value = ""; VariantName = "[No Variations]"
Add component (AddParameter): Name = "AEC Qualified"; Value = "?"; VariantName = "[No Variations]"
Add component (AddParameter): Name = "Alternate Manufacturer"; Value = ""; VariantName = "[No Variations]"
Add component (AddParameter): Name = "Alternate PartNumber"; Value = ""; VariantName = "[No Variations]"
Add component (AddParameter): Name = "Cap_Case"; Value = "0402"; VariantName = "[No Variations]"
Add component (AddParameter): Name = "Cap_F"; Value = "12pF"; VariantName = "[No Variations]"
Add component (AddParameter): Name = "ComponentLink1Description"; Value = "Datasheet link"; VariantName = "[No Variations]"
Add component (AddParameter): Name = "ComponentLink1URL"; Value = "http://search.murata.co.jp/Ceramy/PnsearchViewAction.do?HnOFG=ON&HnNFG=ON&SEL_CNT=50&sLang=en&sKey=GRM1555C1E120JA01D&x=9&y=9&search=startwith"; VariantName = "[No Variations]"
Add component (AddParameter): Name = "CompType"; Value = "Capacitor"; VariantName = "[No Variations]"
Add component (AddParameter): Name = "ESR_ohm"; Value = ""; VariantName = "[No Variations]"
Add component (AddParameter): Name = "IRMS_A"; Value = ""; VariantName = "[No Variations]"
Add component (AddParameter): Name = "LatestRevisionDate"; Value = "2017-03-09"; VariantName = "[No Variations]"
Add component (AddParameter): Name = "Manufacturer"; Value = "MuRata"; VariantName = "[No Variations]"
Add component (AddParameter): Name = "MountType"; Value = "SMT"; VariantName = "[No Variations]"
Add component (AddParameter): Name = "PackageReference"; Value = "0402"; VariantName = "[No Variations]"
Add component (AddParameter): Name = "PartNumber"; Value = "GRM1555C1E120JA01D"; VariantName = "[No Variations]"
Add component (AddParameter): Name = "Polarized"; Value = "N"; VariantName = "[No Variations]"
Add component (AddParameter): Name = "Published"; Value = "2008-06-19"; VariantName = "[No Variations]"
Add component (AddParameter): Name = "Publisher"; Value = "Texas Instruments"; VariantName = "[No Variations]"
Add component (AddParameter): Name = "RoHS"; Value = "Y"; VariantName = "[No Variations]"
Add component (AddParameter): Name = "SizeArea_mm2"; Value = "0.5"; VariantName = "[No Variations]"
Add component (AddParameter): Name = "SizeAreaWB_mm2"; Value = "3"; VariantName = "[No Variations]"
Add component (AddParameter): Name = "SizeX_mm"; Value = "1"; VariantName = "[No Variations]"
Add component (AddParameter): Name = "SizeY_mm"; Value = "0.5"; VariantName = "[No Variations]"
Add component (AddParameter): Name = "SizeZ_mm"; Value = "0.6"; VariantName = "[No Variations]"
Add component (AddParameter): Name = "Supplier 1"; Value = "Mouser"; VariantName = "[No Variations]"
Add component (AddParameter): Name = "Supplier 2"; Value = ""; VariantName = "[No Variations]"
Add component (AddParameter): Name = "Supplier 3"; Value = ""; VariantName = "[No Variations]"
Add component (AddParameter): Name = "Supplier Part Number 1"; Value = "81-GRM1555C1E120JA1D"; VariantName = "[No Variations]"
Add component (AddParameter): Name = "Supplier Part Number 2"; Value = ""; VariantName = "[No Variations]"
Add component (AddParameter): Name = "Supplier Part Number 3"; Value = ""; VariantName = "[No Variations]"
Add component (AddParameter): Name = "TaMax_C"; Value = "125°C"; VariantName = "[No Variations]"
Add component (AddParameter): Name = "TaMin_C"; Value = "-55°C"; VariantName = "[No Variations]"
Add component (AddParameter): Name = "Technology"; Value = "Ceramic"; VariantName = "[No Variations]"
Add component (AddParameter): Name = "TempCo"; Value = "C0G/NP0"; VariantName = "[No Variations]"
Add component (AddParameter): Name = "Tolerance_%"; Value = "5%"; VariantName = "[No Variations]"
Add component (AddParameter): Name = "U/M"; Value = "EA"; VariantName = "[No Variations]"
Add component (AddParameter): Name = "Value"; Value = "12pF"; VariantName = "[No Variations]"
Add component (AddParameter): Name = "Value1"; Value = "Unknown"; VariantName = "[No Variations]"
Add component (AddParameter): Name = "Value2"; Value = "25V"; VariantName = "[No Variations]"
Add component (AddParameter): Name = "ValueDisplayed"; Value = "12pF"; VariantName = "[No Variations]"
Add component (AddParameter): Name = "VDC_V"; Value = "25V"; VariantName = "[No Variations]"
Added Component: Designator=C88(0402)
Add component (AddParameter): Name = "AEC Category"; Value = "Q200"; VariantName = "[No Variations]"
Add component (AddParameter): Name = "AEC Grade"; Value = ""; VariantName = "[No Variations]"
Add component (AddParameter): Name = "AEC Qualified"; Value = "?"; VariantName = "[No Variations]"
Add component (AddParameter): Name = "Alternate Manufacturer"; Value = ""; VariantName = "[No Variations]"
Add component (AddParameter): Name = "Alternate PartNumber"; Value = ""; VariantName = "[No Variations]"
Add component (AddParameter): Name = "Cap_Case"; Value = "0402"; VariantName = "[No Variations]"
Add component (AddParameter): Name = "Cap_F"; Value = "12pF"; VariantName = "[No Variations]"
Add component (AddParameter): Name = "ComponentLink1Description"; Value = "Datasheet link"; VariantName = "[No Variations]"
Add component (AddParameter): Name = "ComponentLink1URL"; Value = "http://search.murata.co.jp/Ceramy/PnsearchViewAction.do?HnOFG=ON&HnNFG=ON&SEL_CNT=50&sLang=en&sKey=GRM1555C1E120JA01D&x=9&y=9&search=startwith"; VariantName = "[No Variations]"
Add component (AddParameter): Name = "CompType"; Value = "Capacitor"; VariantName = "[No Variations]"
Add component (AddParameter): Name = "ESR_ohm"; Value = ""; VariantName = "[No Variations]"
Add component (AddParameter): Name = "IRMS_A"; Value = ""; VariantName = "[No Variations]"
Add component (AddParameter): Name = "LatestRevisionDate"; Value = "2017-03-09"; VariantName = "[No Variations]"
Add component (AddParameter): Name = "Manufacturer"; Value = "MuRata"; VariantName = "[No Variations]"
Add component (AddParameter): Name = "MountType"; Value = "SMT"; VariantName = "[No Variations]"
Add component (AddParameter): Name = "PackageReference"; Value = "0402"; VariantName = "[No Variations]"
Add component (AddParameter): Name = "PartNumber"; Value = "GRM1555C1E120JA01D"; VariantName = "[No Variations]"
Add component (AddParameter): Name = "Polarized"; Value = "N"; VariantName = "[No Variations]"
Add component (AddParameter): Name = "Published"; Value = "2008-06-19"; VariantName = "[No Variations]"
Add component (AddParameter): Name = "Publisher"; Value = "Texas Instruments"; VariantName = "[No Variations]"
Add component (AddParameter): Name = "RoHS"; Value = "Y"; VariantName = "[No Variations]"
Add component (AddParameter): Name = "SizeArea_mm2"; Value = "0.5"; VariantName = "[No Variations]"
Add component (AddParameter): Name = "SizeAreaWB_mm2"; Value = "3"; VariantName = "[No Variations]"
Add component (AddParameter): Name = "SizeX_mm"; Value = "1"; VariantName = "[No Variations]"
Add component (AddParameter): Name = "SizeY_mm"; Value = "0.5"; VariantName = "[No Variations]"
Add component (AddParameter): Name = "SizeZ_mm"; Value = "0.6"; VariantName = "[No Variations]"
Add component (AddParameter): Name = "Supplier 1"; Value = "Mouser"; VariantName = "[No Variations]"
Add component (AddParameter): Name = "Supplier 2"; Value = ""; VariantName = "[No Variations]"
Add component (AddParameter): Name = "Supplier 3"; Value = ""; VariantName = "[No Variations]"
Add component (AddParameter): Name = "Supplier Part Number 1"; Value = "81-GRM1555C1E120JA1D"; VariantName = "[No Variations]"
Add component (AddParameter): Name = "Supplier Part Number 2"; Value = ""; VariantName = "[No Variations]"
Add component (AddParameter): Name = "Supplier Part Number 3"; Value = ""; VariantName = "[No Variations]"
Add component (AddParameter): Name = "TaMax_C"; Value = "125°C"; VariantName = "[No Variations]"
Add component (AddParameter): Name = "TaMin_C"; Value = "-55°C"; VariantName = "[No Variations]"
Add component (AddParameter): Name = "Technology"; Value = "Ceramic"; VariantName = "[No Variations]"
Add component (AddParameter): Name = "TempCo"; Value = "C0G/NP0"; VariantName = "[No Variations]"
Add component (AddParameter): Name = "Tolerance_%"; Value = "5%"; VariantName = "[No Variations]"
Add component (AddParameter): Name = "U/M"; Value = "EA"; VariantName = "[No Variations]"
Add component (AddParameter): Name = "Value"; Value = "12pF"; VariantName = "[No Variations]"
Add component (AddParameter): Name = "Value1"; Value = "Unknown"; VariantName = "[No Variations]"
Add component (AddParameter): Name = "Value2"; Value = "25V"; VariantName = "[No Variations]"
Add component (AddParameter): Name = "ValueDisplayed"; Value = "12pF"; VariantName = "[No Variations]"
Add component (AddParameter): Name = "VDC_V"; Value = "25V"; VariantName = "[No Variations]"
Added Component: Designator=C89(0402)
Add component (AddParameter): Name = "AEC Category"; Value = "Q200"; VariantName = "[No Variations]"
Add component (AddParameter): Name = "AEC Grade"; Value = "N/A"; VariantName = "[No Variations]"
Add component (AddParameter): Name = "AEC Qualified"; Value = "N"; VariantName = "[No Variations]"
Add component (AddParameter): Name = "Alternate Manufacturer"; Value = ""; VariantName = "[No Variations]"
Add component (AddParameter): Name = "Alternate PartNumber"; Value = ""; VariantName = "[No Variations]"
Add component (AddParameter): Name = "Cap_Case"; Value = "0402"; VariantName = "[No Variations]"
Add component (AddParameter): Name = "Cap_F"; Value = "100nF"; VariantName = "[No Variations]"
Add component (AddParameter): Name = "ComponentLink1Description"; Value = "Datasheet link"; VariantName = "[No Variations]"
Add component (AddParameter): Name = "ComponentLink1URL"; Value = "http://search.murata.co.jp/Ceramy/image/img/A01X/G101/ENG/GRM155R71E104KE14-01.pdf"; VariantName = "[No Variations]"
Add component (AddParameter): Name = "CompType"; Value = "Capacitor"; VariantName = "[No Variations]"
Add component (AddParameter): Name = "ESR_ohm"; Value = ""; VariantName = "[No Variations]"
Add component (AddParameter): Name = "IRMS_A"; Value = ""; VariantName = "[No Variations]"
Add component (AddParameter): Name = "LatestRevisionDate"; Value = "2017-03-09"; VariantName = "[No Variations]"
Add component (AddParameter): Name = "Manufacturer"; Value = "MuRata"; VariantName = "[No Variations]"
Add component (AddParameter): Name = "MountType"; Value = "SMT"; VariantName = "[No Variations]"
Add component (AddParameter): Name = "PackageReference"; Value = "0402"; VariantName = "[No Variations]"
Add component (AddParameter): Name = "PartNumber"; Value = "GRM155R71E104KE14D"; VariantName = "[No Variations]"
Add component (AddParameter): Name = "Polarized"; Value = "N"; VariantName = "[No Variations]"
Add component (AddParameter): Name = "Published"; Value = "2008-06-19"; VariantName = "[No Variations]"
Add component (AddParameter): Name = "Publisher"; Value = "Texas Instruments"; VariantName = "[No Variations]"
Add component (AddParameter): Name = "RoHS"; Value = "Y"; VariantName = "[No Variations]"
Add component (AddParameter): Name = "SizeArea_mm2"; Value = "0.5"; VariantName = "[No Variations]"
Add component (AddParameter): Name = "SizeAreaWB_mm2"; Value = "3"; VariantName = "[No Variations]"
Add component (AddParameter): Name = "SizeX_mm"; Value = "1"; VariantName = "[No Variations]"
Add component (AddParameter): Name = "SizeY_mm"; Value = "0.5"; VariantName = "[No Variations]"
Add component (AddParameter): Name = "SizeZ_mm"; Value = "0.6"; VariantName = "[No Variations]"
Add component (AddParameter): Name = "Supplier 1"; Value = "Digi-Key"; VariantName = "[No Variations]"
Add component (AddParameter): Name = "Supplier 2"; Value = "Newark"; VariantName = "[No Variations]"
Add component (AddParameter): Name = "Supplier 3"; Value = "Mouser"; VariantName = "[No Variations]"
Add component (AddParameter): Name = "Supplier Part Number 1"; Value = "490-10698-1-ND"; VariantName = "[No Variations]"
Add component (AddParameter): Name = "Supplier Part Number 2"; Value = "31Y1751"; VariantName = "[No Variations]"
Add component (AddParameter): Name = "Supplier Part Number 3"; Value = "81-GRM155R71E104KE4D"; VariantName = "[No Variations]"
Add component (AddParameter): Name = "TaMax_C"; Value = "125°C"; VariantName = "[No Variations]"
Add component (AddParameter): Name = "TaMin_C"; Value = "-55°C"; VariantName = "[No Variations]"
Add component (AddParameter): Name = "Technology"; Value = "Ceramic"; VariantName = "[No Variations]"
Add component (AddParameter): Name = "TempCo"; Value = "X7R"; VariantName = "[No Variations]"
Add component (AddParameter): Name = "Tolerance_%"; Value = "10%"; VariantName = "[No Variations]"
Add component (AddParameter): Name = "U/M"; Value = "EA"; VariantName = "[No Variations]"
Add component (AddParameter): Name = "Value"; Value = "0.1uF"; VariantName = "[No Variations]"
Add component (AddParameter): Name = "Value1"; Value = "Unknown"; VariantName = "[No Variations]"
Add component (AddParameter): Name = "Value2"; Value = "25V"; VariantName = "[No Variations]"
Add component (AddParameter): Name = "ValueDisplayed"; Value = "0.1uF"; VariantName = "[No Variations]"
Add component (AddParameter): Name = "VDC_V"; Value = "25V"; VariantName = "[No Variations]"
Added Component: Designator=C90(0402)
Add component (AddParameter): Name = "AEC Category"; Value = "Q200"; VariantName = "[No Variations]"
Add component (AddParameter): Name = "AEC Grade"; Value = "N/A"; VariantName = "[No Variations]"
Add component (AddParameter): Name = "AEC Qualified"; Value = "N"; VariantName = "[No Variations]"
Add component (AddParameter): Name = "Alternate Manufacturer"; Value = ""; VariantName = "[No Variations]"
Add component (AddParameter): Name = "Alternate PartNumber"; Value = ""; VariantName = "[No Variations]"
Add component (AddParameter): Name = "Cap_Case"; Value = "0402"; VariantName = "[No Variations]"
Add component (AddParameter): Name = "Cap_F"; Value = "100nF"; VariantName = "[No Variations]"
Add component (AddParameter): Name = "ComponentLink1Description"; Value = "Datasheet link"; VariantName = "[No Variations]"
Add component (AddParameter): Name = "ComponentLink1URL"; Value = "http://search.murata.co.jp/Ceramy/image/img/A01X/G101/ENG/GRM155R71E104KE14-01.pdf"; VariantName = "[No Variations]"
Add component (AddParameter): Name = "CompType"; Value = "Capacitor"; VariantName = "[No Variations]"
Add component (AddParameter): Name = "ESR_ohm"; Value = ""; VariantName = "[No Variations]"
Add component (AddParameter): Name = "IRMS_A"; Value = ""; VariantName = "[No Variations]"
Add component (AddParameter): Name = "LatestRevisionDate"; Value = "2017-03-09"; VariantName = "[No Variations]"
Add component (AddParameter): Name = "Manufacturer"; Value = "MuRata"; VariantName = "[No Variations]"
Add component (AddParameter): Name = "MountType"; Value = "SMT"; VariantName = "[No Variations]"
Add component (AddParameter): Name = "PackageReference"; Value = "0402"; VariantName = "[No Variations]"
Add component (AddParameter): Name = "PartNumber"; Value = "GRM155R71E104KE14D"; VariantName = "[No Variations]"
Add component (AddParameter): Name = "Polarized"; Value = "N"; VariantName = "[No Variations]"
Add component (AddParameter): Name = "Published"; Value = "2008-06-19"; VariantName = "[No Variations]"
Add component (AddParameter): Name = "Publisher"; Value = "Texas Instruments"; VariantName = "[No Variations]"
Add component (AddParameter): Name = "RoHS"; Value = "Y"; VariantName = "[No Variations]"
Add component (AddParameter): Name = "SizeArea_mm2"; Value = "0.5"; VariantName = "[No Variations]"
Add component (AddParameter): Name = "SizeAreaWB_mm2"; Value = "3"; VariantName = "[No Variations]"
Add component (AddParameter): Name = "SizeX_mm"; Value = "1"; VariantName = "[No Variations]"
Add component (AddParameter): Name = "SizeY_mm"; Value = "0.5"; VariantName = "[No Variations]"
Add component (AddParameter): Name = "SizeZ_mm"; Value = "0.6"; VariantName = "[No Variations]"
Add component (AddParameter): Name = "Supplier 1"; Value = "Digi-Key"; VariantName = "[No Variations]"
Add component (AddParameter): Name = "Supplier 2"; Value = "Newark"; VariantName = "[No Variations]"
Add component (AddParameter): Name = "Supplier 3"; Value = "Mouser"; VariantName = "[No Variations]"
Add component (AddParameter): Name = "Supplier Part Number 1"; Value = "490-10698-1-ND"; VariantName = "[No Variations]"
Add component (AddParameter): Name = "Supplier Part Number 2"; Value = "31Y1751"; VariantName = "[No Variations]"
Add component (AddParameter): Name = "Supplier Part Number 3"; Value = "81-GRM155R71E104KE4D"; VariantName = "[No Variations]"
Add component (AddParameter): Name = "TaMax_C"; Value = "125°C"; VariantName = "[No Variations]"
Add component (AddParameter): Name = "TaMin_C"; Value = "-55°C"; VariantName = "[No Variations]"
Add component (AddParameter): Name = "Technology"; Value = "Ceramic"; VariantName = "[No Variations]"
Add component (AddParameter): Name = "TempCo"; Value = "X7R"; VariantName = "[No Variations]"
Add component (AddParameter): Name = "Tolerance_%"; Value = "10%"; VariantName = "[No Variations]"
Add component (AddParameter): Name = "U/M"; Value = "EA"; VariantName = "[No Variations]"
Add component (AddParameter): Name = "Value"; Value = "0.1uF"; VariantName = "[No Variations]"
Add component (AddParameter): Name = "Value1"; Value = "Unknown"; VariantName = "[No Variations]"
Add component (AddParameter): Name = "Value2"; Value = "25V"; VariantName = "[No Variations]"
Add component (AddParameter): Name = "ValueDisplayed"; Value = "0.1uF"; VariantName = "[No Variations]"
Add component (AddParameter): Name = "VDC_V"; Value = "25V"; VariantName = "[No Variations]"
Added Component: Designator=C91(0402)
Add component (AddParameter): Name = "AEC Category"; Value = "Q200"; VariantName = "[No Variations]"
Add component (AddParameter): Name = "AEC Grade"; Value = "N/A"; VariantName = "[No Variations]"
Add component (AddParameter): Name = "AEC Qualified"; Value = "N"; VariantName = "[No Variations]"
Add component (AddParameter): Name = "Alternate Manufacturer"; Value = ""; VariantName = "[No Variations]"
Add component (AddParameter): Name = "Alternate PartNumber"; Value = ""; VariantName = "[No Variations]"
Add component (AddParameter): Name = "Cap_Case"; Value = "0402"; VariantName = "[No Variations]"
Add component (AddParameter): Name = "Cap_F"; Value = "100nF"; VariantName = "[No Variations]"
Add component (AddParameter): Name = "ComponentLink1Description"; Value = "Datasheet link"; VariantName = "[No Variations]"
Add component (AddParameter): Name = "ComponentLink1URL"; Value = "http://search.murata.co.jp/Ceramy/image/img/A01X/G101/ENG/GRM155R71E104KE14-01.pdf"; VariantName = "[No Variations]"
Add component (AddParameter): Name = "CompType"; Value = "Capacitor"; VariantName = "[No Variations]"
Add component (AddParameter): Name = "ESR_ohm"; Value = ""; VariantName = "[No Variations]"
Add component (AddParameter): Name = "IRMS_A"; Value = ""; VariantName = "[No Variations]"
Add component (AddParameter): Name = "LatestRevisionDate"; Value = "2017-03-09"; VariantName = "[No Variations]"
Add component (AddParameter): Name = "Manufacturer"; Value = "MuRata"; VariantName = "[No Variations]"
Add component (AddParameter): Name = "MountType"; Value = "SMT"; VariantName = "[No Variations]"
Add component (AddParameter): Name = "PackageReference"; Value = "0402"; VariantName = "[No Variations]"
Add component (AddParameter): Name = "PartNumber"; Value = "GRM155R71E104KE14D"; VariantName = "[No Variations]"
Add component (AddParameter): Name = "Polarized"; Value = "N"; VariantName = "[No Variations]"
Add component (AddParameter): Name = "Published"; Value = "2008-06-19"; VariantName = "[No Variations]"
Add component (AddParameter): Name = "Publisher"; Value = "Texas Instruments"; VariantName = "[No Variations]"
Add component (AddParameter): Name = "RoHS"; Value = "Y"; VariantName = "[No Variations]"
Add component (AddParameter): Name = "SizeArea_mm2"; Value = "0.5"; VariantName = "[No Variations]"
Add component (AddParameter): Name = "SizeAreaWB_mm2"; Value = "3"; VariantName = "[No Variations]"
Add component (AddParameter): Name = "SizeX_mm"; Value = "1"; VariantName = "[No Variations]"
Add component (AddParameter): Name = "SizeY_mm"; Value = "0.5"; VariantName = "[No Variations]"
Add component (AddParameter): Name = "SizeZ_mm"; Value = "0.6"; VariantName = "[No Variations]"
Add component (AddParameter): Name = "Supplier 1"; Value = "Digi-Key"; VariantName = "[No Variations]"
Add component (AddParameter): Name = "Supplier 2"; Value = "Newark"; VariantName = "[No Variations]"
Add component (AddParameter): Name = "Supplier 3"; Value = "Mouser"; VariantName = "[No Variations]"
Add component (AddParameter): Name = "Supplier Part Number 1"; Value = "490-10698-1-ND"; VariantName = "[No Variations]"
Add component (AddParameter): Name = "Supplier Part Number 2"; Value = "31Y1751"; VariantName = "[No Variations]"
Add component (AddParameter): Name = "Supplier Part Number 3"; Value = "81-GRM155R71E104KE4D"; VariantName = "[No Variations]"
Add component (AddParameter): Name = "TaMax_C"; Value = "125°C"; VariantName = "[No Variations]"
Add component (AddParameter): Name = "TaMin_C"; Value = "-55°C"; VariantName = "[No Variations]"
Add component (AddParameter): Name = "Technology"; Value = "Ceramic"; VariantName = "[No Variations]"
Add component (AddParameter): Name = "TempCo"; Value = "X7R"; VariantName = "[No Variations]"
Add component (AddParameter): Name = "Tolerance_%"; Value = "10%"; VariantName = "[No Variations]"
Add component (AddParameter): Name = "U/M"; Value = "EA"; VariantName = "[No Variations]"
Add component (AddParameter): Name = "Value"; Value = "0.1uF"; VariantName = "[No Variations]"
Add component (AddParameter): Name = "Value1"; Value = "Unknown"; VariantName = "[No Variations]"
Add component (AddParameter): Name = "Value2"; Value = "25V"; VariantName = "[No Variations]"
Add component (AddParameter): Name = "ValueDisplayed"; Value = "0.1uF"; VariantName = "[No Variations]"
Add component (AddParameter): Name = "VDC_V"; Value = "25V"; VariantName = "[No Variations]"
Added Component: Designator=C92(0603)
Add component (AddParameter): Name = "AEC Category"; Value = "Q200"; VariantName = "[No Variations]"
Add component (AddParameter): Name = "AEC Grade"; Value = "N/A"; VariantName = "[No Variations]"
Add component (AddParameter): Name = "AEC Qualified"; Value = "N"; VariantName = "[No Variations]"
Add component (AddParameter): Name = "Alternate Manufacturer"; Value = ""; VariantName = "[No Variations]"
Add component (AddParameter): Name = "Alternate PartNumber"; Value = ""; VariantName = "[No Variations]"
Add component (AddParameter): Name = "Cap_Case"; Value = "0603"; VariantName = "[No Variations]"
Add component (AddParameter): Name = "Cap_F"; Value = "4.7µF"; VariantName = "[No Variations]"
Add component (AddParameter): Name = "ComponentLink1Description"; Value = "Datasheet link"; VariantName = "[No Variations]"
Add component (AddParameter): Name = "ComponentLink1URL"; Value = "http://search.murata.co.jp/Ceramy/image/img/A01X/G101/ENG/GRM188Z71C475KE21-01.pdf"; VariantName = "[No Variations]"
Add component (AddParameter): Name = "CompType"; Value = "Capacitor"; VariantName = "[No Variations]"
Add component (AddParameter): Name = "ESR_ohm"; Value = ""; VariantName = "[No Variations]"
Add component (AddParameter): Name = "IRMS_A"; Value = ""; VariantName = "[No Variations]"
Add component (AddParameter): Name = "LatestRevisionDate"; Value = "2017-06-05"; VariantName = "[No Variations]"
Add component (AddParameter): Name = "Manufacturer"; Value = "MuRata"; VariantName = "[No Variations]"
Add component (AddParameter): Name = "MountType"; Value = "SMT"; VariantName = "[No Variations]"
Add component (AddParameter): Name = "PackageReference"; Value = "0603"; VariantName = "[No Variations]"
Add component (AddParameter): Name = "PartNumber"; Value = "GRM188Z71C475KE21D"; VariantName = "[No Variations]"
Add component (AddParameter): Name = "Polarized"; Value = "N"; VariantName = "[No Variations]"
Add component (AddParameter): Name = "Published"; Value = "2008-06-19"; VariantName = "[No Variations]"
Add component (AddParameter): Name = "Publisher"; Value = "Texas Instruments"; VariantName = "[No Variations]"
Add component (AddParameter): Name = "RoHS"; Value = "Y"; VariantName = "[No Variations]"
Add component (AddParameter): Name = "SizeArea_mm2"; Value = "1.28"; VariantName = "[No Variations]"
Add component (AddParameter): Name = "SizeAreaWB_mm2"; Value = "4.68"; VariantName = "[No Variations]"
Add component (AddParameter): Name = "SizeX_mm"; Value = "1.6"; VariantName = "[No Variations]"
Add component (AddParameter): Name = "SizeY_mm"; Value = "0.8"; VariantName = "[No Variations]"
Add component (AddParameter): Name = "SizeZ_mm"; Value = "1"; VariantName = "[No Variations]"
Add component (AddParameter): Name = "Supplier 1"; Value = ""; VariantName = "[No Variations]"
Add component (AddParameter): Name = "Supplier 2"; Value = ""; VariantName = "[No Variations]"
Add component (AddParameter): Name = "Supplier 3"; Value = ""; VariantName = "[No Variations]"
Add component (AddParameter): Name = "Supplier Part Number 1"; Value = ""; VariantName = "[No Variations]"
Add component (AddParameter): Name = "Supplier Part Number 2"; Value = ""; VariantName = "[No Variations]"
Add component (AddParameter): Name = "Supplier Part Number 3"; Value = ""; VariantName = "[No Variations]"
Add component (AddParameter): Name = "TaMax_C"; Value = "125°C"; VariantName = "[No Variations]"
Add component (AddParameter): Name = "TaMin_C"; Value = "-55°C"; VariantName = "[No Variations]"
Add component (AddParameter): Name = "Technology"; Value = "Ceramic"; VariantName = "[No Variations]"
Add component (AddParameter): Name = "TempCo"; Value = "X7R"; VariantName = "[No Variations]"
Add component (AddParameter): Name = "Tolerance_%"; Value = "10%"; VariantName = "[No Variations]"
Add component (AddParameter): Name = "U/M"; Value = "EA"; VariantName = "[No Variations]"
Add component (AddParameter): Name = "Value"; Value = "4.7uF"; VariantName = "[No Variations]"
Add component (AddParameter): Name = "Value1"; Value = "Unknown"; VariantName = "[No Variations]"
Add component (AddParameter): Name = "Value2"; Value = "16V"; VariantName = "[No Variations]"
Add component (AddParameter): Name = "ValueDisplayed"; Value = "4.7uF"; VariantName = "[No Variations]"
Add component (AddParameter): Name = "VDC_V"; Value = "16V"; VariantName = "[No Variations]"
Added Component: Designator=C93(0603)
Add component (AddParameter): Name = "AEC Category"; Value = "Q200"; VariantName = "[No Variations]"
Add component (AddParameter): Name = "AEC Grade"; Value = "N/A"; VariantName = "[No Variations]"
Add component (AddParameter): Name = "AEC Qualified"; Value = "N"; VariantName = "[No Variations]"
Add component (AddParameter): Name = "Alternate Manufacturer"; Value = ""; VariantName = "[No Variations]"
Add component (AddParameter): Name = "Alternate PartNumber"; Value = ""; VariantName = "[No Variations]"
Add component (AddParameter): Name = "Cap_Case"; Value = "0603"; VariantName = "[No Variations]"
Add component (AddParameter): Name = "Cap_F"; Value = "3.3µF"; VariantName = "[No Variations]"
Add component (AddParameter): Name = "ComponentLink1Description"; Value = "Datasheet link"; VariantName = "[No Variations]"
Add component (AddParameter): Name = "ComponentLink1URL"; Value = "https://product.tdk.com/en/search/capacitor/ceramic/mlcc/info?part_no=C1608X7S1A335K080AC"; VariantName = "[No Variations]"
Add component (AddParameter): Name = "CompType"; Value = "Capacitor"; VariantName = "[No Variations]"
Add component (AddParameter): Name = "ESR_ohm"; Value = "4.796m"; VariantName = "[No Variations]"
Add component (AddParameter): Name = "IRMS_A"; Value = "2.3752A"; VariantName = "[No Variations]"
Add component (AddParameter): Name = "LatestRevisionDate"; Value = "2017-03-09"; VariantName = "[No Variations]"
Add component (AddParameter): Name = "Manufacturer"; Value = "TDK"; VariantName = "[No Variations]"
Add component (AddParameter): Name = "MountType"; Value = "SMT"; VariantName = "[No Variations]"
Add component (AddParameter): Name = "PackageReference"; Value = "0603"; VariantName = "[No Variations]"
Add component (AddParameter): Name = "PartNumber"; Value = "C1608X7S1A335K080AC"; VariantName = "[No Variations]"
Add component (AddParameter): Name = "Polarized"; Value = "N"; VariantName = "[No Variations]"
Add component (AddParameter): Name = "Published"; Value = "2008-06-19"; VariantName = "[No Variations]"
Add component (AddParameter): Name = "Publisher"; Value = "Texas Instruments"; VariantName = "[No Variations]"
Add component (AddParameter): Name = "RoHS"; Value = "Y"; VariantName = "[No Variations]"
Add component (AddParameter): Name = "SizeArea_mm2"; Value = "1.28"; VariantName = "[No Variations]"
Add component (AddParameter): Name = "SizeAreaWB_mm2"; Value = "4.68"; VariantName = "[No Variations]"
Add component (AddParameter): Name = "SizeX_mm"; Value = "1.6"; VariantName = "[No Variations]"
Add component (AddParameter): Name = "SizeY_mm"; Value = "0.8"; VariantName = "[No Variations]"
Add component (AddParameter): Name = "SizeZ_mm"; Value = "1"; VariantName = "[No Variations]"
Add component (AddParameter): Name = "Supplier 1"; Value = "Digi-Key"; VariantName = "[No Variations]"
Add component (AddParameter): Name = "Supplier 2"; Value = "Newark"; VariantName = "[No Variations]"
Add component (AddParameter): Name = "Supplier 3"; Value = "Mouser"; VariantName = "[No Variations]"
Add component (AddParameter): Name = "Supplier Part Number 1"; Value = "445-14256-1-ND"; VariantName = "[No Variations]"
Add component (AddParameter): Name = "Supplier Part Number 2"; Value = "52X3755"; VariantName = "[No Variations]"
Add component (AddParameter): Name = "Supplier Part Number 3"; Value = "810-C1608X7S1A335K0C"; VariantName = "[No Variations]"
Add component (AddParameter): Name = "TaMax_C"; Value = "125°C"; VariantName = "[No Variations]"
Add component (AddParameter): Name = "TaMin_C"; Value = "-55°C"; VariantName = "[No Variations]"
Add component (AddParameter): Name = "Technology"; Value = "Ceramic"; VariantName = "[No Variations]"
Add component (AddParameter): Name = "TempCo"; Value = "X7S"; VariantName = "[No Variations]"
Add component (AddParameter): Name = "Tolerance_%"; Value = "10%"; VariantName = "[No Variations]"
Add component (AddParameter): Name = "U/M"; Value = "EA"; VariantName = "[No Variations]"
Add component (AddParameter): Name = "Value"; Value = "3.3uF"; VariantName = "[No Variations]"
Add component (AddParameter): Name = "Value1"; Value = "0.004796 ohm"; VariantName = "[No Variations]"
Add component (AddParameter): Name = "Value2"; Value = "10V"; VariantName = "[No Variations]"
Add component (AddParameter): Name = "ValueDisplayed"; Value = "3.3uF"; VariantName = "[No Variations]"
Add component (AddParameter): Name = "VDC_V"; Value = "10V"; VariantName = "[No Variations]"
Added Component: Designator=C94(0402)
Add component (AddParameter): Name = "AEC Category"; Value = "Q200"; VariantName = "[No Variations]"
Add component (AddParameter): Name = "AEC Grade"; Value = ""; VariantName = "[No Variations]"
Add component (AddParameter): Name = "AEC Qualified"; Value = "?"; VariantName = "[No Variations]"
Add component (AddParameter): Name = "Alternate Manufacturer"; Value = ""; VariantName = "[No Variations]"
Add component (AddParameter): Name = "Alternate PartNumber"; Value = ""; VariantName = "[No Variations]"
Add component (AddParameter): Name = "Cap_Case"; Value = "0402"; VariantName = "[No Variations]"
Add component (AddParameter): Name = "Cap_F"; Value = "100nF"; VariantName = "[No Variations]"
Add component (AddParameter): Name = "ComponentLink1Description"; Value = "Datasheet link"; VariantName = "[No Variations]"
Add component (AddParameter): Name = "ComponentLink1URL"; Value = "http://search.murata.co.jp/Ceramy/PnsearchViewAction.do?HnOFG=ON&HnNFG=ON&SEL_CNT=50&sLang=en&sKey=GRM155R70J104KA01D&x=9&y=9&search=startwith"; VariantName = "[No Variations]"
Add component (AddParameter): Name = "CompType"; Value = "Capacitor"; VariantName = "[No Variations]"
Add component (AddParameter): Name = "ESR_ohm"; Value = ""; VariantName = "[No Variations]"
Add component (AddParameter): Name = "IRMS_A"; Value = ""; VariantName = "[No Variations]"
Add component (AddParameter): Name = "LatestRevisionDate"; Value = "2017-03-09"; VariantName = "[No Variations]"
Add component (AddParameter): Name = "Manufacturer"; Value = "MuRata"; VariantName = "[No Variations]"
Add component (AddParameter): Name = "MountType"; Value = "SMT"; VariantName = "[No Variations]"
Add component (AddParameter): Name = "PackageReference"; Value = "0402"; VariantName = "[No Variations]"
Add component (AddParameter): Name = "PartNumber"; Value = "GRM155R70J104KA01D"; VariantName = "[No Variations]"
Add component (AddParameter): Name = "Polarized"; Value = "N"; VariantName = "[No Variations]"
Add component (AddParameter): Name = "Published"; Value = "2008-06-19"; VariantName = "[No Variations]"
Add component (AddParameter): Name = "Publisher"; Value = "Texas Instruments"; VariantName = "[No Variations]"
Add component (AddParameter): Name = "RoHS"; Value = "Y"; VariantName = "[No Variations]"
Add component (AddParameter): Name = "SizeArea_mm2"; Value = "0.5"; VariantName = "[No Variations]"
Add component (AddParameter): Name = "SizeAreaWB_mm2"; Value = "3"; VariantName = "[No Variations]"
Add component (AddParameter): Name = "SizeX_mm"; Value = "1"; VariantName = "[No Variations]"
Add component (AddParameter): Name = "SizeY_mm"; Value = "0.5"; VariantName = "[No Variations]"
Add component (AddParameter): Name = "SizeZ_mm"; Value = "0.6"; VariantName = "[No Variations]"
Add component (AddParameter): Name = "Supplier 1"; Value = "Digi-Key"; VariantName = "[No Variations]"
Add component (AddParameter): Name = "Supplier 2"; Value = "Mouser"; VariantName = "[No Variations]"
Add component (AddParameter): Name = "Supplier 3"; Value = ""; VariantName = "[No Variations]"
Add component (AddParameter): Name = "Supplier Part Number 1"; Value = "GRM155R70J104KA01D-ND"; VariantName = "[No Variations]"
Add component (AddParameter): Name = "Supplier Part Number 2"; Value = "81-GRM155R70J104KA1D"; VariantName = "[No Variations]"
Add component (AddParameter): Name = "Supplier Part Number 3"; Value = ""; VariantName = "[No Variations]"
Add component (AddParameter): Name = "TaMax_C"; Value = "125°C"; VariantName = "[No Variations]"
Add component (AddParameter): Name = "TaMin_C"; Value = "-55°C"; VariantName = "[No Variations]"
Add component (AddParameter): Name = "Technology"; Value = "Ceramic"; VariantName = "[No Variations]"
Add component (AddParameter): Name = "TempCo"; Value = "X7R"; VariantName = "[No Variations]"
Add component (AddParameter): Name = "Tolerance_%"; Value = "10%"; VariantName = "[No Variations]"
Add component (AddParameter): Name = "U/M"; Value = "EA"; VariantName = "[No Variations]"
Add component (AddParameter): Name = "Value"; Value = "0.1uF"; VariantName = "[No Variations]"
Add component (AddParameter): Name = "Value1"; Value = "Unknown"; VariantName = "[No Variations]"
Add component (AddParameter): Name = "Value2"; Value = "6.3V"; VariantName = "[No Variations]"
Add component (AddParameter): Name = "ValueDisplayed"; Value = "0.1uF"; VariantName = "[No Variations]"
Add component (AddParameter): Name = "VDC_V"; Value = "6.3V"; VariantName = "[No Variations]"
Added Component: Designator=C95(0402)
Add component (AddParameter): Name = "AEC Category"; Value = "Q200"; VariantName = "[No Variations]"
Add component (AddParameter): Name = "AEC Grade"; Value = "N/A"; VariantName = "[No Variations]"
Add component (AddParameter): Name = "AEC Qualified"; Value = "N"; VariantName = "[No Variations]"
Add component (AddParameter): Name = "Alternate Manufacturer"; Value = ""; VariantName = "[No Variations]"
Add component (AddParameter): Name = "Alternate PartNumber"; Value = ""; VariantName = "[No Variations]"
Add component (AddParameter): Name = "Cap_Case"; Value = "0402"; VariantName = "[No Variations]"
Add component (AddParameter): Name = "Cap_F"; Value = "100nF"; VariantName = "[No Variations]"
Add component (AddParameter): Name = "ComponentLink1Description"; Value = "Datasheet link"; VariantName = "[No Variations]"
Add component (AddParameter): Name = "ComponentLink1URL"; Value = "http://search.murata.co.jp/Ceramy/image/img/A01X/G101/ENG/GRM155R71E104KE14-01.pdf"; VariantName = "[No Variations]"
Add component (AddParameter): Name = "CompType"; Value = "Capacitor"; VariantName = "[No Variations]"
Add component (AddParameter): Name = "ESR_ohm"; Value = ""; VariantName = "[No Variations]"
Add component (AddParameter): Name = "IRMS_A"; Value = ""; VariantName = "[No Variations]"
Add component (AddParameter): Name = "LatestRevisionDate"; Value = "2017-03-09"; VariantName = "[No Variations]"
Add component (AddParameter): Name = "Manufacturer"; Value = "MuRata"; VariantName = "[No Variations]"
Add component (AddParameter): Name = "MountType"; Value = "SMT"; VariantName = "[No Variations]"
Add component (AddParameter): Name = "PackageReference"; Value = "0402"; VariantName = "[No Variations]"
Add component (AddParameter): Name = "PartNumber"; Value = "GRM155R71E104KE14D"; VariantName = "[No Variations]"
Add component (AddParameter): Name = "Polarized"; Value = "N"; VariantName = "[No Variations]"
Add component (AddParameter): Name = "Published"; Value = "2008-06-19"; VariantName = "[No Variations]"
Add component (AddParameter): Name = "Publisher"; Value = "Texas Instruments"; VariantName = "[No Variations]"
Add component (AddParameter): Name = "RoHS"; Value = "Y"; VariantName = "[No Variations]"
Add component (AddParameter): Name = "SizeArea_mm2"; Value = "0.5"; VariantName = "[No Variations]"
Add component (AddParameter): Name = "SizeAreaWB_mm2"; Value = "3"; VariantName = "[No Variations]"
Add component (AddParameter): Name = "SizeX_mm"; Value = "1"; VariantName = "[No Variations]"
Add component (AddParameter): Name = "SizeY_mm"; Value = "0.5"; VariantName = "[No Variations]"
Add component (AddParameter): Name = "SizeZ_mm"; Value = "0.6"; VariantName = "[No Variations]"
Add component (AddParameter): Name = "Supplier 1"; Value = "Digi-Key"; VariantName = "[No Variations]"
Add component (AddParameter): Name = "Supplier 2"; Value = "Newark"; VariantName = "[No Variations]"
Add component (AddParameter): Name = "Supplier 3"; Value = "Mouser"; VariantName = "[No Variations]"
Add component (AddParameter): Name = "Supplier Part Number 1"; Value = "490-10698-1-ND"; VariantName = "[No Variations]"
Add component (AddParameter): Name = "Supplier Part Number 2"; Value = "31Y1751"; VariantName = "[No Variations]"
Add component (AddParameter): Name = "Supplier Part Number 3"; Value = "81-GRM155R71E104KE4D"; VariantName = "[No Variations]"
Add component (AddParameter): Name = "TaMax_C"; Value = "125°C"; VariantName = "[No Variations]"
Add component (AddParameter): Name = "TaMin_C"; Value = "-55°C"; VariantName = "[No Variations]"
Add component (AddParameter): Name = "Technology"; Value = "Ceramic"; VariantName = "[No Variations]"
Add component (AddParameter): Name = "TempCo"; Value = "X7R"; VariantName = "[No Variations]"
Add component (AddParameter): Name = "Tolerance_%"; Value = "10%"; VariantName = "[No Variations]"
Add component (AddParameter): Name = "U/M"; Value = "EA"; VariantName = "[No Variations]"
Add component (AddParameter): Name = "Value"; Value = "0.1uF"; VariantName = "[No Variations]"
Add component (AddParameter): Name = "Value1"; Value = "Unknown"; VariantName = "[No Variations]"
Add component (AddParameter): Name = "Value2"; Value = "25V"; VariantName = "[No Variations]"
Add component (AddParameter): Name = "ValueDisplayed"; Value = "0.1uF"; VariantName = "[No Variations]"
Add component (AddParameter): Name = "VDC_V"; Value = "25V"; VariantName = "[No Variations]"
Added Component: Designator=C96(0402)
Add component (AddParameter): Name = "AEC Category"; Value = "Q200"; VariantName = "[No Variations]"
Add component (AddParameter): Name = "AEC Grade"; Value = "N/A"; VariantName = "[No Variations]"
Add component (AddParameter): Name = "AEC Qualified"; Value = "N"; VariantName = "[No Variations]"
Add component (AddParameter): Name = "Alternate Manufacturer"; Value = ""; VariantName = "[No Variations]"
Add component (AddParameter): Name = "Alternate PartNumber"; Value = ""; VariantName = "[No Variations]"
Add component (AddParameter): Name = "Cap_Case"; Value = "0402"; VariantName = "[No Variations]"
Add component (AddParameter): Name = "Cap_F"; Value = "100nF"; VariantName = "[No Variations]"
Add component (AddParameter): Name = "ComponentLink1Description"; Value = "Datasheet link"; VariantName = "[No Variations]"
Add component (AddParameter): Name = "ComponentLink1URL"; Value = "http://search.murata.co.jp/Ceramy/image/img/A01X/G101/ENG/GRM155R71E104KE14-01.pdf"; VariantName = "[No Variations]"
Add component (AddParameter): Name = "CompType"; Value = "Capacitor"; VariantName = "[No Variations]"
Add component (AddParameter): Name = "ESR_ohm"; Value = ""; VariantName = "[No Variations]"
Add component (AddParameter): Name = "IRMS_A"; Value = ""; VariantName = "[No Variations]"
Add component (AddParameter): Name = "LatestRevisionDate"; Value = "2017-03-09"; VariantName = "[No Variations]"
Add component (AddParameter): Name = "Manufacturer"; Value = "MuRata"; VariantName = "[No Variations]"
Add component (AddParameter): Name = "MountType"; Value = "SMT"; VariantName = "[No Variations]"
Add component (AddParameter): Name = "PackageReference"; Value = "0402"; VariantName = "[No Variations]"
Add component (AddParameter): Name = "PartNumber"; Value = "GRM155R71E104KE14D"; VariantName = "[No Variations]"
Add component (AddParameter): Name = "Polarized"; Value = "N"; VariantName = "[No Variations]"
Add component (AddParameter): Name = "Published"; Value = "2008-06-19"; VariantName = "[No Variations]"
Add component (AddParameter): Name = "Publisher"; Value = "Texas Instruments"; VariantName = "[No Variations]"
Add component (AddParameter): Name = "RoHS"; Value = "Y"; VariantName = "[No Variations]"
Add component (AddParameter): Name = "SizeArea_mm2"; Value = "0.5"; VariantName = "[No Variations]"
Add component (AddParameter): Name = "SizeAreaWB_mm2"; Value = "3"; VariantName = "[No Variations]"
Add component (AddParameter): Name = "SizeX_mm"; Value = "1"; VariantName = "[No Variations]"
Add component (AddParameter): Name = "SizeY_mm"; Value = "0.5"; VariantName = "[No Variations]"
Add component (AddParameter): Name = "SizeZ_mm"; Value = "0.6"; VariantName = "[No Variations]"
Add component (AddParameter): Name = "Supplier 1"; Value = "Digi-Key"; VariantName = "[No Variations]"
Add component (AddParameter): Name = "Supplier 2"; Value = "Newark"; VariantName = "[No Variations]"
Add component (AddParameter): Name = "Supplier 3"; Value = "Mouser"; VariantName = "[No Variations]"
Add component (AddParameter): Name = "Supplier Part Number 1"; Value = "490-10698-1-ND"; VariantName = "[No Variations]"
Add component (AddParameter): Name = "Supplier Part Number 2"; Value = "31Y1751"; VariantName = "[No Variations]"
Add component (AddParameter): Name = "Supplier Part Number 3"; Value = "81-GRM155R71E104KE4D"; VariantName = "[No Variations]"
Add component (AddParameter): Name = "TaMax_C"; Value = "125°C"; VariantName = "[No Variations]"
Add component (AddParameter): Name = "TaMin_C"; Value = "-55°C"; VariantName = "[No Variations]"
Add component (AddParameter): Name = "Technology"; Value = "Ceramic"; VariantName = "[No Variations]"
Add component (AddParameter): Name = "TempCo"; Value = "X7R"; VariantName = "[No Variations]"
Add component (AddParameter): Name = "Tolerance_%"; Value = "10%"; VariantName = "[No Variations]"
Add component (AddParameter): Name = "U/M"; Value = "EA"; VariantName = "[No Variations]"
Add component (AddParameter): Name = "Value"; Value = "0.1uF"; VariantName = "[No Variations]"
Add component (AddParameter): Name = "Value1"; Value = "Unknown"; VariantName = "[No Variations]"
Add component (AddParameter): Name = "Value2"; Value = "25V"; VariantName = "[No Variations]"
Add component (AddParameter): Name = "ValueDisplayed"; Value = "0.1uF"; VariantName = "[No Variations]"
Add component (AddParameter): Name = "VDC_V"; Value = "25V"; VariantName = "[No Variations]"
Added Component: Designator=C129(0402)
Add component (AddParameter): Name = "AEC Category"; Value = "Q200"; VariantName = "[No Variations]"
Add component (AddParameter): Name = "AEC Grade"; Value = ""; VariantName = "[No Variations]"
Add component (AddParameter): Name = "AEC Qualified"; Value = "?"; VariantName = "[No Variations]"
Add component (AddParameter): Name = "Alternate Manufacturer"; Value = ""; VariantName = "[No Variations]"
Add component (AddParameter): Name = "Alternate PartNumber"; Value = ""; VariantName = "[No Variations]"
Add component (AddParameter): Name = "Cap_Case"; Value = "0402"; VariantName = "[No Variations]"
Add component (AddParameter): Name = "Cap_F"; Value = "100nF"; VariantName = "[No Variations]"
Add component (AddParameter): Name = "ComponentLink1Description"; Value = "Datasheet link"; VariantName = "[No Variations]"
Add component (AddParameter): Name = "ComponentLink1URL"; Value = "http://search.murata.co.jp/Ceramy/PnsearchViewAction.do?HnOFG=ON&HnNFG=ON&SEL_CNT=50&sLang=en&sKey=GRM155R70J104KA01D&x=9&y=9&search=startwith"; VariantName = "[No Variations]"
Add component (AddParameter): Name = "CompType"; Value = "Capacitor"; VariantName = "[No Variations]"
Add component (AddParameter): Name = "ESR_ohm"; Value = ""; VariantName = "[No Variations]"
Add component (AddParameter): Name = "IRMS_A"; Value = ""; VariantName = "[No Variations]"
Add component (AddParameter): Name = "LatestRevisionDate"; Value = "2017-03-09"; VariantName = "[No Variations]"
Add component (AddParameter): Name = "Manufacturer"; Value = "MuRata"; VariantName = "[No Variations]"
Add component (AddParameter): Name = "MountType"; Value = "SMT"; VariantName = "[No Variations]"
Add component (AddParameter): Name = "PackageReference"; Value = "0402"; VariantName = "[No Variations]"
Add component (AddParameter): Name = "PartNumber"; Value = "GRM155R70J104KA01D"; VariantName = "[No Variations]"
Add component (AddParameter): Name = "Polarized"; Value = "N"; VariantName = "[No Variations]"
Add component (AddParameter): Name = "Published"; Value = "2008-06-19"; VariantName = "[No Variations]"
Add component (AddParameter): Name = "Publisher"; Value = "Texas Instruments"; VariantName = "[No Variations]"
Add component (AddParameter): Name = "RoHS"; Value = "Y"; VariantName = "[No Variations]"
Add component (AddParameter): Name = "SizeArea_mm2"; Value = "0.5"; VariantName = "[No Variations]"
Add component (AddParameter): Name = "SizeAreaWB_mm2"; Value = "3"; VariantName = "[No Variations]"
Add component (AddParameter): Name = "SizeX_mm"; Value = "1"; VariantName = "[No Variations]"
Add component (AddParameter): Name = "SizeY_mm"; Value = "0.5"; VariantName = "[No Variations]"
Add component (AddParameter): Name = "SizeZ_mm"; Value = "0.6"; VariantName = "[No Variations]"
Add component (AddParameter): Name = "Supplier 1"; Value = "Digi-Key"; VariantName = "[No Variations]"
Add component (AddParameter): Name = "Supplier 2"; Value = "Mouser"; VariantName = "[No Variations]"
Add component (AddParameter): Name = "Supplier 3"; Value = ""; VariantName = "[No Variations]"
Add component (AddParameter): Name = "Supplier Part Number 1"; Value = "GRM155R70J104KA01D-ND"; VariantName = "[No Variations]"
Add component (AddParameter): Name = "Supplier Part Number 2"; Value = "81-GRM155R70J104KA1D"; VariantName = "[No Variations]"
Add component (AddParameter): Name = "Supplier Part Number 3"; Value = ""; VariantName = "[No Variations]"
Add component (AddParameter): Name = "TaMax_C"; Value = "125°C"; VariantName = "[No Variations]"
Add component (AddParameter): Name = "TaMin_C"; Value = "-55°C"; VariantName = "[No Variations]"
Add component (AddParameter): Name = "Technology"; Value = "Ceramic"; VariantName = "[No Variations]"
Add component (AddParameter): Name = "TempCo"; Value = "X7R"; VariantName = "[No Variations]"
Add component (AddParameter): Name = "Tolerance_%"; Value = "10%"; VariantName = "[No Variations]"
Add component (AddParameter): Name = "U/M"; Value = "EA"; VariantName = "[No Variations]"
Add component (AddParameter): Name = "Value"; Value = "0.1uF"; VariantName = "[No Variations]"
Add component (AddParameter): Name = "Value1"; Value = "Unknown"; VariantName = "[No Variations]"
Add component (AddParameter): Name = "Value2"; Value = "6.3V"; VariantName = "[No Variations]"
Add component (AddParameter): Name = "ValueDisplayed"; Value = "0.1uF"; VariantName = "[No Variations]"
Add component (AddParameter): Name = "VDC_V"; Value = "6.3V"; VariantName = "[No Variations]"
Added Component: Designator=C130(0402)
Add component (AddParameter): Name = "AEC Category"; Value = "Q200"; VariantName = "[No Variations]"
Add component (AddParameter): Name = "AEC Grade"; Value = ""; VariantName = "[No Variations]"
Add component (AddParameter): Name = "AEC Qualified"; Value = "?"; VariantName = "[No Variations]"
Add component (AddParameter): Name = "Alternate Manufacturer"; Value = ""; VariantName = "[No Variations]"
Add component (AddParameter): Name = "Alternate PartNumber"; Value = ""; VariantName = "[No Variations]"
Add component (AddParameter): Name = "Cap_Case"; Value = "0402"; VariantName = "[No Variations]"
Add component (AddParameter): Name = "Cap_F"; Value = "100nF"; VariantName = "[No Variations]"
Add component (AddParameter): Name = "ComponentLink1Description"; Value = "Datasheet link"; VariantName = "[No Variations]"
Add component (AddParameter): Name = "ComponentLink1URL"; Value = "http://search.murata.co.jp/Ceramy/PnsearchViewAction.do?HnOFG=ON&HnNFG=ON&SEL_CNT=50&sLang=en&sKey=GRM155R70J104KA01D&x=9&y=9&search=startwith"; VariantName = "[No Variations]"
Add component (AddParameter): Name = "CompType"; Value = "Capacitor"; VariantName = "[No Variations]"
Add component (AddParameter): Name = "ESR_ohm"; Value = ""; VariantName = "[No Variations]"
Add component (AddParameter): Name = "IRMS_A"; Value = ""; VariantName = "[No Variations]"
Add component (AddParameter): Name = "LatestRevisionDate"; Value = "2017-03-09"; VariantName = "[No Variations]"
Add component (AddParameter): Name = "Manufacturer"; Value = "MuRata"; VariantName = "[No Variations]"
Add component (AddParameter): Name = "MountType"; Value = "SMT"; VariantName = "[No Variations]"
Add component (AddParameter): Name = "PackageReference"; Value = "0402"; VariantName = "[No Variations]"
Add component (AddParameter): Name = "PartNumber"; Value = "GRM155R70J104KA01D"; VariantName = "[No Variations]"
Add component (AddParameter): Name = "Polarized"; Value = "N"; VariantName = "[No Variations]"
Add component (AddParameter): Name = "Published"; Value = "2008-06-19"; VariantName = "[No Variations]"
Add component (AddParameter): Name = "Publisher"; Value = "Texas Instruments"; VariantName = "[No Variations]"
Add component (AddParameter): Name = "RoHS"; Value = "Y"; VariantName = "[No Variations]"
Add component (AddParameter): Name = "SizeArea_mm2"; Value = "0.5"; VariantName = "[No Variations]"
Add component (AddParameter): Name = "SizeAreaWB_mm2"; Value = "3"; VariantName = "[No Variations]"
Add component (AddParameter): Name = "SizeX_mm"; Value = "1"; VariantName = "[No Variations]"
Add component (AddParameter): Name = "SizeY_mm"; Value = "0.5"; VariantName = "[No Variations]"
Add component (AddParameter): Name = "SizeZ_mm"; Value = "0.6"; VariantName = "[No Variations]"
Add component (AddParameter): Name = "Supplier 1"; Value = "Digi-Key"; VariantName = "[No Variations]"
Add component (AddParameter): Name = "Supplier 2"; Value = "Mouser"; VariantName = "[No Variations]"
Add component (AddParameter): Name = "Supplier 3"; Value = ""; VariantName = "[No Variations]"
Add component (AddParameter): Name = "Supplier Part Number 1"; Value = "GRM155R70J104KA01D-ND"; VariantName = "[No Variations]"
Add component (AddParameter): Name = "Supplier Part Number 2"; Value = "81-GRM155R70J104KA1D"; VariantName = "[No Variations]"
Add component (AddParameter): Name = "Supplier Part Number 3"; Value = ""; VariantName = "[No Variations]"
Add component (AddParameter): Name = "TaMax_C"; Value = "125°C"; VariantName = "[No Variations]"
Add component (AddParameter): Name = "TaMin_C"; Value = "-55°C"; VariantName = "[No Variations]"
Add component (AddParameter): Name = "Technology"; Value = "Ceramic"; VariantName = "[No Variations]"
Add component (AddParameter): Name = "TempCo"; Value = "X7R"; VariantName = "[No Variations]"
Add component (AddParameter): Name = "Tolerance_%"; Value = "10%"; VariantName = "[No Variations]"
Add component (AddParameter): Name = "U/M"; Value = "EA"; VariantName = "[No Variations]"
Add component (AddParameter): Name = "Value"; Value = "0.1uF"; VariantName = "[No Variations]"
Add component (AddParameter): Name = "Value1"; Value = "Unknown"; VariantName = "[No Variations]"
Add component (AddParameter): Name = "Value2"; Value = "6.3V"; VariantName = "[No Variations]"
Add component (AddParameter): Name = "ValueDisplayed"; Value = "0.1uF"; VariantName = "[No Variations]"
Add component (AddParameter): Name = "VDC_V"; Value = "6.3V"; VariantName = "[No Variations]"
Added Component: Designator=C131(0402)
Add component (AddParameter): Name = "AEC Category"; Value = "Q200"; VariantName = "[No Variations]"
Add component (AddParameter): Name = "AEC Grade"; Value = ""; VariantName = "[No Variations]"
Add component (AddParameter): Name = "AEC Qualified"; Value = "?"; VariantName = "[No Variations]"
Add component (AddParameter): Name = "Alternate Manufacturer"; Value = ""; VariantName = "[No Variations]"
Add component (AddParameter): Name = "Alternate PartNumber"; Value = ""; VariantName = "[No Variations]"
Add component (AddParameter): Name = "Cap_Case"; Value = "0402"; VariantName = "[No Variations]"
Add component (AddParameter): Name = "Cap_F"; Value = "100nF"; VariantName = "[No Variations]"
Add component (AddParameter): Name = "ComponentLink1Description"; Value = "Datasheet link"; VariantName = "[No Variations]"
Add component (AddParameter): Name = "ComponentLink1URL"; Value = "http://search.murata.co.jp/Ceramy/PnsearchViewAction.do?HnOFG=ON&HnNFG=ON&SEL_CNT=50&sLang=en&sKey=GRM155R70J104KA01D&x=9&y=9&search=startwith"; VariantName = "[No Variations]"
Add component (AddParameter): Name = "CompType"; Value = "Capacitor"; VariantName = "[No Variations]"
Add component (AddParameter): Name = "ESR_ohm"; Value = ""; VariantName = "[No Variations]"
Add component (AddParameter): Name = "IRMS_A"; Value = ""; VariantName = "[No Variations]"
Add component (AddParameter): Name = "LatestRevisionDate"; Value = "2017-03-09"; VariantName = "[No Variations]"
Add component (AddParameter): Name = "Manufacturer"; Value = "MuRata"; VariantName = "[No Variations]"
Add component (AddParameter): Name = "MountType"; Value = "SMT"; VariantName = "[No Variations]"
Add component (AddParameter): Name = "PackageReference"; Value = "0402"; VariantName = "[No Variations]"
Add component (AddParameter): Name = "PartNumber"; Value = "GRM155R70J104KA01D"; VariantName = "[No Variations]"
Add component (AddParameter): Name = "Polarized"; Value = "N"; VariantName = "[No Variations]"
Add component (AddParameter): Name = "Published"; Value = "2008-06-19"; VariantName = "[No Variations]"
Add component (AddParameter): Name = "Publisher"; Value = "Texas Instruments"; VariantName = "[No Variations]"
Add component (AddParameter): Name = "RoHS"; Value = "Y"; VariantName = "[No Variations]"
Add component (AddParameter): Name = "SizeArea_mm2"; Value = "0.5"; VariantName = "[No Variations]"
Add component (AddParameter): Name = "SizeAreaWB_mm2"; Value = "3"; VariantName = "[No Variations]"
Add component (AddParameter): Name = "SizeX_mm"; Value = "1"; VariantName = "[No Variations]"
Add component (AddParameter): Name = "SizeY_mm"; Value = "0.5"; VariantName = "[No Variations]"
Add component (AddParameter): Name = "SizeZ_mm"; Value = "0.6"; VariantName = "[No Variations]"
Add component (AddParameter): Name = "Supplier 1"; Value = "Digi-Key"; VariantName = "[No Variations]"
Add component (AddParameter): Name = "Supplier 2"; Value = "Mouser"; VariantName = "[No Variations]"
Add component (AddParameter): Name = "Supplier 3"; Value = ""; VariantName = "[No Variations]"
Add component (AddParameter): Name = "Supplier Part Number 1"; Value = "GRM155R70J104KA01D-ND"; VariantName = "[No Variations]"
Add component (AddParameter): Name = "Supplier Part Number 2"; Value = "81-GRM155R70J104KA1D"; VariantName = "[No Variations]"
Add component (AddParameter): Name = "Supplier Part Number 3"; Value = ""; VariantName = "[No Variations]"
Add component (AddParameter): Name = "TaMax_C"; Value = "125°C"; VariantName = "[No Variations]"
Add component (AddParameter): Name = "TaMin_C"; Value = "-55°C"; VariantName = "[No Variations]"
Add component (AddParameter): Name = "Technology"; Value = "Ceramic"; VariantName = "[No Variations]"
Add component (AddParameter): Name = "TempCo"; Value = "X7R"; VariantName = "[No Variations]"
Add component (AddParameter): Name = "Tolerance_%"; Value = "10%"; VariantName = "[No Variations]"
Add component (AddParameter): Name = "U/M"; Value = "EA"; VariantName = "[No Variations]"
Add component (AddParameter): Name = "Value"; Value = "0.1uF"; VariantName = "[No Variations]"
Add component (AddParameter): Name = "Value1"; Value = "Unknown"; VariantName = "[No Variations]"
Add component (AddParameter): Name = "Value2"; Value = "6.3V"; VariantName = "[No Variations]"
Add component (AddParameter): Name = "ValueDisplayed"; Value = "0.1uF"; VariantName = "[No Variations]"
Add component (AddParameter): Name = "VDC_V"; Value = "6.3V"; VariantName = "[No Variations]"
Added Component: Designator=C132(0402)
Add component (AddParameter): Name = "AEC Category"; Value = "Q200"; VariantName = "[No Variations]"
Add component (AddParameter): Name = "AEC Grade"; Value = ""; VariantName = "[No Variations]"
Add component (AddParameter): Name = "AEC Qualified"; Value = "?"; VariantName = "[No Variations]"
Add component (AddParameter): Name = "Alternate Manufacturer"; Value = ""; VariantName = "[No Variations]"
Add component (AddParameter): Name = "Alternate PartNumber"; Value = ""; VariantName = "[No Variations]"
Add component (AddParameter): Name = "Cap_Case"; Value = "0402"; VariantName = "[No Variations]"
Add component (AddParameter): Name = "Cap_F"; Value = "100nF"; VariantName = "[No Variations]"
Add component (AddParameter): Name = "ComponentLink1Description"; Value = "Datasheet link"; VariantName = "[No Variations]"
Add component (AddParameter): Name = "ComponentLink1URL"; Value = "http://search.murata.co.jp/Ceramy/PnsearchViewAction.do?HnOFG=ON&HnNFG=ON&SEL_CNT=50&sLang=en&sKey=GRM155R70J104KA01D&x=9&y=9&search=startwith"; VariantName = "[No Variations]"
Add component (AddParameter): Name = "CompType"; Value = "Capacitor"; VariantName = "[No Variations]"
Add component (AddParameter): Name = "ESR_ohm"; Value = ""; VariantName = "[No Variations]"
Add component (AddParameter): Name = "IRMS_A"; Value = ""; VariantName = "[No Variations]"
Add component (AddParameter): Name = "LatestRevisionDate"; Value = "2017-03-09"; VariantName = "[No Variations]"
Add component (AddParameter): Name = "Manufacturer"; Value = "MuRata"; VariantName = "[No Variations]"
Add component (AddParameter): Name = "MountType"; Value = "SMT"; VariantName = "[No Variations]"
Add component (AddParameter): Name = "PackageReference"; Value = "0402"; VariantName = "[No Variations]"
Add component (AddParameter): Name = "PartNumber"; Value = "GRM155R70J104KA01D"; VariantName = "[No Variations]"
Add component (AddParameter): Name = "Polarized"; Value = "N"; VariantName = "[No Variations]"
Add component (AddParameter): Name = "Published"; Value = "2008-06-19"; VariantName = "[No Variations]"
Add component (AddParameter): Name = "Publisher"; Value = "Texas Instruments"; VariantName = "[No Variations]"
Add component (AddParameter): Name = "RoHS"; Value = "Y"; VariantName = "[No Variations]"
Add component (AddParameter): Name = "SizeArea_mm2"; Value = "0.5"; VariantName = "[No Variations]"
Add component (AddParameter): Name = "SizeAreaWB_mm2"; Value = "3"; VariantName = "[No Variations]"
Add component (AddParameter): Name = "SizeX_mm"; Value = "1"; VariantName = "[No Variations]"
Add component (AddParameter): Name = "SizeY_mm"; Value = "0.5"; VariantName = "[No Variations]"
Add component (AddParameter): Name = "SizeZ_mm"; Value = "0.6"; VariantName = "[No Variations]"
Add component (AddParameter): Name = "Supplier 1"; Value = "Digi-Key"; VariantName = "[No Variations]"
Add component (AddParameter): Name = "Supplier 2"; Value = "Mouser"; VariantName = "[No Variations]"
Add component (AddParameter): Name = "Supplier 3"; Value = ""; VariantName = "[No Variations]"
Add component (AddParameter): Name = "Supplier Part Number 1"; Value = "GRM155R70J104KA01D-ND"; VariantName = "[No Variations]"
Add component (AddParameter): Name = "Supplier Part Number 2"; Value = "81-GRM155R70J104KA1D"; VariantName = "[No Variations]"
Add component (AddParameter): Name = "Supplier Part Number 3"; Value = ""; VariantName = "[No Variations]"
Add component (AddParameter): Name = "TaMax_C"; Value = "125°C"; VariantName = "[No Variations]"
Add component (AddParameter): Name = "TaMin_C"; Value = "-55°C"; VariantName = "[No Variations]"
Add component (AddParameter): Name = "Technology"; Value = "Ceramic"; VariantName = "[No Variations]"
Add component (AddParameter): Name = "TempCo"; Value = "X7R"; VariantName = "[No Variations]"
Add component (AddParameter): Name = "Tolerance_%"; Value = "10%"; VariantName = "[No Variations]"
Add component (AddParameter): Name = "U/M"; Value = "EA"; VariantName = "[No Variations]"
Add component (AddParameter): Name = "Value"; Value = "0.1uF"; VariantName = "[No Variations]"
Add component (AddParameter): Name = "Value1"; Value = "Unknown"; VariantName = "[No Variations]"
Add component (AddParameter): Name = "Value2"; Value = "6.3V"; VariantName = "[No Variations]"
Add component (AddParameter): Name = "ValueDisplayed"; Value = "0.1uF"; VariantName = "[No Variations]"
Add component (AddParameter): Name = "VDC_V"; Value = "6.3V"; VariantName = "[No Variations]"
Added Component: Designator=C137(0603)
Add component (AddParameter): Name = "AEC Category"; Value = "Q200"; VariantName = "[No Variations]"
Add component (AddParameter): Name = "AEC Grade"; Value = "N/A"; VariantName = "[No Variations]"
Add component (AddParameter): Name = "AEC Qualified"; Value = "N"; VariantName = "[No Variations]"
Add component (AddParameter): Name = "Alternate Manufacturer"; Value = ""; VariantName = "[No Variations]"
Add component (AddParameter): Name = "Alternate PartNumber"; Value = ""; VariantName = "[No Variations]"
Add component (AddParameter): Name = "Cap_Case"; Value = "0603"; VariantName = "[No Variations]"
Add component (AddParameter): Name = "Cap_F"; Value = "4.7µF"; VariantName = "[No Variations]"
Add component (AddParameter): Name = "ComponentLink1Description"; Value = "Datasheet link"; VariantName = "[No Variations]"
Add component (AddParameter): Name = "ComponentLink1URL"; Value = "http://search.murata.co.jp/Ceramy/image/img/A01X/G101/ENG/GRM188Z71A475ME15-01.pdf"; VariantName = "[No Variations]"
Add component (AddParameter): Name = "CompType"; Value = "Capacitor"; VariantName = "[No Variations]"
Add component (AddParameter): Name = "ESR_ohm"; Value = ""; VariantName = "[No Variations]"
Add component (AddParameter): Name = "IRMS_A"; Value = ""; VariantName = "[No Variations]"
Add component (AddParameter): Name = "LatestRevisionDate"; Value = "2017-03-09"; VariantName = "[No Variations]"
Add component (AddParameter): Name = "Manufacturer"; Value = "MuRata"; VariantName = "[No Variations]"
Add component (AddParameter): Name = "MountType"; Value = "SMT"; VariantName = "[No Variations]"
Add component (AddParameter): Name = "PackageReference"; Value = "0603"; VariantName = "[No Variations]"
Add component (AddParameter): Name = "PartNumber"; Value = "GRM188Z71A475ME15D"; VariantName = "[No Variations]"
Add component (AddParameter): Name = "Polarized"; Value = "N"; VariantName = "[No Variations]"
Add component (AddParameter): Name = "Published"; Value = "2008-06-19"; VariantName = "[No Variations]"
Add component (AddParameter): Name = "Publisher"; Value = "Texas Instruments"; VariantName = "[No Variations]"
Add component (AddParameter): Name = "RoHS"; Value = "Y"; VariantName = "[No Variations]"
Add component (AddParameter): Name = "SizeArea_mm2"; Value = "1.28"; VariantName = "[No Variations]"
Add component (AddParameter): Name = "SizeAreaWB_mm2"; Value = "4.68"; VariantName = "[No Variations]"
Add component (AddParameter): Name = "SizeX_mm"; Value = "1.6"; VariantName = "[No Variations]"
Add component (AddParameter): Name = "SizeY_mm"; Value = "0.8"; VariantName = "[No Variations]"
Add component (AddParameter): Name = "SizeZ_mm"; Value = "1"; VariantName = "[No Variations]"
Add component (AddParameter): Name = "Supplier 1"; Value = "Digi-Key"; VariantName = "[No Variations]"
Add component (AddParameter): Name = "Supplier 2"; Value = "Newark"; VariantName = "[No Variations]"
Add component (AddParameter): Name = "Supplier 3"; Value = "Mouser"; VariantName = "[No Variations]"
Add component (AddParameter): Name = "Supplier Part Number 1"; Value = ""; VariantName = "[No Variations]"
Add component (AddParameter): Name = "Supplier Part Number 2"; Value = ""; VariantName = "[No Variations]"
Add component (AddParameter): Name = "Supplier Part Number 3"; Value = "81-GRM188Z71A475ME5D"; VariantName = "[No Variations]"
Add component (AddParameter): Name = "TaMax_C"; Value = "125°C"; VariantName = "[No Variations]"
Add component (AddParameter): Name = "TaMin_C"; Value = "-55°C"; VariantName = "[No Variations]"
Add component (AddParameter): Name = "Technology"; Value = "Ceramic"; VariantName = "[No Variations]"
Add component (AddParameter): Name = "TempCo"; Value = "X7R"; VariantName = "[No Variations]"
Add component (AddParameter): Name = "Tolerance_%"; Value = "20%"; VariantName = "[No Variations]"
Add component (AddParameter): Name = "U/M"; Value = "EA"; VariantName = "[No Variations]"
Add component (AddParameter): Name = "Value"; Value = "4.7uF"; VariantName = "[No Variations]"
Add component (AddParameter): Name = "Value1"; Value = "Unknown"; VariantName = "[No Variations]"
Add component (AddParameter): Name = "Value2"; Value = "10V"; VariantName = "[No Variations]"
Add component (AddParameter): Name = "ValueDisplayed"; Value = "4.7uF"; VariantName = "[No Variations]"
Add component (AddParameter): Name = "VDC_V"; Value = "10V"; VariantName = "[No Variations]"
Added Component: Designator=C138(0402)
Add component (AddParameter): Name = "AEC Category"; Value = "Q200"; VariantName = "[No Variations]"
Add component (AddParameter): Name = "AEC Grade"; Value = ""; VariantName = "[No Variations]"
Add component (AddParameter): Name = "AEC Qualified"; Value = "?"; VariantName = "[No Variations]"
Add component (AddParameter): Name = "Alternate Manufacturer"; Value = ""; VariantName = "[No Variations]"
Add component (AddParameter): Name = "Alternate PartNumber"; Value = ""; VariantName = "[No Variations]"
Add component (AddParameter): Name = "Cap_Case"; Value = "0402"; VariantName = "[No Variations]"
Add component (AddParameter): Name = "Cap_F"; Value = "100nF"; VariantName = "[No Variations]"
Add component (AddParameter): Name = "ComponentLink1Description"; Value = "Datasheet link"; VariantName = "[No Variations]"
Add component (AddParameter): Name = "ComponentLink1URL"; Value = "http://search.murata.co.jp/Ceramy/PnsearchViewAction.do?HnOFG=ON&HnNFG=ON&SEL_CNT=50&sLang=en&sKey=GRM155R70J104KA01D&x=9&y=9&search=startwith"; VariantName = "[No Variations]"
Add component (AddParameter): Name = "CompType"; Value = "Capacitor"; VariantName = "[No Variations]"
Add component (AddParameter): Name = "ESR_ohm"; Value = ""; VariantName = "[No Variations]"
Add component (AddParameter): Name = "IRMS_A"; Value = ""; VariantName = "[No Variations]"
Add component (AddParameter): Name = "LatestRevisionDate"; Value = "2017-03-09"; VariantName = "[No Variations]"
Add component (AddParameter): Name = "Manufacturer"; Value = "MuRata"; VariantName = "[No Variations]"
Add component (AddParameter): Name = "MountType"; Value = "SMT"; VariantName = "[No Variations]"
Add component (AddParameter): Name = "PackageReference"; Value = "0402"; VariantName = "[No Variations]"
Add component (AddParameter): Name = "PartNumber"; Value = "GRM155R70J104KA01D"; VariantName = "[No Variations]"
Add component (AddParameter): Name = "Polarized"; Value = "N"; VariantName = "[No Variations]"
Add component (AddParameter): Name = "Published"; Value = "2008-06-19"; VariantName = "[No Variations]"
Add component (AddParameter): Name = "Publisher"; Value = "Texas Instruments"; VariantName = "[No Variations]"
Add component (AddParameter): Name = "RoHS"; Value = "Y"; VariantName = "[No Variations]"
Add component (AddParameter): Name = "SizeArea_mm2"; Value = "0.5"; VariantName = "[No Variations]"
Add component (AddParameter): Name = "SizeAreaWB_mm2"; Value = "3"; VariantName = "[No Variations]"
Add component (AddParameter): Name = "SizeX_mm"; Value = "1"; VariantName = "[No Variations]"
Add component (AddParameter): Name = "SizeY_mm"; Value = "0.5"; VariantName = "[No Variations]"
Add component (AddParameter): Name = "SizeZ_mm"; Value = "0.6"; VariantName = "[No Variations]"
Add component (AddParameter): Name = "Supplier 1"; Value = "Digi-Key"; VariantName = "[No Variations]"
Add component (AddParameter): Name = "Supplier 2"; Value = "Mouser"; VariantName = "[No Variations]"
Add component (AddParameter): Name = "Supplier 3"; Value = ""; VariantName = "[No Variations]"
Add component (AddParameter): Name = "Supplier Part Number 1"; Value = "GRM155R70J104KA01D-ND"; VariantName = "[No Variations]"
Add component (AddParameter): Name = "Supplier Part Number 2"; Value = "81-GRM155R70J104KA1D"; VariantName = "[No Variations]"
Add component (AddParameter): Name = "Supplier Part Number 3"; Value = ""; VariantName = "[No Variations]"
Add component (AddParameter): Name = "TaMax_C"; Value = "125°C"; VariantName = "[No Variations]"
Add component (AddParameter): Name = "TaMin_C"; Value = "-55°C"; VariantName = "[No Variations]"
Add component (AddParameter): Name = "Technology"; Value = "Ceramic"; VariantName = "[No Variations]"
Add component (AddParameter): Name = "TempCo"; Value = "X7R"; VariantName = "[No Variations]"
Add component (AddParameter): Name = "Tolerance_%"; Value = "10%"; VariantName = "[No Variations]"
Add component (AddParameter): Name = "U/M"; Value = "EA"; VariantName = "[No Variations]"
Add component (AddParameter): Name = "Value"; Value = "0.1uF"; VariantName = "[No Variations]"
Add component (AddParameter): Name = "Value1"; Value = "Unknown"; VariantName = "[No Variations]"
Add component (AddParameter): Name = "Value2"; Value = "6.3V"; VariantName = "[No Variations]"
Add component (AddParameter): Name = "ValueDisplayed"; Value = "0.1uF"; VariantName = "[No Variations]"
Add component (AddParameter): Name = "VDC_V"; Value = "6.3V"; VariantName = "[No Variations]"
Added Component: Designator=C139(0402)
Add component (AddParameter): Name = "AEC Category"; Value = "Q200"; VariantName = "[No Variations]"
Add component (AddParameter): Name = "AEC Grade"; Value = ""; VariantName = "[No Variations]"
Add component (AddParameter): Name = "AEC Qualified"; Value = "?"; VariantName = "[No Variations]"
Add component (AddParameter): Name = "Alternate Manufacturer"; Value = ""; VariantName = "[No Variations]"
Add component (AddParameter): Name = "Alternate PartNumber"; Value = ""; VariantName = "[No Variations]"
Add component (AddParameter): Name = "Cap_Case"; Value = "0402"; VariantName = "[No Variations]"
Add component (AddParameter): Name = "Cap_F"; Value = "100nF"; VariantName = "[No Variations]"
Add component (AddParameter): Name = "ComponentLink1Description"; Value = "Datasheet link"; VariantName = "[No Variations]"
Add component (AddParameter): Name = "ComponentLink1URL"; Value = "http://search.murata.co.jp/Ceramy/PnsearchViewAction.do?HnOFG=ON&HnNFG=ON&SEL_CNT=50&sLang=en&sKey=GRM155R70J104KA01D&x=9&y=9&search=startwith"; VariantName = "[No Variations]"
Add component (AddParameter): Name = "CompType"; Value = "Capacitor"; VariantName = "[No Variations]"
Add component (AddParameter): Name = "ESR_ohm"; Value = ""; VariantName = "[No Variations]"
Add component (AddParameter): Name = "IRMS_A"; Value = ""; VariantName = "[No Variations]"
Add component (AddParameter): Name = "LatestRevisionDate"; Value = "2017-03-09"; VariantName = "[No Variations]"
Add component (AddParameter): Name = "Manufacturer"; Value = "MuRata"; VariantName = "[No Variations]"
Add component (AddParameter): Name = "MountType"; Value = "SMT"; VariantName = "[No Variations]"
Add component (AddParameter): Name = "PackageReference"; Value = "0402"; VariantName = "[No Variations]"
Add component (AddParameter): Name = "PartNumber"; Value = "GRM155R70J104KA01D"; VariantName = "[No Variations]"
Add component (AddParameter): Name = "Polarized"; Value = "N"; VariantName = "[No Variations]"
Add component (AddParameter): Name = "Published"; Value = "2008-06-19"; VariantName = "[No Variations]"
Add component (AddParameter): Name = "Publisher"; Value = "Texas Instruments"; VariantName = "[No Variations]"
Add component (AddParameter): Name = "RoHS"; Value = "Y"; VariantName = "[No Variations]"
Add component (AddParameter): Name = "SizeArea_mm2"; Value = "0.5"; VariantName = "[No Variations]"
Add component (AddParameter): Name = "SizeAreaWB_mm2"; Value = "3"; VariantName = "[No Variations]"
Add component (AddParameter): Name = "SizeX_mm"; Value = "1"; VariantName = "[No Variations]"
Add component (AddParameter): Name = "SizeY_mm"; Value = "0.5"; VariantName = "[No Variations]"
Add component (AddParameter): Name = "SizeZ_mm"; Value = "0.6"; VariantName = "[No Variations]"
Add component (AddParameter): Name = "Supplier 1"; Value = "Digi-Key"; VariantName = "[No Variations]"
Add component (AddParameter): Name = "Supplier 2"; Value = "Mouser"; VariantName = "[No Variations]"
Add component (AddParameter): Name = "Supplier 3"; Value = ""; VariantName = "[No Variations]"
Add component (AddParameter): Name = "Supplier Part Number 1"; Value = "GRM155R70J104KA01D-ND"; VariantName = "[No Variations]"
Add component (AddParameter): Name = "Supplier Part Number 2"; Value = "81-GRM155R70J104KA1D"; VariantName = "[No Variations]"
Add component (AddParameter): Name = "Supplier Part Number 3"; Value = ""; VariantName = "[No Variations]"
Add component (AddParameter): Name = "TaMax_C"; Value = "125°C"; VariantName = "[No Variations]"
Add component (AddParameter): Name = "TaMin_C"; Value = "-55°C"; VariantName = "[No Variations]"
Add component (AddParameter): Name = "Technology"; Value = "Ceramic"; VariantName = "[No Variations]"
Add component (AddParameter): Name = "TempCo"; Value = "X7R"; VariantName = "[No Variations]"
Add component (AddParameter): Name = "Tolerance_%"; Value = "10%"; VariantName = "[No Variations]"
Add component (AddParameter): Name = "U/M"; Value = "EA"; VariantName = "[No Variations]"
Add component (AddParameter): Name = "Value"; Value = "0.1uF"; VariantName = "[No Variations]"
Add component (AddParameter): Name = "Value1"; Value = "Unknown"; VariantName = "[No Variations]"
Add component (AddParameter): Name = "Value2"; Value = "6.3V"; VariantName = "[No Variations]"
Add component (AddParameter): Name = "ValueDisplayed"; Value = "0.1uF"; VariantName = "[No Variations]"
Add component (AddParameter): Name = "VDC_V"; Value = "6.3V"; VariantName = "[No Variations]"
Added Component: Designator=C140(0603)
Add component (AddParameter): Name = "AEC Category"; Value = "Q200"; VariantName = "[No Variations]"
Add component (AddParameter): Name = "AEC Grade"; Value = "N/A"; VariantName = "[No Variations]"
Add component (AddParameter): Name = "AEC Qualified"; Value = "N"; VariantName = "[No Variations]"
Add component (AddParameter): Name = "Alternate Manufacturer"; Value = ""; VariantName = "[No Variations]"
Add component (AddParameter): Name = "Alternate PartNumber"; Value = ""; VariantName = "[No Variations]"
Add component (AddParameter): Name = "Cap_Case"; Value = "0603"; VariantName = "[No Variations]"
Add component (AddParameter): Name = "Cap_F"; Value = "4.7µF"; VariantName = "[No Variations]"
Add component (AddParameter): Name = "ComponentLink1Description"; Value = "Datasheet link"; VariantName = "[No Variations]"
Add component (AddParameter): Name = "ComponentLink1URL"; Value = "http://search.murata.co.jp/Ceramy/image/img/A01X/G101/ENG/GRM188Z71A475ME15-01.pdf"; VariantName = "[No Variations]"
Add component (AddParameter): Name = "CompType"; Value = "Capacitor"; VariantName = "[No Variations]"
Add component (AddParameter): Name = "ESR_ohm"; Value = ""; VariantName = "[No Variations]"
Add component (AddParameter): Name = "IRMS_A"; Value = ""; VariantName = "[No Variations]"
Add component (AddParameter): Name = "LatestRevisionDate"; Value = "2017-03-09"; VariantName = "[No Variations]"
Add component (AddParameter): Name = "Manufacturer"; Value = "MuRata"; VariantName = "[No Variations]"
Add component (AddParameter): Name = "MountType"; Value = "SMT"; VariantName = "[No Variations]"
Add component (AddParameter): Name = "PackageReference"; Value = "0603"; VariantName = "[No Variations]"
Add component (AddParameter): Name = "PartNumber"; Value = "GRM188Z71A475ME15D"; VariantName = "[No Variations]"
Add component (AddParameter): Name = "Polarized"; Value = "N"; VariantName = "[No Variations]"
Add component (AddParameter): Name = "Published"; Value = "2008-06-19"; VariantName = "[No Variations]"
Add component (AddParameter): Name = "Publisher"; Value = "Texas Instruments"; VariantName = "[No Variations]"
Add component (AddParameter): Name = "RoHS"; Value = "Y"; VariantName = "[No Variations]"
Add component (AddParameter): Name = "SizeArea_mm2"; Value = "1.28"; VariantName = "[No Variations]"
Add component (AddParameter): Name = "SizeAreaWB_mm2"; Value = "4.68"; VariantName = "[No Variations]"
Add component (AddParameter): Name = "SizeX_mm"; Value = "1.6"; VariantName = "[No Variations]"
Add component (AddParameter): Name = "SizeY_mm"; Value = "0.8"; VariantName = "[No Variations]"
Add component (AddParameter): Name = "SizeZ_mm"; Value = "1"; VariantName = "[No Variations]"
Add component (AddParameter): Name = "Supplier 1"; Value = "Digi-Key"; VariantName = "[No Variations]"
Add component (AddParameter): Name = "Supplier 2"; Value = "Newark"; VariantName = "[No Variations]"
Add component (AddParameter): Name = "Supplier 3"; Value = "Mouser"; VariantName = "[No Variations]"
Add component (AddParameter): Name = "Supplier Part Number 1"; Value = ""; VariantName = "[No Variations]"
Add component (AddParameter): Name = "Supplier Part Number 2"; Value = ""; VariantName = "[No Variations]"
Add component (AddParameter): Name = "Supplier Part Number 3"; Value = "81-GRM188Z71A475ME5D"; VariantName = "[No Variations]"
Add component (AddParameter): Name = "TaMax_C"; Value = "125°C"; VariantName = "[No Variations]"
Add component (AddParameter): Name = "TaMin_C"; Value = "-55°C"; VariantName = "[No Variations]"
Add component (AddParameter): Name = "Technology"; Value = "Ceramic"; VariantName = "[No Variations]"
Add component (AddParameter): Name = "TempCo"; Value = "X7R"; VariantName = "[No Variations]"
Add component (AddParameter): Name = "Tolerance_%"; Value = "20%"; VariantName = "[No Variations]"
Add component (AddParameter): Name = "U/M"; Value = "EA"; VariantName = "[No Variations]"
Add component (AddParameter): Name = "Value"; Value = "4.7uF"; VariantName = "[No Variations]"
Add component (AddParameter): Name = "Value1"; Value = "Unknown"; VariantName = "[No Variations]"
Add component (AddParameter): Name = "Value2"; Value = "10V"; VariantName = "[No Variations]"
Add component (AddParameter): Name = "ValueDisplayed"; Value = "4.7uF"; VariantName = "[No Variations]"
Add component (AddParameter): Name = "VDC_V"; Value = "10V"; VariantName = "[No Variations]"
Added Component: Designator=C141(0402)
Add component (AddParameter): Name = "AEC Category"; Value = "Q200"; VariantName = "[No Variations]"
Add component (AddParameter): Name = "AEC Grade"; Value = ""; VariantName = "[No Variations]"
Add component (AddParameter): Name = "AEC Qualified"; Value = "?"; VariantName = "[No Variations]"
Add component (AddParameter): Name = "Alternate Manufacturer"; Value = ""; VariantName = "[No Variations]"
Add component (AddParameter): Name = "Alternate PartNumber"; Value = ""; VariantName = "[No Variations]"
Add component (AddParameter): Name = "Cap_Case"; Value = "0402"; VariantName = "[No Variations]"
Add component (AddParameter): Name = "Cap_F"; Value = "100nF"; VariantName = "[No Variations]"
Add component (AddParameter): Name = "ComponentLink1Description"; Value = "Datasheet link"; VariantName = "[No Variations]"
Add component (AddParameter): Name = "ComponentLink1URL"; Value = "http://search.murata.co.jp/Ceramy/PnsearchViewAction.do?HnOFG=ON&HnNFG=ON&SEL_CNT=50&sLang=en&sKey=GRM155R70J104KA01D&x=9&y=9&search=startwith"; VariantName = "[No Variations]"
Add component (AddParameter): Name = "CompType"; Value = "Capacitor"; VariantName = "[No Variations]"
Add component (AddParameter): Name = "ESR_ohm"; Value = ""; VariantName = "[No Variations]"
Add component (AddParameter): Name = "IRMS_A"; Value = ""; VariantName = "[No Variations]"
Add component (AddParameter): Name = "LatestRevisionDate"; Value = "2017-03-09"; VariantName = "[No Variations]"
Add component (AddParameter): Name = "Manufacturer"; Value = "MuRata"; VariantName = "[No Variations]"
Add component (AddParameter): Name = "MountType"; Value = "SMT"; VariantName = "[No Variations]"
Add component (AddParameter): Name = "PackageReference"; Value = "0402"; VariantName = "[No Variations]"
Add component (AddParameter): Name = "PartNumber"; Value = "GRM155R70J104KA01D"; VariantName = "[No Variations]"
Add component (AddParameter): Name = "Polarized"; Value = "N"; VariantName = "[No Variations]"
Add component (AddParameter): Name = "Published"; Value = "2008-06-19"; VariantName = "[No Variations]"
Add component (AddParameter): Name = "Publisher"; Value = "Texas Instruments"; VariantName = "[No Variations]"
Add component (AddParameter): Name = "RoHS"; Value = "Y"; VariantName = "[No Variations]"
Add component (AddParameter): Name = "SizeArea_mm2"; Value = "0.5"; VariantName = "[No Variations]"
Add component (AddParameter): Name = "SizeAreaWB_mm2"; Value = "3"; VariantName = "[No Variations]"
Add component (AddParameter): Name = "SizeX_mm"; Value = "1"; VariantName = "[No Variations]"
Add component (AddParameter): Name = "SizeY_mm"; Value = "0.5"; VariantName = "[No Variations]"
Add component (AddParameter): Name = "SizeZ_mm"; Value = "0.6"; VariantName = "[No Variations]"
Add component (AddParameter): Name = "Supplier 1"; Value = "Digi-Key"; VariantName = "[No Variations]"
Add component (AddParameter): Name = "Supplier 2"; Value = "Mouser"; VariantName = "[No Variations]"
Add component (AddParameter): Name = "Supplier 3"; Value = ""; VariantName = "[No Variations]"
Add component (AddParameter): Name = "Supplier Part Number 1"; Value = "GRM155R70J104KA01D-ND"; VariantName = "[No Variations]"
Add component (AddParameter): Name = "Supplier Part Number 2"; Value = "81-GRM155R70J104KA1D"; VariantName = "[No Variations]"
Add component (AddParameter): Name = "Supplier Part Number 3"; Value = ""; VariantName = "[No Variations]"
Add component (AddParameter): Name = "TaMax_C"; Value = "125°C"; VariantName = "[No Variations]"
Add component (AddParameter): Name = "TaMin_C"; Value = "-55°C"; VariantName = "[No Variations]"
Add component (AddParameter): Name = "Technology"; Value = "Ceramic"; VariantName = "[No Variations]"
Add component (AddParameter): Name = "TempCo"; Value = "X7R"; VariantName = "[No Variations]"
Add component (AddParameter): Name = "Tolerance_%"; Value = "10%"; VariantName = "[No Variations]"
Add component (AddParameter): Name = "U/M"; Value = "EA"; VariantName = "[No Variations]"
Add component (AddParameter): Name = "Value"; Value = "0.1uF"; VariantName = "[No Variations]"
Add component (AddParameter): Name = "Value1"; Value = "Unknown"; VariantName = "[No Variations]"
Add component (AddParameter): Name = "Value2"; Value = "6.3V"; VariantName = "[No Variations]"
Add component (AddParameter): Name = "ValueDisplayed"; Value = "0.1uF"; VariantName = "[No Variations]"
Add component (AddParameter): Name = "VDC_V"; Value = "6.3V"; VariantName = "[No Variations]"
Added Component: Designator=C301(0402)
Add component (AddParameter): Name = "AEC Category"; Value = "Q200"; VariantName = "[No Variations]"
Add component (AddParameter): Name = "AEC Grade"; Value = "N/A"; VariantName = "[No Variations]"
Add component (AddParameter): Name = "AEC Qualified"; Value = "N"; VariantName = "[No Variations]"
Add component (AddParameter): Name = "Alternate Manufacturer"; Value = ""; VariantName = "[No Variations]"
Add component (AddParameter): Name = "Alternate PartNumber"; Value = ""; VariantName = "[No Variations]"
Add component (AddParameter): Name = "Cap_Case"; Value = "0402"; VariantName = "[No Variations]"
Add component (AddParameter): Name = "Cap_F"; Value = "100nF"; VariantName = "[No Variations]"
Add component (AddParameter): Name = "ComponentLink1Description"; Value = "Datasheet link"; VariantName = "[No Variations]"
Add component (AddParameter): Name = "ComponentLink1URL"; Value = "http://search.murata.co.jp/Ceramy/image/img/A01X/G101/ENG/GRM155R71E104KE14-01.pdf"; VariantName = "[No Variations]"
Add component (AddParameter): Name = "CompType"; Value = "Capacitor"; VariantName = "[No Variations]"
Add component (AddParameter): Name = "ESR_ohm"; Value = ""; VariantName = "[No Variations]"
Add component (AddParameter): Name = "IRMS_A"; Value = ""; VariantName = "[No Variations]"
Add component (AddParameter): Name = "LatestRevisionDate"; Value = "2017-03-09"; VariantName = "[No Variations]"
Add component (AddParameter): Name = "Manufacturer"; Value = "MuRata"; VariantName = "[No Variations]"
Add component (AddParameter): Name = "MountType"; Value = "SMT"; VariantName = "[No Variations]"
Add component (AddParameter): Name = "PackageReference"; Value = "0402"; VariantName = "[No Variations]"
Add component (AddParameter): Name = "PartNumber"; Value = "GRM155R71E104KE14D"; VariantName = "[No Variations]"
Add component (AddParameter): Name = "Polarized"; Value = "N"; VariantName = "[No Variations]"
Add component (AddParameter): Name = "Published"; Value = "2008-06-19"; VariantName = "[No Variations]"
Add component (AddParameter): Name = "Publisher"; Value = "Texas Instruments"; VariantName = "[No Variations]"
Add component (AddParameter): Name = "RoHS"; Value = "Y"; VariantName = "[No Variations]"
Add component (AddParameter): Name = "SizeArea_mm2"; Value = "0.5"; VariantName = "[No Variations]"
Add component (AddParameter): Name = "SizeAreaWB_mm2"; Value = "3"; VariantName = "[No Variations]"
Add component (AddParameter): Name = "SizeX_mm"; Value = "1"; VariantName = "[No Variations]"
Add component (AddParameter): Name = "SizeY_mm"; Value = "0.5"; VariantName = "[No Variations]"
Add component (AddParameter): Name = "SizeZ_mm"; Value = "0.6"; VariantName = "[No Variations]"
Add component (AddParameter): Name = "Supplier 1"; Value = "Digi-Key"; VariantName = "[No Variations]"
Add component (AddParameter): Name = "Supplier 2"; Value = "Newark"; VariantName = "[No Variations]"
Add component (AddParameter): Name = "Supplier 3"; Value = "Mouser"; VariantName = "[No Variations]"
Add component (AddParameter): Name = "Supplier Part Number 1"; Value = "490-10698-1-ND"; VariantName = "[No Variations]"
Add component (AddParameter): Name = "Supplier Part Number 2"; Value = "31Y1751"; VariantName = "[No Variations]"
Add component (AddParameter): Name = "Supplier Part Number 3"; Value = "81-GRM155R71E104KE4D"; VariantName = "[No Variations]"
Add component (AddParameter): Name = "TaMax_C"; Value = "125°C"; VariantName = "[No Variations]"
Add component (AddParameter): Name = "TaMin_C"; Value = "-55°C"; VariantName = "[No Variations]"
Add component (AddParameter): Name = "Technology"; Value = "Ceramic"; VariantName = "[No Variations]"
Add component (AddParameter): Name = "TempCo"; Value = "X7R"; VariantName = "[No Variations]"
Add component (AddParameter): Name = "Tolerance_%"; Value = "10%"; VariantName = "[No Variations]"
Add component (AddParameter): Name = "U/M"; Value = "EA"; VariantName = "[No Variations]"
Add component (AddParameter): Name = "Value"; Value = "0.1uF"; VariantName = "[No Variations]"
Add component (AddParameter): Name = "Value1"; Value = "Unknown"; VariantName = "[No Variations]"
Add component (AddParameter): Name = "Value2"; Value = "25V"; VariantName = "[No Variations]"
Add component (AddParameter): Name = "ValueDisplayed"; Value = "0.1uF"; VariantName = "[No Variations]"
Add component (AddParameter): Name = "VDC_V"; Value = "25V"; VariantName = "[No Variations]"
Added Component: Designator=FB1(FP-BLM18EG121SN1D_0603-MFG)
Add component (AddParameter): Name = "AEC Qualified"; Value = "No"; VariantName = "[No Variations]"
Add component (AddParameter): Name = "ComponentLink1Description"; Value = "Datasheet"; VariantName = "[No Variations]"
Add component (AddParameter): Name = "ComponentLink1URL"; Value = "https://www.murata.com/en-us/products/productdata/8796747366430/ENFA0021.pdf"; VariantName = "[No Variations]"
Add component (AddParameter): Name = "datasheet"; Value = "https://www.murata.com/en-us/products/productdata/8796747366430/ENFA0021.pdf"; VariantName = "[No Variations]"
Add component (AddParameter): Name = "Datasheet Path"; Value = "datasheets/FBead-BLM18EG121SN1D.pdf"; VariantName = "[No Variations]"
Add component (AddParameter): Name = "DCR_ohm"; Value = "60m"; VariantName = "[No Variations]"
Add component (AddParameter): Name = "Device Class L1"; Value = "Passive Components"; VariantName = "[No Variations]"
Add component (AddParameter): Name = "Device Class L2"; Value = "EMI / RFI Components"; VariantName = "[No Variations]"
Add component (AddParameter): Name = "Device Class L3"; Value = "Ferrite Beads and Chips"; VariantName = "[No Variations]"
Add component (AddParameter): Name = "Digikey Description"; Value = "FERRITE BEAD 120 OHM 0603 1LN"; VariantName = "[No Variations]"
Add component (AddParameter): Name = "Digikey Part Number"; Value = "490-3991-1-ND"; VariantName = "[No Variations]"
Add component (AddParameter): Name = "helpURL"; Value = "https://upverter.com/upn/revision/3e0d9a214349089d/"; VariantName = "[No Variations]"
Add component (AddParameter): Name = "Imax_A"; Value = "2A"; VariantName = "[No Variations]"
Add component (AddParameter): Name = "Impedance At Frequency"; Value = "120O @ 100MHz"; VariantName = "[No Variations]"
Add component (AddParameter): Name = "Lead Free"; Value = "Yes"; VariantName = "[No Variations]"
Add component (AddParameter): Name = "Manufacturer"; Value = "Murata"; VariantName = "[No Variations]"
Add component (AddParameter): Name = "Material"; Value = "Ferrite"; VariantName = "[No Variations]"
Add component (AddParameter): Name = "Mouser Description"; Value = "Ferrite Beads 120ohms GHz General Usage"; VariantName = "[No Variations]"
Add component (AddParameter): Name = "Mouser Part Number"; Value = "81-BLM18EG121SN1D"; VariantName = "[No Variations]"
Add component (AddParameter): Name = "Operating Temperature Range"; Value = "-55°C to +125°C"; VariantName = "[No Variations]"
Add component (AddParameter): Name = "PackageReference"; Value = "0603"; VariantName = "[No Variations]"
Add component (AddParameter): Name = "Part Number"; Value = "BLM18EG121SN1D"; VariantName = "[No Variations]"
Add component (AddParameter): Name = "PartNumber"; Value = "BLM18EG121SN1D"; VariantName = "[No Variations]"
Add component (AddParameter): Name = "RoHS"; Value = "TRUE"; VariantName = "[No Variations]"
Add component (AddParameter): Name = "SizeZ_mm"; Value = "0.95mm"; VariantName = "[No Variations]"
Add component (AddParameter): Name = "Supplier 1"; Value = "Digikey"; VariantName = "[No Variations]"
Add component (AddParameter): Name = "Supplier 2"; Value = "Mouser"; VariantName = "[No Variations]"
Add component (AddParameter): Name = "Supplier Part Number 1"; Value = "490-3991-1-ND"; VariantName = "[No Variations]"
Add component (AddParameter): Name = "Supplier Part Number 2"; Value = "81-BLM18EG121SN1D"; VariantName = "[No Variations]"
Add component (AddParameter): Name = "Tolerance_%"; Value = "25%"; VariantName = "[No Variations]"
Added Component: Designator=FB2(FP-BLM18EG121SN1D_0603-MFG)
Add component (AddParameter): Name = "AEC Qualified"; Value = "No"; VariantName = "[No Variations]"
Add component (AddParameter): Name = "ComponentLink1Description"; Value = "Datasheet"; VariantName = "[No Variations]"
Add component (AddParameter): Name = "ComponentLink1URL"; Value = "https://www.murata.com/en-us/products/productdata/8796747366430/ENFA0021.pdf"; VariantName = "[No Variations]"
Add component (AddParameter): Name = "datasheet"; Value = "https://www.murata.com/en-us/products/productdata/8796747366430/ENFA0021.pdf"; VariantName = "[No Variations]"
Add component (AddParameter): Name = "Datasheet Path"; Value = "datasheets/FBead-BLM18EG121SN1D.pdf"; VariantName = "[No Variations]"
Add component (AddParameter): Name = "DCR_ohm"; Value = "60m"; VariantName = "[No Variations]"
Add component (AddParameter): Name = "Device Class L1"; Value = "Passive Components"; VariantName = "[No Variations]"
Add component (AddParameter): Name = "Device Class L2"; Value = "EMI / RFI Components"; VariantName = "[No Variations]"
Add component (AddParameter): Name = "Device Class L3"; Value = "Ferrite Beads and Chips"; VariantName = "[No Variations]"
Add component (AddParameter): Name = "Digikey Description"; Value = "FERRITE BEAD 120 OHM 0603 1LN"; VariantName = "[No Variations]"
Add component (AddParameter): Name = "Digikey Part Number"; Value = "490-3991-1-ND"; VariantName = "[No Variations]"
Add component (AddParameter): Name = "helpURL"; Value = "https://upverter.com/upn/revision/3e0d9a214349089d/"; VariantName = "[No Variations]"
Add component (AddParameter): Name = "Imax_A"; Value = "2A"; VariantName = "[No Variations]"
Add component (AddParameter): Name = "Impedance At Frequency"; Value = "120O @ 100MHz"; VariantName = "[No Variations]"
Add component (AddParameter): Name = "Lead Free"; Value = "Yes"; VariantName = "[No Variations]"
Add component (AddParameter): Name = "Manufacturer"; Value = "Murata"; VariantName = "[No Variations]"
Add component (AddParameter): Name = "Material"; Value = "Ferrite"; VariantName = "[No Variations]"
Add component (AddParameter): Name = "Mouser Description"; Value = "Ferrite Beads 120ohms GHz General Usage"; VariantName = "[No Variations]"
Add component (AddParameter): Name = "Mouser Part Number"; Value = "81-BLM18EG121SN1D"; VariantName = "[No Variations]"
Add component (AddParameter): Name = "Operating Temperature Range"; Value = "-55°C to +125°C"; VariantName = "[No Variations]"
Add component (AddParameter): Name = "PackageReference"; Value = "0603"; VariantName = "[No Variations]"
Add component (AddParameter): Name = "Part Number"; Value = "BLM18EG121SN1D"; VariantName = "[No Variations]"
Add component (AddParameter): Name = "PartNumber"; Value = "BLM18EG121SN1D"; VariantName = "[No Variations]"
Add component (AddParameter): Name = "RoHS"; Value = "TRUE"; VariantName = "[No Variations]"
Add component (AddParameter): Name = "SizeZ_mm"; Value = "0.95mm"; VariantName = "[No Variations]"
Add component (AddParameter): Name = "Supplier 1"; Value = "Digikey"; VariantName = "[No Variations]"
Add component (AddParameter): Name = "Supplier 2"; Value = "Mouser"; VariantName = "[No Variations]"
Add component (AddParameter): Name = "Supplier Part Number 1"; Value = "490-3991-1-ND"; VariantName = "[No Variations]"
Add component (AddParameter): Name = "Supplier Part Number 2"; Value = "81-BLM18EG121SN1D"; VariantName = "[No Variations]"
Add component (AddParameter): Name = "Tolerance_%"; Value = "25%"; VariantName = "[No Variations]"
Added Component: Designator=J1(Hirose_DM3BT-DSF-PEJS)
Add component (AddParameter): Name = "Alternate Manufacturer"; Value = ""; VariantName = "[No Variations]"
Add component (AddParameter): Name = "Alternate PartNumber"; Value = ""; VariantName = "[No Variations]"
Add component (AddParameter): Name = "Cert_CSA"; Value = ""; VariantName = "[No Variations]"
Add component (AddParameter): Name = "Cert_CULUS"; Value = ""; VariantName = "[No Variations]"
Add component (AddParameter): Name = "Cert_UL"; Value = ""; VariantName = "[No Variations]"
Add component (AddParameter): Name = "Cert_VDE"; Value = ""; VariantName = "[No Variations]"
Add component (AddParameter): Name = "ClassName"; Value = ""; VariantName = "[No Variations]"
Add component (AddParameter): Name = "Color"; Value = ""; VariantName = "[No Variations]"
Add component (AddParameter): Name = "ComponentLink1Description"; Value = "Datasheet URL"; VariantName = "[No Variations]"
Add component (AddParameter): Name = "ComponentLink1URL"; Value = "https://www.hirose.com/product/en/download_file/key_name/DM3/category/Catalog/doc_file_id/49662/?file_category_id=4&item_id=195&is_series=1"; VariantName = "[No Variations]"
Add component (AddParameter): Name = "CompType"; Value = "Connector"; VariantName = "[No Variations]"
Add component (AddParameter): Name = "ContactFinish"; Value = "Gold"; VariantName = "[No Variations]"
Add component (AddParameter): Name = "Current_A"; Value = ""; VariantName = "[No Variations]"
Add component (AddParameter): Name = "Gender"; Value = "Female"; VariantName = "[No Variations]"
Add component (AddParameter): Name = "Green_EU RoHS"; Value = ""; VariantName = "[No Variations]"
Add component (AddParameter): Name = "Green_EU RoHS-2"; Value = ""; VariantName = "[No Variations]"
Add component (AddParameter): Name = "Green_Lifecycle"; Value = ""; VariantName = "[No Variations]"
Add component (AddParameter): Name = "Green_REACh"; Value = ""; VariantName = "[No Variations]"
Add component (AddParameter): Name = "Manufacturer"; Value = "Hirose Electric Co. Ltd."; VariantName = "[No Variations]"
Add component (AddParameter): Name = "MountType"; Value = "SMT"; VariantName = "[No Variations]"
Add component (AddParameter): Name = "Note"; Value = ""; VariantName = "[No Variations]"
Add component (AddParameter): Name = "Orientation"; Value = "R/A"; VariantName = "[No Variations]"
Add component (AddParameter): Name = "PackageReference"; Value = "Conncetor, micro SD, 8+2 Pos, R/A, SMT"; VariantName = "[No Variations]"
Add component (AddParameter): Name = "PartNumber"; Value = "DM3BT-DSF-PEJS"; VariantName = "[No Variations]"
Add component (AddParameter): Name = "PinCount"; Value = "10"; VariantName = "[No Variations]"
Add component (AddParameter): Name = "Pitch_mm"; Value = "1.1"; VariantName = "[No Variations]"
Add component (AddParameter): Name = "RoHS"; Value = "Y"; VariantName = "[No Variations]"
Add component (AddParameter): Name = "Row_Count"; Value = "1"; VariantName = "[No Variations]"
Add component (AddParameter): Name = "RowSpacing_mm"; Value = ""; VariantName = "[No Variations]"
Add component (AddParameter): Name = "Shrouded"; Value = ""; VariantName = "[No Variations]"
Add component (AddParameter): Name = "Supplier 1"; Value = "Digi-Key"; VariantName = "[No Variations]"
Add component (AddParameter): Name = "Supplier 2"; Value = "Newark"; VariantName = "[No Variations]"
Add component (AddParameter): Name = "Supplier 3"; Value = "Mouser"; VariantName = "[No Variations]"
Add component (AddParameter): Name = "Supplier Part Number 1"; Value = "HR1942CT-ND"; VariantName = "[No Variations]"
Add component (AddParameter): Name = "Supplier Part Number 2"; Value = "35R0580"; VariantName = "[No Variations]"
Add component (AddParameter): Name = "Supplier Part Number 3"; Value = "798-DM3BT-DSF-PEJS"; VariantName = "[No Variations]"
Add component (AddParameter): Name = "Voltage_V"; Value = ""; VariantName = "[No Variations]"
Added Component: Designator=R2(0402)
Add component (AddParameter): Name = "AEC Category"; Value = "Q200"; VariantName = "[No Variations]"
Add component (AddParameter): Name = "AEC Grade"; Value = ""; VariantName = "[No Variations]"
Add component (AddParameter): Name = "AEC Qualified"; Value = "?"; VariantName = "[No Variations]"
Add component (AddParameter): Name = "Alternate Manufacturer"; Value = ""; VariantName = "[No Variations]"
Add component (AddParameter): Name = "Alternate PartNumber"; Value = ""; VariantName = "[No Variations]"
Add component (AddParameter): Name = "ComponentLink1Description"; Value = "Datasheet link"; VariantName = "[No Variations]"
Add component (AddParameter): Name = "ComponentLink1URL"; Value = "http://industrial.panasonic.com/www-data/pdf/AOA0000/AOA0000CE2.pdf"; VariantName = "[No Variations]"
Add component (AddParameter): Name = "CompType"; Value = "Resistor"; VariantName = "[No Variations]"
Add component (AddParameter): Name = "EIA_Code"; Value = "E96"; VariantName = "[No Variations]"
Add component (AddParameter): Name = "LatestRevisionDate"; Value = "2017-03-09"; VariantName = "[No Variations]"
Add component (AddParameter): Name = "Manufacturer"; Value = "Panasonic"; VariantName = "[No Variations]"
Add component (AddParameter): Name = "MountType"; Value = "SMT"; VariantName = "[No Variations]"
Add component (AddParameter): Name = "PackageReference"; Value = "0402"; VariantName = "[No Variations]"
Add component (AddParameter): Name = "PartNumber"; Value = "ERJ-2RKF1002X"; VariantName = "[No Variations]"
Add component (AddParameter): Name = "Power_W"; Value = "100mW"; VariantName = "[No Variations]"
Add component (AddParameter): Name = "Published"; Value = "2008-06-26"; VariantName = "[No Variations]"
Add component (AddParameter): Name = "Publisher"; Value = "Texas Instruments"; VariantName = "[No Variations]"
Add component (AddParameter): Name = "Res_ohm"; Value = "10k"; VariantName = "[No Variations]"
Add component (AddParameter): Name = "RoHS"; Value = "Y"; VariantName = "[No Variations]"
Add component (AddParameter): Name = "SizeArea_mm2"; Value = "0.5"; VariantName = "[No Variations]"
Add component (AddParameter): Name = "SizeX_mm"; Value = "1"; VariantName = "[No Variations]"
Add component (AddParameter): Name = "SizeY_mm"; Value = "0.5"; VariantName = "[No Variations]"
Add component (AddParameter): Name = "SizeZ_mm"; Value = "0.6"; VariantName = "[No Variations]"
Add component (AddParameter): Name = "Supplier 1"; Value = "Digi-Key"; VariantName = "[No Variations]"
Add component (AddParameter): Name = "Supplier 2"; Value = "Newark"; VariantName = "[No Variations]"
Add component (AddParameter): Name = "Supplier 3"; Value = "Mouser"; VariantName = "[No Variations]"
Add component (AddParameter): Name = "Supplier Part Number 1"; Value = "P10.0KLCT-ND"; VariantName = "[No Variations]"
Add component (AddParameter): Name = "Supplier Part Number 2"; Value = "90W2949"; VariantName = "[No Variations]"
Add component (AddParameter): Name = "Supplier Part Number 3"; Value = "667-ERJ-2RKF1002X"; VariantName = "[No Variations]"
Add component (AddParameter): Name = "Technology"; Value = "Thick Film"; VariantName = "[No Variations]"
Add component (AddParameter): Name = "TempCo"; Value = "100 ppm/C"; VariantName = "[No Variations]"
Add component (AddParameter): Name = "Tolerance_%"; Value = "1%"; VariantName = "[No Variations]"
Add component (AddParameter): Name = "U/M"; Value = "EA"; VariantName = "[No Variations]"
Add component (AddParameter): Name = "Value"; Value = "10.0k"; VariantName = "[No Variations]"
Add component (AddParameter): Name = "Value1"; Value = "1%"; VariantName = "[No Variations]"
Add component (AddParameter): Name = "Value2"; Value = "0.1W"; VariantName = "[No Variations]"
Add component (AddParameter): Name = "Value_Code"; Value = "10k0"; VariantName = "[No Variations]"
Add component (AddParameter): Name = "ValueDisplayed"; Value = "10.0k"; VariantName = "[No Variations]"
Add component (AddParameter): Name = "VDC_V"; Value = "50V"; VariantName = "[No Variations]"
Added Component: Designator=R3(0402)
Add component (AddParameter): Name = "AEC Category"; Value = "Q200"; VariantName = "[No Variations]"
Add component (AddParameter): Name = "AEC Grade"; Value = "0"; VariantName = "[No Variations]"
Add component (AddParameter): Name = "AEC Qualified"; Value = "Y"; VariantName = "[No Variations]"
Add component (AddParameter): Name = "Alternate Manufacturer"; Value = ""; VariantName = "[No Variations]"
Add component (AddParameter): Name = "Alternate PartNumber"; Value = ""; VariantName = "[No Variations]"
Add component (AddParameter): Name = "ComponentLink1Description"; Value = "Datasheet link"; VariantName = "[No Variations]"
Add component (AddParameter): Name = "ComponentLink1URL"; Value = "http://www.vishay.com/docs/20035/dcrcwe3.pdf"; VariantName = "[No Variations]"
Add component (AddParameter): Name = "CompType"; Value = "Resistor"; VariantName = "[No Variations]"
Add component (AddParameter): Name = "EIA_Code"; Value = "E96"; VariantName = "[No Variations]"
Add component (AddParameter): Name = "Green_EU RoHS"; Value = ""; VariantName = "[No Variations]"
Add component (AddParameter): Name = "Green_EU RoHS-2"; Value = ""; VariantName = "[No Variations]"
Add component (AddParameter): Name = "Green_Lifecycle"; Value = ""; VariantName = "[No Variations]"
Add component (AddParameter): Name = "Green_REACh"; Value = ""; VariantName = "[No Variations]"
Add component (AddParameter): Name = "Manufacturer"; Value = "Vishay-Dale"; VariantName = "[No Variations]"
Add component (AddParameter): Name = "MountType"; Value = "SMT"; VariantName = "[No Variations]"
Add component (AddParameter): Name = "PackageReference"; Value = "0402"; VariantName = "[No Variations]"
Add component (AddParameter): Name = "PartNumber"; Value = "CRCW04022K67FKED"; VariantName = "[No Variations]"
Add component (AddParameter): Name = "Power_W"; Value = "63mW"; VariantName = "[No Variations]"
Add component (AddParameter): Name = "Res_ohm"; Value = "2.67k"; VariantName = "[No Variations]"
Add component (AddParameter): Name = "RoHS"; Value = "E"; VariantName = "[No Variations]"
Add component (AddParameter): Name = "SizeArea_mm2"; Value = "0.5"; VariantName = "[No Variations]"
Add component (AddParameter): Name = "SizeX_mm"; Value = "1"; VariantName = "[No Variations]"
Add component (AddParameter): Name = "SizeY_mm"; Value = "0.5"; VariantName = "[No Variations]"
Add component (AddParameter): Name = "SizeZ_mm"; Value = "0.6"; VariantName = "[No Variations]"
Add component (AddParameter): Name = "Supplier 1"; Value = "Digi-Key"; VariantName = "[No Variations]"
Add component (AddParameter): Name = "Supplier 2"; Value = "Newark"; VariantName = "[No Variations]"
Add component (AddParameter): Name = "Supplier 3"; Value = "Mouser"; VariantName = "[No Variations]"
Add component (AddParameter): Name = "Supplier Part Number 1"; Value = "541-2.67KLCT-ND"; VariantName = "[No Variations]"
Add component (AddParameter): Name = "Supplier Part Number 2"; Value = "52K6808"; VariantName = "[No Variations]"
Add component (AddParameter): Name = "Supplier Part Number 3"; Value = "71-CRCW0402-2.67K-E3"; VariantName = "[No Variations]"
Add component (AddParameter): Name = "Technology"; Value = "Thick Film"; VariantName = "[No Variations]"
Add component (AddParameter): Name = "TempCo"; Value = "100 ppm/C"; VariantName = "[No Variations]"
Add component (AddParameter): Name = "Tolerance_%"; Value = "1%"; VariantName = "[No Variations]"
Add component (AddParameter): Name = "Value"; Value = "2.67k"; VariantName = "[No Variations]"
Add component (AddParameter): Name = "Value1"; Value = "1%"; VariantName = "[No Variations]"
Add component (AddParameter): Name = "Value2"; Value = "0.063W"; VariantName = "[No Variations]"
Add component (AddParameter): Name = "Value_Code"; Value = "2k67"; VariantName = "[No Variations]"
Add component (AddParameter): Name = "ValueDisplayed"; Value = "2.67k"; VariantName = "[No Variations]"
Add component (AddParameter): Name = "VDC_V"; Value = "50V"; VariantName = "[No Variations]"
Added Component: Designator=R16(0402)
Add component (AddParameter): Name = "AEC Category"; Value = "Q200"; VariantName = "[No Variations]"
Add component (AddParameter): Name = "AEC Grade"; Value = ""; VariantName = "[No Variations]"
Add component (AddParameter): Name = "AEC Qualified"; Value = "?"; VariantName = "[No Variations]"
Add component (AddParameter): Name = "Alternate Manufacturer"; Value = ""; VariantName = "[No Variations]"
Add component (AddParameter): Name = "Alternate PartNumber"; Value = ""; VariantName = "[No Variations]"
Add component (AddParameter): Name = "ComponentLink1Description"; Value = "Datasheet link"; VariantName = "[No Variations]"
Add component (AddParameter): Name = "ComponentLink1URL"; Value = "http://industrial.panasonic.com/www-data/pdf/AOA0000/AOA0000CE2.pdf"; VariantName = "[No Variations]"
Add component (AddParameter): Name = "CompType"; Value = "Resistor"; VariantName = "[No Variations]"
Add component (AddParameter): Name = "EIA_Code"; Value = "E96"; VariantName = "[No Variations]"
Add component (AddParameter): Name = "LatestRevisionDate"; Value = "2017-03-09"; VariantName = "[No Variations]"
Add component (AddParameter): Name = "Manufacturer"; Value = "Panasonic"; VariantName = "[No Variations]"
Add component (AddParameter): Name = "MountType"; Value = "SMT"; VariantName = "[No Variations]"
Add component (AddParameter): Name = "PackageReference"; Value = "0402"; VariantName = "[No Variations]"
Add component (AddParameter): Name = "PartNumber"; Value = "ERJ-2RKF1002X"; VariantName = "[No Variations]"
Add component (AddParameter): Name = "Power_W"; Value = "100mW"; VariantName = "[No Variations]"
Add component (AddParameter): Name = "Published"; Value = "2008-06-26"; VariantName = "[No Variations]"
Add component (AddParameter): Name = "Publisher"; Value = "Texas Instruments"; VariantName = "[No Variations]"
Add component (AddParameter): Name = "Res_ohm"; Value = "10k"; VariantName = "[No Variations]"
Add component (AddParameter): Name = "RoHS"; Value = "Y"; VariantName = "[No Variations]"
Add component (AddParameter): Name = "SizeArea_mm2"; Value = "0.5"; VariantName = "[No Variations]"
Add component (AddParameter): Name = "SizeX_mm"; Value = "1"; VariantName = "[No Variations]"
Add component (AddParameter): Name = "SizeY_mm"; Value = "0.5"; VariantName = "[No Variations]"
Add component (AddParameter): Name = "SizeZ_mm"; Value = "0.6"; VariantName = "[No Variations]"
Add component (AddParameter): Name = "Supplier 1"; Value = "Digi-Key"; VariantName = "[No Variations]"
Add component (AddParameter): Name = "Supplier 2"; Value = "Newark"; VariantName = "[No Variations]"
Add component (AddParameter): Name = "Supplier 3"; Value = "Mouser"; VariantName = "[No Variations]"
Add component (AddParameter): Name = "Supplier Part Number 1"; Value = "P10.0KLCT-ND"; VariantName = "[No Variations]"
Add component (AddParameter): Name = "Supplier Part Number 2"; Value = "90W2949"; VariantName = "[No Variations]"
Add component (AddParameter): Name = "Supplier Part Number 3"; Value = "667-ERJ-2RKF1002X"; VariantName = "[No Variations]"
Add component (AddParameter): Name = "Technology"; Value = "Thick Film"; VariantName = "[No Variations]"
Add component (AddParameter): Name = "TempCo"; Value = "100 ppm/C"; VariantName = "[No Variations]"
Add component (AddParameter): Name = "Tolerance_%"; Value = "1%"; VariantName = "[No Variations]"
Add component (AddParameter): Name = "U/M"; Value = "EA"; VariantName = "[No Variations]"
Add component (AddParameter): Name = "Value"; Value = "10.0k"; VariantName = "[No Variations]"
Add component (AddParameter): Name = "Value1"; Value = "1%"; VariantName = "[No Variations]"
Add component (AddParameter): Name = "Value2"; Value = "0.1W"; VariantName = "[No Variations]"
Add component (AddParameter): Name = "Value_Code"; Value = "10k0"; VariantName = "[No Variations]"
Add component (AddParameter): Name = "ValueDisplayed"; Value = "10.0k"; VariantName = "[No Variations]"
Add component (AddParameter): Name = "VDC_V"; Value = "50V"; VariantName = "[No Variations]"
Added Component: Designator=R20(0402)
Add component (AddParameter): Name = "AEC Category"; Value = "Q200"; VariantName = "[No Variations]"
Add component (AddParameter): Name = "AEC Grade"; Value = ""; VariantName = "[No Variations]"
Add component (AddParameter): Name = "AEC Qualified"; Value = "?"; VariantName = "[No Variations]"
Add component (AddParameter): Name = "Alternate Manufacturer"; Value = ""; VariantName = "[No Variations]"
Add component (AddParameter): Name = "Alternate PartNumber"; Value = ""; VariantName = "[No Variations]"
Add component (AddParameter): Name = "ComponentLink1Description"; Value = "Datasheet link"; VariantName = "[No Variations]"
Add component (AddParameter): Name = "ComponentLink1URL"; Value = "http://industrial.panasonic.com/www-data/pdf/AOA0000/AOA0000CE2.pdf"; VariantName = "[No Variations]"
Add component (AddParameter): Name = "CompType"; Value = "Resistor"; VariantName = "[No Variations]"
Add component (AddParameter): Name = "EIA_Code"; Value = "E96"; VariantName = "[No Variations]"
Add component (AddParameter): Name = "LatestRevisionDate"; Value = "2017-03-09"; VariantName = "[No Variations]"
Add component (AddParameter): Name = "Manufacturer"; Value = "Panasonic"; VariantName = "[No Variations]"
Add component (AddParameter): Name = "MountType"; Value = "SMT"; VariantName = "[No Variations]"
Add component (AddParameter): Name = "PackageReference"; Value = "0402"; VariantName = "[No Variations]"
Add component (AddParameter): Name = "PartNumber"; Value = "ERJ-2RKF1002X"; VariantName = "[No Variations]"
Add component (AddParameter): Name = "Power_W"; Value = "100mW"; VariantName = "[No Variations]"
Add component (AddParameter): Name = "Published"; Value = "2008-06-26"; VariantName = "[No Variations]"
Add component (AddParameter): Name = "Publisher"; Value = "Texas Instruments"; VariantName = "[No Variations]"
Add component (AddParameter): Name = "Res_ohm"; Value = "10k"; VariantName = "[No Variations]"
Add component (AddParameter): Name = "RoHS"; Value = "Y"; VariantName = "[No Variations]"
Add component (AddParameter): Name = "SizeArea_mm2"; Value = "0.5"; VariantName = "[No Variations]"
Add component (AddParameter): Name = "SizeX_mm"; Value = "1"; VariantName = "[No Variations]"
Add component (AddParameter): Name = "SizeY_mm"; Value = "0.5"; VariantName = "[No Variations]"
Add component (AddParameter): Name = "SizeZ_mm"; Value = "0.6"; VariantName = "[No Variations]"
Add component (AddParameter): Name = "Supplier 1"; Value = "Digi-Key"; VariantName = "[No Variations]"
Add component (AddParameter): Name = "Supplier 2"; Value = "Newark"; VariantName = "[No Variations]"
Add component (AddParameter): Name = "Supplier 3"; Value = "Mouser"; VariantName = "[No Variations]"
Add component (AddParameter): Name = "Supplier Part Number 1"; Value = "P10.0KLCT-ND"; VariantName = "[No Variations]"
Add component (AddParameter): Name = "Supplier Part Number 2"; Value = "90W2949"; VariantName = "[No Variations]"
Add component (AddParameter): Name = "Supplier Part Number 3"; Value = "667-ERJ-2RKF1002X"; VariantName = "[No Variations]"
Add component (AddParameter): Name = "Technology"; Value = "Thick Film"; VariantName = "[No Variations]"
Add component (AddParameter): Name = "TempCo"; Value = "100 ppm/C"; VariantName = "[No Variations]"
Add component (AddParameter): Name = "Tolerance_%"; Value = "1%"; VariantName = "[No Variations]"
Add component (AddParameter): Name = "U/M"; Value = "EA"; VariantName = "[No Variations]"
Add component (AddParameter): Name = "Value"; Value = "10.0k"; VariantName = "[No Variations]"
Add component (AddParameter): Name = "Value1"; Value = "1%"; VariantName = "[No Variations]"
Add component (AddParameter): Name = "Value2"; Value = "0.1W"; VariantName = "[No Variations]"
Add component (AddParameter): Name = "Value_Code"; Value = "10k0"; VariantName = "[No Variations]"
Add component (AddParameter): Name = "ValueDisplayed"; Value = "10.0k"; VariantName = "[No Variations]"
Add component (AddParameter): Name = "VDC_V"; Value = "50V"; VariantName = "[No Variations]"
Added Component: Designator=R21(0402)
Add component (AddParameter): Name = "AEC Category"; Value = "Q200"; VariantName = "[No Variations]"
Add component (AddParameter): Name = "AEC Grade"; Value = ""; VariantName = "[No Variations]"
Add component (AddParameter): Name = "AEC Qualified"; Value = "?"; VariantName = "[No Variations]"
Add component (AddParameter): Name = "Alternate Manufacturer"; Value = ""; VariantName = "[No Variations]"
Add component (AddParameter): Name = "Alternate PartNumber"; Value = ""; VariantName = "[No Variations]"
Add component (AddParameter): Name = "ComponentLink1Description"; Value = "Datasheet link"; VariantName = "[No Variations]"
Add component (AddParameter): Name = "ComponentLink1URL"; Value = "http://industrial.panasonic.com/www-data/pdf/AOA0000/AOA0000CE2.pdf"; VariantName = "[No Variations]"
Add component (AddParameter): Name = "CompType"; Value = "Resistor"; VariantName = "[No Variations]"
Add component (AddParameter): Name = "EIA_Code"; Value = "E96"; VariantName = "[No Variations]"
Add component (AddParameter): Name = "LatestRevisionDate"; Value = "2017-03-09"; VariantName = "[No Variations]"
Add component (AddParameter): Name = "Manufacturer"; Value = "Panasonic"; VariantName = "[No Variations]"
Add component (AddParameter): Name = "MountType"; Value = "SMT"; VariantName = "[No Variations]"
Add component (AddParameter): Name = "PackageReference"; Value = "0402"; VariantName = "[No Variations]"
Add component (AddParameter): Name = "PartNumber"; Value = "ERJ-2RKF1002X"; VariantName = "[No Variations]"
Add component (AddParameter): Name = "Power_W"; Value = "100mW"; VariantName = "[No Variations]"
Add component (AddParameter): Name = "Published"; Value = "2008-06-26"; VariantName = "[No Variations]"
Add component (AddParameter): Name = "Publisher"; Value = "Texas Instruments"; VariantName = "[No Variations]"
Add component (AddParameter): Name = "Res_ohm"; Value = "10k"; VariantName = "[No Variations]"
Add component (AddParameter): Name = "RoHS"; Value = "Y"; VariantName = "[No Variations]"
Add component (AddParameter): Name = "SizeArea_mm2"; Value = "0.5"; VariantName = "[No Variations]"
Add component (AddParameter): Name = "SizeX_mm"; Value = "1"; VariantName = "[No Variations]"
Add component (AddParameter): Name = "SizeY_mm"; Value = "0.5"; VariantName = "[No Variations]"
Add component (AddParameter): Name = "SizeZ_mm"; Value = "0.6"; VariantName = "[No Variations]"
Add component (AddParameter): Name = "Supplier 1"; Value = "Digi-Key"; VariantName = "[No Variations]"
Add component (AddParameter): Name = "Supplier 2"; Value = "Newark"; VariantName = "[No Variations]"
Add component (AddParameter): Name = "Supplier 3"; Value = "Mouser"; VariantName = "[No Variations]"
Add component (AddParameter): Name = "Supplier Part Number 1"; Value = "P10.0KLCT-ND"; VariantName = "[No Variations]"
Add component (AddParameter): Name = "Supplier Part Number 2"; Value = "90W2949"; VariantName = "[No Variations]"
Add component (AddParameter): Name = "Supplier Part Number 3"; Value = "667-ERJ-2RKF1002X"; VariantName = "[No Variations]"
Add component (AddParameter): Name = "Technology"; Value = "Thick Film"; VariantName = "[No Variations]"
Add component (AddParameter): Name = "TempCo"; Value = "100 ppm/C"; VariantName = "[No Variations]"
Add component (AddParameter): Name = "Tolerance_%"; Value = "1%"; VariantName = "[No Variations]"
Add component (AddParameter): Name = "U/M"; Value = "EA"; VariantName = "[No Variations]"
Add component (AddParameter): Name = "Value"; Value = "10.0k"; VariantName = "[No Variations]"
Add component (AddParameter): Name = "Value1"; Value = "1%"; VariantName = "[No Variations]"
Add component (AddParameter): Name = "Value2"; Value = "0.1W"; VariantName = "[No Variations]"
Add component (AddParameter): Name = "Value_Code"; Value = "10k0"; VariantName = "[No Variations]"
Add component (AddParameter): Name = "ValueDisplayed"; Value = "10.0k"; VariantName = "[No Variations]"
Add component (AddParameter): Name = "VDC_V"; Value = "50V"; VariantName = "[No Variations]"
Added Component: Designator=R22(0402)
Add component (AddParameter): Name = "AEC Category"; Value = "Q200"; VariantName = "[No Variations]"
Add component (AddParameter): Name = "AEC Grade"; Value = ""; VariantName = "[No Variations]"
Add component (AddParameter): Name = "AEC Qualified"; Value = "?"; VariantName = "[No Variations]"
Add component (AddParameter): Name = "Alternate Manufacturer"; Value = ""; VariantName = "[No Variations]"
Add component (AddParameter): Name = "Alternate PartNumber"; Value = ""; VariantName = "[No Variations]"
Add component (AddParameter): Name = "ComponentLink1Description"; Value = "Datasheet link"; VariantName = "[No Variations]"
Add component (AddParameter): Name = "ComponentLink1URL"; Value = "http://industrial.panasonic.com/www-data/pdf/AOA0000/AOA0000CE2.pdf"; VariantName = "[No Variations]"
Add component (AddParameter): Name = "CompType"; Value = "Resistor"; VariantName = "[No Variations]"
Add component (AddParameter): Name = "EIA_Code"; Value = "E96"; VariantName = "[No Variations]"
Add component (AddParameter): Name = "LatestRevisionDate"; Value = "2017-03-09"; VariantName = "[No Variations]"
Add component (AddParameter): Name = "Manufacturer"; Value = "Panasonic"; VariantName = "[No Variations]"
Add component (AddParameter): Name = "MountType"; Value = "SMT"; VariantName = "[No Variations]"
Add component (AddParameter): Name = "PackageReference"; Value = "0402"; VariantName = "[No Variations]"
Add component (AddParameter): Name = "PartNumber"; Value = "ERJ-2RKF1002X"; VariantName = "[No Variations]"
Add component (AddParameter): Name = "Power_W"; Value = "100mW"; VariantName = "[No Variations]"
Add component (AddParameter): Name = "Published"; Value = "2008-06-26"; VariantName = "[No Variations]"
Add component (AddParameter): Name = "Publisher"; Value = "Texas Instruments"; VariantName = "[No Variations]"
Add component (AddParameter): Name = "Res_ohm"; Value = "10k"; VariantName = "[No Variations]"
Add component (AddParameter): Name = "RoHS"; Value = "Y"; VariantName = "[No Variations]"
Add component (AddParameter): Name = "SizeArea_mm2"; Value = "0.5"; VariantName = "[No Variations]"
Add component (AddParameter): Name = "SizeX_mm"; Value = "1"; VariantName = "[No Variations]"
Add component (AddParameter): Name = "SizeY_mm"; Value = "0.5"; VariantName = "[No Variations]"
Add component (AddParameter): Name = "SizeZ_mm"; Value = "0.6"; VariantName = "[No Variations]"
Add component (AddParameter): Name = "Supplier 1"; Value = "Digi-Key"; VariantName = "[No Variations]"
Add component (AddParameter): Name = "Supplier 2"; Value = "Newark"; VariantName = "[No Variations]"
Add component (AddParameter): Name = "Supplier 3"; Value = "Mouser"; VariantName = "[No Variations]"
Add component (AddParameter): Name = "Supplier Part Number 1"; Value = "P10.0KLCT-ND"; VariantName = "[No Variations]"
Add component (AddParameter): Name = "Supplier Part Number 2"; Value = "90W2949"; VariantName = "[No Variations]"
Add component (AddParameter): Name = "Supplier Part Number 3"; Value = "667-ERJ-2RKF1002X"; VariantName = "[No Variations]"
Add component (AddParameter): Name = "Technology"; Value = "Thick Film"; VariantName = "[No Variations]"
Add component (AddParameter): Name = "TempCo"; Value = "100 ppm/C"; VariantName = "[No Variations]"
Add component (AddParameter): Name = "Tolerance_%"; Value = "1%"; VariantName = "[No Variations]"
Add component (AddParameter): Name = "U/M"; Value = "EA"; VariantName = "[No Variations]"
Add component (AddParameter): Name = "Value"; Value = "10.0k"; VariantName = "[No Variations]"
Add component (AddParameter): Name = "Value1"; Value = "1%"; VariantName = "[No Variations]"
Add component (AddParameter): Name = "Value2"; Value = "0.1W"; VariantName = "[No Variations]"
Add component (AddParameter): Name = "Value_Code"; Value = "10k0"; VariantName = "[No Variations]"
Add component (AddParameter): Name = "ValueDisplayed"; Value = "10.0k"; VariantName = "[No Variations]"
Add component (AddParameter): Name = "VDC_V"; Value = "50V"; VariantName = "[No Variations]"
Added Component: Designator=R23(0402)
Add component (AddParameter): Name = "AEC Category"; Value = "Q200"; VariantName = "[No Variations]"
Add component (AddParameter): Name = "AEC Grade"; Value = ""; VariantName = "[No Variations]"
Add component (AddParameter): Name = "AEC Qualified"; Value = "?"; VariantName = "[No Variations]"
Add component (AddParameter): Name = "Alternate Manufacturer"; Value = ""; VariantName = "[No Variations]"
Add component (AddParameter): Name = "Alternate PartNumber"; Value = ""; VariantName = "[No Variations]"
Add component (AddParameter): Name = "ComponentLink1Description"; Value = "Datasheet link"; VariantName = "[No Variations]"
Add component (AddParameter): Name = "ComponentLink1URL"; Value = "http://industrial.panasonic.com/www-data/pdf/AOA0000/AOA0000CE2.pdf"; VariantName = "[No Variations]"
Add component (AddParameter): Name = "CompType"; Value = "Resistor"; VariantName = "[No Variations]"
Add component (AddParameter): Name = "EIA_Code"; Value = "E96"; VariantName = "[No Variations]"
Add component (AddParameter): Name = "LatestRevisionDate"; Value = "2017-03-09"; VariantName = "[No Variations]"
Add component (AddParameter): Name = "Manufacturer"; Value = "Panasonic"; VariantName = "[No Variations]"
Add component (AddParameter): Name = "MountType"; Value = "SMT"; VariantName = "[No Variations]"
Add component (AddParameter): Name = "PackageReference"; Value = "0402"; VariantName = "[No Variations]"
Add component (AddParameter): Name = "PartNumber"; Value = "ERJ-2RKF1002X"; VariantName = "[No Variations]"
Add component (AddParameter): Name = "Power_W"; Value = "100mW"; VariantName = "[No Variations]"
Add component (AddParameter): Name = "Published"; Value = "2008-06-26"; VariantName = "[No Variations]"
Add component (AddParameter): Name = "Publisher"; Value = "Texas Instruments"; VariantName = "[No Variations]"
Add component (AddParameter): Name = "Res_ohm"; Value = "10k"; VariantName = "[No Variations]"
Add component (AddParameter): Name = "RoHS"; Value = "Y"; VariantName = "[No Variations]"
Add component (AddParameter): Name = "SizeArea_mm2"; Value = "0.5"; VariantName = "[No Variations]"
Add component (AddParameter): Name = "SizeX_mm"; Value = "1"; VariantName = "[No Variations]"
Add component (AddParameter): Name = "SizeY_mm"; Value = "0.5"; VariantName = "[No Variations]"
Add component (AddParameter): Name = "SizeZ_mm"; Value = "0.6"; VariantName = "[No Variations]"
Add component (AddParameter): Name = "Supplier 1"; Value = "Digi-Key"; VariantName = "[No Variations]"
Add component (AddParameter): Name = "Supplier 2"; Value = "Newark"; VariantName = "[No Variations]"
Add component (AddParameter): Name = "Supplier 3"; Value = "Mouser"; VariantName = "[No Variations]"
Add component (AddParameter): Name = "Supplier Part Number 1"; Value = "P10.0KLCT-ND"; VariantName = "[No Variations]"
Add component (AddParameter): Name = "Supplier Part Number 2"; Value = "90W2949"; VariantName = "[No Variations]"
Add component (AddParameter): Name = "Supplier Part Number 3"; Value = "667-ERJ-2RKF1002X"; VariantName = "[No Variations]"
Add component (AddParameter): Name = "Technology"; Value = "Thick Film"; VariantName = "[No Variations]"
Add component (AddParameter): Name = "TempCo"; Value = "100 ppm/C"; VariantName = "[No Variations]"
Add component (AddParameter): Name = "Tolerance_%"; Value = "1%"; VariantName = "[No Variations]"
Add component (AddParameter): Name = "U/M"; Value = "EA"; VariantName = "[No Variations]"
Add component (AddParameter): Name = "Value"; Value = "10.0k"; VariantName = "[No Variations]"
Add component (AddParameter): Name = "Value1"; Value = "1%"; VariantName = "[No Variations]"
Add component (AddParameter): Name = "Value2"; Value = "0.1W"; VariantName = "[No Variations]"
Add component (AddParameter): Name = "Value_Code"; Value = "10k0"; VariantName = "[No Variations]"
Add component (AddParameter): Name = "ValueDisplayed"; Value = "10.0k"; VariantName = "[No Variations]"
Add component (AddParameter): Name = "VDC_V"; Value = "50V"; VariantName = "[No Variations]"
Added Component: Designator=R24(0402)
Add component (AddParameter): Name = "AEC Category"; Value = "Q200"; VariantName = "[No Variations]"
Add component (AddParameter): Name = "AEC Grade"; Value = ""; VariantName = "[No Variations]"
Add component (AddParameter): Name = "AEC Qualified"; Value = "?"; VariantName = "[No Variations]"
Add component (AddParameter): Name = "Alternate Manufacturer"; Value = ""; VariantName = "[No Variations]"
Add component (AddParameter): Name = "Alternate PartNumber"; Value = ""; VariantName = "[No Variations]"
Add component (AddParameter): Name = "ComponentLink1Description"; Value = "Datasheet link"; VariantName = "[No Variations]"
Add component (AddParameter): Name = "ComponentLink1URL"; Value = "http://industrial.panasonic.com/www-data/pdf/AOA0000/AOA0000CE2.pdf"; VariantName = "[No Variations]"
Add component (AddParameter): Name = "CompType"; Value = "Resistor"; VariantName = "[No Variations]"
Add component (AddParameter): Name = "EIA_Code"; Value = "E96"; VariantName = "[No Variations]"
Add component (AddParameter): Name = "LatestRevisionDate"; Value = "2017-03-09"; VariantName = "[No Variations]"
Add component (AddParameter): Name = "Manufacturer"; Value = "Panasonic"; VariantName = "[No Variations]"
Add component (AddParameter): Name = "MountType"; Value = "SMT"; VariantName = "[No Variations]"
Add component (AddParameter): Name = "PackageReference"; Value = "0402"; VariantName = "[No Variations]"
Add component (AddParameter): Name = "PartNumber"; Value = "ERJ-2RKF1002X"; VariantName = "[No Variations]"
Add component (AddParameter): Name = "Power_W"; Value = "100mW"; VariantName = "[No Variations]"
Add component (AddParameter): Name = "Published"; Value = "2008-06-26"; VariantName = "[No Variations]"
Add component (AddParameter): Name = "Publisher"; Value = "Texas Instruments"; VariantName = "[No Variations]"
Add component (AddParameter): Name = "Res_ohm"; Value = "10k"; VariantName = "[No Variations]"
Add component (AddParameter): Name = "RoHS"; Value = "Y"; VariantName = "[No Variations]"
Add component (AddParameter): Name = "SizeArea_mm2"; Value = "0.5"; VariantName = "[No Variations]"
Add component (AddParameter): Name = "SizeX_mm"; Value = "1"; VariantName = "[No Variations]"
Add component (AddParameter): Name = "SizeY_mm"; Value = "0.5"; VariantName = "[No Variations]"
Add component (AddParameter): Name = "SizeZ_mm"; Value = "0.6"; VariantName = "[No Variations]"
Add component (AddParameter): Name = "Supplier 1"; Value = "Digi-Key"; VariantName = "[No Variations]"
Add component (AddParameter): Name = "Supplier 2"; Value = "Newark"; VariantName = "[No Variations]"
Add component (AddParameter): Name = "Supplier 3"; Value = "Mouser"; VariantName = "[No Variations]"
Add component (AddParameter): Name = "Supplier Part Number 1"; Value = "P10.0KLCT-ND"; VariantName = "[No Variations]"
Add component (AddParameter): Name = "Supplier Part Number 2"; Value = "90W2949"; VariantName = "[No Variations]"
Add component (AddParameter): Name = "Supplier Part Number 3"; Value = "667-ERJ-2RKF1002X"; VariantName = "[No Variations]"
Add component (AddParameter): Name = "Technology"; Value = "Thick Film"; VariantName = "[No Variations]"
Add component (AddParameter): Name = "TempCo"; Value = "100 ppm/C"; VariantName = "[No Variations]"
Add component (AddParameter): Name = "Tolerance_%"; Value = "1%"; VariantName = "[No Variations]"
Add component (AddParameter): Name = "U/M"; Value = "EA"; VariantName = "[No Variations]"
Add component (AddParameter): Name = "Value"; Value = "10.0k"; VariantName = "[No Variations]"
Add component (AddParameter): Name = "Value1"; Value = "1%"; VariantName = "[No Variations]"
Add component (AddParameter): Name = "Value2"; Value = "0.1W"; VariantName = "[No Variations]"
Add component (AddParameter): Name = "Value_Code"; Value = "10k0"; VariantName = "[No Variations]"
Add component (AddParameter): Name = "ValueDisplayed"; Value = "10.0k"; VariantName = "[No Variations]"
Add component (AddParameter): Name = "VDC_V"; Value = "50V"; VariantName = "[No Variations]"
Added Component: Designator=R25(0402)
Add component (AddParameter): Name = "AEC Category"; Value = "Q200"; VariantName = "[No Variations]"
Add component (AddParameter): Name = "AEC Grade"; Value = ""; VariantName = "[No Variations]"
Add component (AddParameter): Name = "AEC Qualified"; Value = "?"; VariantName = "[No Variations]"
Add component (AddParameter): Name = "Alternate Manufacturer"; Value = ""; VariantName = "[No Variations]"
Add component (AddParameter): Name = "Alternate PartNumber"; Value = ""; VariantName = "[No Variations]"
Add component (AddParameter): Name = "ComponentLink1Description"; Value = "Datasheet link"; VariantName = "[No Variations]"
Add component (AddParameter): Name = "ComponentLink1URL"; Value = "http://industrial.panasonic.com/www-data/pdf/AOA0000/AOA0000CE2.pdf"; VariantName = "[No Variations]"
Add component (AddParameter): Name = "CompType"; Value = "Resistor"; VariantName = "[No Variations]"
Add component (AddParameter): Name = "EIA_Code"; Value = "E96"; VariantName = "[No Variations]"
Add component (AddParameter): Name = "LatestRevisionDate"; Value = "2017-03-09"; VariantName = "[No Variations]"
Add component (AddParameter): Name = "Manufacturer"; Value = "Panasonic"; VariantName = "[No Variations]"
Add component (AddParameter): Name = "MountType"; Value = "SMT"; VariantName = "[No Variations]"
Add component (AddParameter): Name = "PackageReference"; Value = "0402"; VariantName = "[No Variations]"
Add component (AddParameter): Name = "PartNumber"; Value = "ERJ-2RKF1002X"; VariantName = "[No Variations]"
Add component (AddParameter): Name = "Power_W"; Value = "100mW"; VariantName = "[No Variations]"
Add component (AddParameter): Name = "Published"; Value = "2008-06-26"; VariantName = "[No Variations]"
Add component (AddParameter): Name = "Publisher"; Value = "Texas Instruments"; VariantName = "[No Variations]"
Add component (AddParameter): Name = "Res_ohm"; Value = "10k"; VariantName = "[No Variations]"
Add component (AddParameter): Name = "RoHS"; Value = "Y"; VariantName = "[No Variations]"
Add component (AddParameter): Name = "SizeArea_mm2"; Value = "0.5"; VariantName = "[No Variations]"
Add component (AddParameter): Name = "SizeX_mm"; Value = "1"; VariantName = "[No Variations]"
Add component (AddParameter): Name = "SizeY_mm"; Value = "0.5"; VariantName = "[No Variations]"
Add component (AddParameter): Name = "SizeZ_mm"; Value = "0.6"; VariantName = "[No Variations]"
Add component (AddParameter): Name = "Supplier 1"; Value = "Digi-Key"; VariantName = "[No Variations]"
Add component (AddParameter): Name = "Supplier 2"; Value = "Newark"; VariantName = "[No Variations]"
Add component (AddParameter): Name = "Supplier 3"; Value = "Mouser"; VariantName = "[No Variations]"
Add component (AddParameter): Name = "Supplier Part Number 1"; Value = "P10.0KLCT-ND"; VariantName = "[No Variations]"
Add component (AddParameter): Name = "Supplier Part Number 2"; Value = "90W2949"; VariantName = "[No Variations]"
Add component (AddParameter): Name = "Supplier Part Number 3"; Value = "667-ERJ-2RKF1002X"; VariantName = "[No Variations]"
Add component (AddParameter): Name = "Technology"; Value = "Thick Film"; VariantName = "[No Variations]"
Add component (AddParameter): Name = "TempCo"; Value = "100 ppm/C"; VariantName = "[No Variations]"
Add component (AddParameter): Name = "Tolerance_%"; Value = "1%"; VariantName = "[No Variations]"
Add component (AddParameter): Name = "U/M"; Value = "EA"; VariantName = "[No Variations]"
Add component (AddParameter): Name = "Value"; Value = "10.0k"; VariantName = "[No Variations]"
Add component (AddParameter): Name = "Value1"; Value = "1%"; VariantName = "[No Variations]"
Add component (AddParameter): Name = "Value2"; Value = "0.1W"; VariantName = "[No Variations]"
Add component (AddParameter): Name = "Value_Code"; Value = "10k0"; VariantName = "[No Variations]"
Add component (AddParameter): Name = "ValueDisplayed"; Value = "10.0k"; VariantName = "[No Variations]"
Add component (AddParameter): Name = "VDC_V"; Value = "50V"; VariantName = "[No Variations]"
Added Component: Designator=R26(0402)
Add component (AddParameter): Name = "AEC Category"; Value = "Q200"; VariantName = "[No Variations]"
Add component (AddParameter): Name = "AEC Grade"; Value = ""; VariantName = "[No Variations]"
Add component (AddParameter): Name = "AEC Qualified"; Value = "?"; VariantName = "[No Variations]"
Add component (AddParameter): Name = "Alternate Manufacturer"; Value = ""; VariantName = "[No Variations]"
Add component (AddParameter): Name = "Alternate PartNumber"; Value = ""; VariantName = "[No Variations]"
Add component (AddParameter): Name = "ComponentLink1Description"; Value = "Datasheet link"; VariantName = "[No Variations]"
Add component (AddParameter): Name = "ComponentLink1URL"; Value = "http://industrial.panasonic.com/www-data/pdf/AOA0000/AOA0000CE2.pdf"; VariantName = "[No Variations]"
Add component (AddParameter): Name = "CompType"; Value = "Resistor"; VariantName = "[No Variations]"
Add component (AddParameter): Name = "EIA_Code"; Value = "E96"; VariantName = "[No Variations]"
Add component (AddParameter): Name = "LatestRevisionDate"; Value = "2017-03-09"; VariantName = "[No Variations]"
Add component (AddParameter): Name = "Manufacturer"; Value = "Panasonic"; VariantName = "[No Variations]"
Add component (AddParameter): Name = "MountType"; Value = "SMT"; VariantName = "[No Variations]"
Add component (AddParameter): Name = "PackageReference"; Value = "0402"; VariantName = "[No Variations]"
Add component (AddParameter): Name = "PartNumber"; Value = "ERJ-2RKF1002X"; VariantName = "[No Variations]"
Add component (AddParameter): Name = "Power_W"; Value = "100mW"; VariantName = "[No Variations]"
Add component (AddParameter): Name = "Published"; Value = "2008-06-26"; VariantName = "[No Variations]"
Add component (AddParameter): Name = "Publisher"; Value = "Texas Instruments"; VariantName = "[No Variations]"
Add component (AddParameter): Name = "Res_ohm"; Value = "10k"; VariantName = "[No Variations]"
Add component (AddParameter): Name = "RoHS"; Value = "Y"; VariantName = "[No Variations]"
Add component (AddParameter): Name = "SizeArea_mm2"; Value = "0.5"; VariantName = "[No Variations]"
Add component (AddParameter): Name = "SizeX_mm"; Value = "1"; VariantName = "[No Variations]"
Add component (AddParameter): Name = "SizeY_mm"; Value = "0.5"; VariantName = "[No Variations]"
Add component (AddParameter): Name = "SizeZ_mm"; Value = "0.6"; VariantName = "[No Variations]"
Add component (AddParameter): Name = "Supplier 1"; Value = "Digi-Key"; VariantName = "[No Variations]"
Add component (AddParameter): Name = "Supplier 2"; Value = "Newark"; VariantName = "[No Variations]"
Add component (AddParameter): Name = "Supplier 3"; Value = "Mouser"; VariantName = "[No Variations]"
Add component (AddParameter): Name = "Supplier Part Number 1"; Value = "P10.0KLCT-ND"; VariantName = "[No Variations]"
Add component (AddParameter): Name = "Supplier Part Number 2"; Value = "90W2949"; VariantName = "[No Variations]"
Add component (AddParameter): Name = "Supplier Part Number 3"; Value = "667-ERJ-2RKF1002X"; VariantName = "[No Variations]"
Add component (AddParameter): Name = "Technology"; Value = "Thick Film"; VariantName = "[No Variations]"
Add component (AddParameter): Name = "TempCo"; Value = "100 ppm/C"; VariantName = "[No Variations]"
Add component (AddParameter): Name = "Tolerance_%"; Value = "1%"; VariantName = "[No Variations]"
Add component (AddParameter): Name = "U/M"; Value = "EA"; VariantName = "[No Variations]"
Add component (AddParameter): Name = "Value"; Value = "10.0k"; VariantName = "[No Variations]"
Add component (AddParameter): Name = "Value1"; Value = "1%"; VariantName = "[No Variations]"
Add component (AddParameter): Name = "Value2"; Value = "0.1W"; VariantName = "[No Variations]"
Add component (AddParameter): Name = "Value_Code"; Value = "10k0"; VariantName = "[No Variations]"
Add component (AddParameter): Name = "ValueDisplayed"; Value = "10.0k"; VariantName = "[No Variations]"
Add component (AddParameter): Name = "VDC_V"; Value = "50V"; VariantName = "[No Variations]"
Added Component: Designator=R27(0402)
Add component (AddParameter): Name = "AEC Category"; Value = "Q200"; VariantName = "[No Variations]"
Add component (AddParameter): Name = "AEC Grade"; Value = ""; VariantName = "[No Variations]"
Add component (AddParameter): Name = "AEC Qualified"; Value = "?"; VariantName = "[No Variations]"
Add component (AddParameter): Name = "Alternate Manufacturer"; Value = ""; VariantName = "[No Variations]"
Add component (AddParameter): Name = "Alternate PartNumber"; Value = ""; VariantName = "[No Variations]"
Add component (AddParameter): Name = "ComponentLink1Description"; Value = "Datasheet link"; VariantName = "[No Variations]"
Add component (AddParameter): Name = "ComponentLink1URL"; Value = "http://industrial.panasonic.com/www-data/pdf/AOA0000/AOA0000CE2.pdf"; VariantName = "[No Variations]"
Add component (AddParameter): Name = "CompType"; Value = "Resistor"; VariantName = "[No Variations]"
Add component (AddParameter): Name = "EIA_Code"; Value = "E96"; VariantName = "[No Variations]"
Add component (AddParameter): Name = "LatestRevisionDate"; Value = "2017-03-09"; VariantName = "[No Variations]"
Add component (AddParameter): Name = "Manufacturer"; Value = "Panasonic"; VariantName = "[No Variations]"
Add component (AddParameter): Name = "MountType"; Value = "SMT"; VariantName = "[No Variations]"
Add component (AddParameter): Name = "PackageReference"; Value = "0402"; VariantName = "[No Variations]"
Add component (AddParameter): Name = "PartNumber"; Value = "ERJ-2RKF1002X"; VariantName = "[No Variations]"
Add component (AddParameter): Name = "Power_W"; Value = "100mW"; VariantName = "[No Variations]"
Add component (AddParameter): Name = "Published"; Value = "2008-06-26"; VariantName = "[No Variations]"
Add component (AddParameter): Name = "Publisher"; Value = "Texas Instruments"; VariantName = "[No Variations]"
Add component (AddParameter): Name = "Res_ohm"; Value = "10k"; VariantName = "[No Variations]"
Add component (AddParameter): Name = "RoHS"; Value = "Y"; VariantName = "[No Variations]"
Add component (AddParameter): Name = "SizeArea_mm2"; Value = "0.5"; VariantName = "[No Variations]"
Add component (AddParameter): Name = "SizeX_mm"; Value = "1"; VariantName = "[No Variations]"
Add component (AddParameter): Name = "SizeY_mm"; Value = "0.5"; VariantName = "[No Variations]"
Add component (AddParameter): Name = "SizeZ_mm"; Value = "0.6"; VariantName = "[No Variations]"
Add component (AddParameter): Name = "Supplier 1"; Value = "Digi-Key"; VariantName = "[No Variations]"
Add component (AddParameter): Name = "Supplier 2"; Value = "Newark"; VariantName = "[No Variations]"
Add component (AddParameter): Name = "Supplier 3"; Value = "Mouser"; VariantName = "[No Variations]"
Add component (AddParameter): Name = "Supplier Part Number 1"; Value = "P10.0KLCT-ND"; VariantName = "[No Variations]"
Add component (AddParameter): Name = "Supplier Part Number 2"; Value = "90W2949"; VariantName = "[No Variations]"
Add component (AddParameter): Name = "Supplier Part Number 3"; Value = "667-ERJ-2RKF1002X"; VariantName = "[No Variations]"
Add component (AddParameter): Name = "Technology"; Value = "Thick Film"; VariantName = "[No Variations]"
Add component (AddParameter): Name = "TempCo"; Value = "100 ppm/C"; VariantName = "[No Variations]"
Add component (AddParameter): Name = "Tolerance_%"; Value = "1%"; VariantName = "[No Variations]"
Add component (AddParameter): Name = "U/M"; Value = "EA"; VariantName = "[No Variations]"
Add component (AddParameter): Name = "Value"; Value = "10.0k"; VariantName = "[No Variations]"
Add component (AddParameter): Name = "Value1"; Value = "1%"; VariantName = "[No Variations]"
Add component (AddParameter): Name = "Value2"; Value = "0.1W"; VariantName = "[No Variations]"
Add component (AddParameter): Name = "Value_Code"; Value = "10k0"; VariantName = "[No Variations]"
Add component (AddParameter): Name = "ValueDisplayed"; Value = "10.0k"; VariantName = "[No Variations]"
Add component (AddParameter): Name = "VDC_V"; Value = "50V"; VariantName = "[No Variations]"
Added Component: Designator=R28(0402)
Add component (AddParameter): Name = "AEC Category"; Value = "Q200"; VariantName = "[No Variations]"
Add component (AddParameter): Name = "AEC Grade"; Value = ""; VariantName = "[No Variations]"
Add component (AddParameter): Name = "AEC Qualified"; Value = "?"; VariantName = "[No Variations]"
Add component (AddParameter): Name = "Alternate Manufacturer"; Value = ""; VariantName = "[No Variations]"
Add component (AddParameter): Name = "Alternate PartNumber"; Value = ""; VariantName = "[No Variations]"
Add component (AddParameter): Name = "ComponentLink1Description"; Value = "Datasheet link"; VariantName = "[No Variations]"
Add component (AddParameter): Name = "ComponentLink1URL"; Value = "http://industrial.panasonic.com/www-data/pdf/AOA0000/AOA0000CE2.pdf"; VariantName = "[No Variations]"
Add component (AddParameter): Name = "CompType"; Value = "Resistor"; VariantName = "[No Variations]"
Add component (AddParameter): Name = "EIA_Code"; Value = "E96"; VariantName = "[No Variations]"
Add component (AddParameter): Name = "LatestRevisionDate"; Value = "2017-03-09"; VariantName = "[No Variations]"
Add component (AddParameter): Name = "Manufacturer"; Value = "Panasonic"; VariantName = "[No Variations]"
Add component (AddParameter): Name = "MountType"; Value = "SMT"; VariantName = "[No Variations]"
Add component (AddParameter): Name = "PackageReference"; Value = "0402"; VariantName = "[No Variations]"
Add component (AddParameter): Name = "PartNumber"; Value = "ERJ-2RKF1002X"; VariantName = "[No Variations]"
Add component (AddParameter): Name = "Power_W"; Value = "100mW"; VariantName = "[No Variations]"
Add component (AddParameter): Name = "Published"; Value = "2008-06-26"; VariantName = "[No Variations]"
Add component (AddParameter): Name = "Publisher"; Value = "Texas Instruments"; VariantName = "[No Variations]"
Add component (AddParameter): Name = "Res_ohm"; Value = "10k"; VariantName = "[No Variations]"
Add component (AddParameter): Name = "RoHS"; Value = "Y"; VariantName = "[No Variations]"
Add component (AddParameter): Name = "SizeArea_mm2"; Value = "0.5"; VariantName = "[No Variations]"
Add component (AddParameter): Name = "SizeX_mm"; Value = "1"; VariantName = "[No Variations]"
Add component (AddParameter): Name = "SizeY_mm"; Value = "0.5"; VariantName = "[No Variations]"
Add component (AddParameter): Name = "SizeZ_mm"; Value = "0.6"; VariantName = "[No Variations]"
Add component (AddParameter): Name = "Supplier 1"; Value = "Digi-Key"; VariantName = "[No Variations]"
Add component (AddParameter): Name = "Supplier 2"; Value = "Newark"; VariantName = "[No Variations]"
Add component (AddParameter): Name = "Supplier 3"; Value = "Mouser"; VariantName = "[No Variations]"
Add component (AddParameter): Name = "Supplier Part Number 1"; Value = "P10.0KLCT-ND"; VariantName = "[No Variations]"
Add component (AddParameter): Name = "Supplier Part Number 2"; Value = "90W2949"; VariantName = "[No Variations]"
Add component (AddParameter): Name = "Supplier Part Number 3"; Value = "667-ERJ-2RKF1002X"; VariantName = "[No Variations]"
Add component (AddParameter): Name = "Technology"; Value = "Thick Film"; VariantName = "[No Variations]"
Add component (AddParameter): Name = "TempCo"; Value = "100 ppm/C"; VariantName = "[No Variations]"
Add component (AddParameter): Name = "Tolerance_%"; Value = "1%"; VariantName = "[No Variations]"
Add component (AddParameter): Name = "U/M"; Value = "EA"; VariantName = "[No Variations]"
Add component (AddParameter): Name = "Value"; Value = "10.0k"; VariantName = "[No Variations]"
Add component (AddParameter): Name = "Value1"; Value = "1%"; VariantName = "[No Variations]"
Add component (AddParameter): Name = "Value2"; Value = "0.1W"; VariantName = "[No Variations]"
Add component (AddParameter): Name = "Value_Code"; Value = "10k0"; VariantName = "[No Variations]"
Add component (AddParameter): Name = "ValueDisplayed"; Value = "10.0k"; VariantName = "[No Variations]"
Add component (AddParameter): Name = "VDC_V"; Value = "50V"; VariantName = "[No Variations]"
Added Component: Designator=R29(0402)
Add component (AddParameter): Name = "AEC Category"; Value = "Q200"; VariantName = "[No Variations]"
Add component (AddParameter): Name = "AEC Grade"; Value = ""; VariantName = "[No Variations]"
Add component (AddParameter): Name = "AEC Qualified"; Value = "?"; VariantName = "[No Variations]"
Add component (AddParameter): Name = "Alternate Manufacturer"; Value = ""; VariantName = "[No Variations]"
Add component (AddParameter): Name = "Alternate PartNumber"; Value = ""; VariantName = "[No Variations]"
Add component (AddParameter): Name = "ComponentLink1Description"; Value = "Datasheet link"; VariantName = "[No Variations]"
Add component (AddParameter): Name = "ComponentLink1URL"; Value = "http://industrial.panasonic.com/www-data/pdf/AOA0000/AOA0000CE2.pdf"; VariantName = "[No Variations]"
Add component (AddParameter): Name = "CompType"; Value = "Resistor"; VariantName = "[No Variations]"
Add component (AddParameter): Name = "EIA_Code"; Value = "E96"; VariantName = "[No Variations]"
Add component (AddParameter): Name = "LatestRevisionDate"; Value = "2017-03-09"; VariantName = "[No Variations]"
Add component (AddParameter): Name = "Manufacturer"; Value = "Panasonic"; VariantName = "[No Variations]"
Add component (AddParameter): Name = "MountType"; Value = "SMT"; VariantName = "[No Variations]"
Add component (AddParameter): Name = "PackageReference"; Value = "0402"; VariantName = "[No Variations]"
Add component (AddParameter): Name = "PartNumber"; Value = "ERJ-2RKF1002X"; VariantName = "[No Variations]"
Add component (AddParameter): Name = "Power_W"; Value = "100mW"; VariantName = "[No Variations]"
Add component (AddParameter): Name = "Published"; Value = "2008-06-26"; VariantName = "[No Variations]"
Add component (AddParameter): Name = "Publisher"; Value = "Texas Instruments"; VariantName = "[No Variations]"
Add component (AddParameter): Name = "Res_ohm"; Value = "10k"; VariantName = "[No Variations]"
Add component (AddParameter): Name = "RoHS"; Value = "Y"; VariantName = "[No Variations]"
Add component (AddParameter): Name = "SizeArea_mm2"; Value = "0.5"; VariantName = "[No Variations]"
Add component (AddParameter): Name = "SizeX_mm"; Value = "1"; VariantName = "[No Variations]"
Add component (AddParameter): Name = "SizeY_mm"; Value = "0.5"; VariantName = "[No Variations]"
Add component (AddParameter): Name = "SizeZ_mm"; Value = "0.6"; VariantName = "[No Variations]"
Add component (AddParameter): Name = "Supplier 1"; Value = "Digi-Key"; VariantName = "[No Variations]"
Add component (AddParameter): Name = "Supplier 2"; Value = "Newark"; VariantName = "[No Variations]"
Add component (AddParameter): Name = "Supplier 3"; Value = "Mouser"; VariantName = "[No Variations]"
Add component (AddParameter): Name = "Supplier Part Number 1"; Value = "P10.0KLCT-ND"; VariantName = "[No Variations]"
Add component (AddParameter): Name = "Supplier Part Number 2"; Value = "90W2949"; VariantName = "[No Variations]"
Add component (AddParameter): Name = "Supplier Part Number 3"; Value = "667-ERJ-2RKF1002X"; VariantName = "[No Variations]"
Add component (AddParameter): Name = "Technology"; Value = "Thick Film"; VariantName = "[No Variations]"
Add component (AddParameter): Name = "TempCo"; Value = "100 ppm/C"; VariantName = "[No Variations]"
Add component (AddParameter): Name = "Tolerance_%"; Value = "1%"; VariantName = "[No Variations]"
Add component (AddParameter): Name = "U/M"; Value = "EA"; VariantName = "[No Variations]"
Add component (AddParameter): Name = "Value"; Value = "10.0k"; VariantName = "[No Variations]"
Add component (AddParameter): Name = "Value1"; Value = "1%"; VariantName = "[No Variations]"
Add component (AddParameter): Name = "Value2"; Value = "0.1W"; VariantName = "[No Variations]"
Add component (AddParameter): Name = "Value_Code"; Value = "10k0"; VariantName = "[No Variations]"
Add component (AddParameter): Name = "ValueDisplayed"; Value = "10.0k"; VariantName = "[No Variations]"
Add component (AddParameter): Name = "VDC_V"; Value = "50V"; VariantName = "[No Variations]"
Added Component: Designator=R30(0402)
Add component (AddParameter): Name = "AEC Category"; Value = "Q200"; VariantName = "[No Variations]"
Add component (AddParameter): Name = "AEC Grade"; Value = ""; VariantName = "[No Variations]"
Add component (AddParameter): Name = "AEC Qualified"; Value = "?"; VariantName = "[No Variations]"
Add component (AddParameter): Name = "Alternate Manufacturer"; Value = ""; VariantName = "[No Variations]"
Add component (AddParameter): Name = "Alternate PartNumber"; Value = ""; VariantName = "[No Variations]"
Add component (AddParameter): Name = "ComponentLink1Description"; Value = "Datasheet link"; VariantName = "[No Variations]"
Add component (AddParameter): Name = "ComponentLink1URL"; Value = "http://industrial.panasonic.com/www-data/pdf/AOA0000/AOA0000CE2.pdf"; VariantName = "[No Variations]"
Add component (AddParameter): Name = "CompType"; Value = "Resistor"; VariantName = "[No Variations]"
Add component (AddParameter): Name = "EIA_Code"; Value = "E96"; VariantName = "[No Variations]"
Add component (AddParameter): Name = "LatestRevisionDate"; Value = "2017-03-09"; VariantName = "[No Variations]"
Add component (AddParameter): Name = "Manufacturer"; Value = "Panasonic"; VariantName = "[No Variations]"
Add component (AddParameter): Name = "MountType"; Value = "SMT"; VariantName = "[No Variations]"
Add component (AddParameter): Name = "PackageReference"; Value = "0402"; VariantName = "[No Variations]"
Add component (AddParameter): Name = "PartNumber"; Value = "ERJ-2RKF1002X"; VariantName = "[No Variations]"
Add component (AddParameter): Name = "Power_W"; Value = "100mW"; VariantName = "[No Variations]"
Add component (AddParameter): Name = "Published"; Value = "2008-06-26"; VariantName = "[No Variations]"
Add component (AddParameter): Name = "Publisher"; Value = "Texas Instruments"; VariantName = "[No Variations]"
Add component (AddParameter): Name = "Res_ohm"; Value = "10k"; VariantName = "[No Variations]"
Add component (AddParameter): Name = "RoHS"; Value = "Y"; VariantName = "[No Variations]"
Add component (AddParameter): Name = "SizeArea_mm2"; Value = "0.5"; VariantName = "[No Variations]"
Add component (AddParameter): Name = "SizeX_mm"; Value = "1"; VariantName = "[No Variations]"
Add component (AddParameter): Name = "SizeY_mm"; Value = "0.5"; VariantName = "[No Variations]"
Add component (AddParameter): Name = "SizeZ_mm"; Value = "0.6"; VariantName = "[No Variations]"
Add component (AddParameter): Name = "Supplier 1"; Value = "Digi-Key"; VariantName = "[No Variations]"
Add component (AddParameter): Name = "Supplier 2"; Value = "Newark"; VariantName = "[No Variations]"
Add component (AddParameter): Name = "Supplier 3"; Value = "Mouser"; VariantName = "[No Variations]"
Add component (AddParameter): Name = "Supplier Part Number 1"; Value = "P10.0KLCT-ND"; VariantName = "[No Variations]"
Add component (AddParameter): Name = "Supplier Part Number 2"; Value = "90W2949"; VariantName = "[No Variations]"
Add component (AddParameter): Name = "Supplier Part Number 3"; Value = "667-ERJ-2RKF1002X"; VariantName = "[No Variations]"
Add component (AddParameter): Name = "Technology"; Value = "Thick Film"; VariantName = "[No Variations]"
Add component (AddParameter): Name = "TempCo"; Value = "100 ppm/C"; VariantName = "[No Variations]"
Add component (AddParameter): Name = "Tolerance_%"; Value = "1%"; VariantName = "[No Variations]"
Add component (AddParameter): Name = "U/M"; Value = "EA"; VariantName = "[No Variations]"
Add component (AddParameter): Name = "Value"; Value = "10.0k"; VariantName = "[No Variations]"
Add component (AddParameter): Name = "Value1"; Value = "1%"; VariantName = "[No Variations]"
Add component (AddParameter): Name = "Value2"; Value = "0.1W"; VariantName = "[No Variations]"
Add component (AddParameter): Name = "Value_Code"; Value = "10k0"; VariantName = "[No Variations]"
Add component (AddParameter): Name = "ValueDisplayed"; Value = "10.0k"; VariantName = "[No Variations]"
Add component (AddParameter): Name = "VDC_V"; Value = "50V"; VariantName = "[No Variations]"
Added Component: Designator=R31(0402)
Add component (AddParameter): Name = "AEC Category"; Value = "Q200"; VariantName = "[No Variations]"
Add component (AddParameter): Name = "AEC Grade"; Value = ""; VariantName = "[No Variations]"
Add component (AddParameter): Name = "AEC Qualified"; Value = "?"; VariantName = "[No Variations]"
Add component (AddParameter): Name = "Alternate Manufacturer"; Value = ""; VariantName = "[No Variations]"
Add component (AddParameter): Name = "Alternate PartNumber"; Value = ""; VariantName = "[No Variations]"
Add component (AddParameter): Name = "ComponentLink1Description"; Value = "Datasheet link"; VariantName = "[No Variations]"
Add component (AddParameter): Name = "ComponentLink1URL"; Value = "http://industrial.panasonic.com/www-data/pdf/AOA0000/AOA0000CE2.pdf"; VariantName = "[No Variations]"
Add component (AddParameter): Name = "CompType"; Value = "Resistor"; VariantName = "[No Variations]"
Add component (AddParameter): Name = "EIA_Code"; Value = "E96"; VariantName = "[No Variations]"
Add component (AddParameter): Name = "LatestRevisionDate"; Value = "2017-03-09"; VariantName = "[No Variations]"
Add component (AddParameter): Name = "Manufacturer"; Value = "Panasonic"; VariantName = "[No Variations]"
Add component (AddParameter): Name = "MountType"; Value = "SMT"; VariantName = "[No Variations]"
Add component (AddParameter): Name = "PackageReference"; Value = "0402"; VariantName = "[No Variations]"
Add component (AddParameter): Name = "PartNumber"; Value = "ERJ-2RKF1002X"; VariantName = "[No Variations]"
Add component (AddParameter): Name = "Power_W"; Value = "100mW"; VariantName = "[No Variations]"
Add component (AddParameter): Name = "Published"; Value = "2008-06-26"; VariantName = "[No Variations]"
Add component (AddParameter): Name = "Publisher"; Value = "Texas Instruments"; VariantName = "[No Variations]"
Add component (AddParameter): Name = "Res_ohm"; Value = "10k"; VariantName = "[No Variations]"
Add component (AddParameter): Name = "RoHS"; Value = "Y"; VariantName = "[No Variations]"
Add component (AddParameter): Name = "SizeArea_mm2"; Value = "0.5"; VariantName = "[No Variations]"
Add component (AddParameter): Name = "SizeX_mm"; Value = "1"; VariantName = "[No Variations]"
Add component (AddParameter): Name = "SizeY_mm"; Value = "0.5"; VariantName = "[No Variations]"
Add component (AddParameter): Name = "SizeZ_mm"; Value = "0.6"; VariantName = "[No Variations]"
Add component (AddParameter): Name = "Supplier 1"; Value = "Digi-Key"; VariantName = "[No Variations]"
Add component (AddParameter): Name = "Supplier 2"; Value = "Newark"; VariantName = "[No Variations]"
Add component (AddParameter): Name = "Supplier 3"; Value = "Mouser"; VariantName = "[No Variations]"
Add component (AddParameter): Name = "Supplier Part Number 1"; Value = "P10.0KLCT-ND"; VariantName = "[No Variations]"
Add component (AddParameter): Name = "Supplier Part Number 2"; Value = "90W2949"; VariantName = "[No Variations]"
Add component (AddParameter): Name = "Supplier Part Number 3"; Value = "667-ERJ-2RKF1002X"; VariantName = "[No Variations]"
Add component (AddParameter): Name = "Technology"; Value = "Thick Film"; VariantName = "[No Variations]"
Add component (AddParameter): Name = "TempCo"; Value = "100 ppm/C"; VariantName = "[No Variations]"
Add component (AddParameter): Name = "Tolerance_%"; Value = "1%"; VariantName = "[No Variations]"
Add component (AddParameter): Name = "U/M"; Value = "EA"; VariantName = "[No Variations]"
Add component (AddParameter): Name = "Value"; Value = "10.0k"; VariantName = "[No Variations]"
Add component (AddParameter): Name = "Value1"; Value = "1%"; VariantName = "[No Variations]"
Add component (AddParameter): Name = "Value2"; Value = "0.1W"; VariantName = "[No Variations]"
Add component (AddParameter): Name = "Value_Code"; Value = "10k0"; VariantName = "[No Variations]"
Add component (AddParameter): Name = "ValueDisplayed"; Value = "10.0k"; VariantName = "[No Variations]"
Add component (AddParameter): Name = "VDC_V"; Value = "50V"; VariantName = "[No Variations]"
Added Component: Designator=R38(0402)
Add component (AddParameter): Name = "AEC Category"; Value = "Q200"; VariantName = "[No Variations]"
Add component (AddParameter): Name = "AEC Grade"; Value = "0"; VariantName = "[No Variations]"
Add component (AddParameter): Name = "AEC Qualified"; Value = "Y"; VariantName = "[No Variations]"
Add component (AddParameter): Name = "Alternate Manufacturer"; Value = ""; VariantName = "[No Variations]"
Add component (AddParameter): Name = "Alternate PartNumber"; Value = ""; VariantName = "[No Variations]"
Add component (AddParameter): Name = "ComponentLink1Description"; Value = "Datasheet link"; VariantName = "[No Variations]"
Add component (AddParameter): Name = "ComponentLink1URL"; Value = "http://www.vishay.com/docs/20035/dcrcwe3.pdf"; VariantName = "[No Variations]"
Add component (AddParameter): Name = "CompType"; Value = "Resistor"; VariantName = "[No Variations]"
Add component (AddParameter): Name = "EIA_Code"; Value = "E96"; VariantName = "[No Variations]"
Add component (AddParameter): Name = "Green_EU RoHS"; Value = ""; VariantName = "[No Variations]"
Add component (AddParameter): Name = "Green_EU RoHS-2"; Value = ""; VariantName = "[No Variations]"
Add component (AddParameter): Name = "Green_Lifecycle"; Value = ""; VariantName = "[No Variations]"
Add component (AddParameter): Name = "Green_REACh"; Value = ""; VariantName = "[No Variations]"
Add component (AddParameter): Name = "Manufacturer"; Value = "Vishay-Dale"; VariantName = "[No Variations]"
Add component (AddParameter): Name = "MountType"; Value = "SMT"; VariantName = "[No Variations]"
Add component (AddParameter): Name = "PackageReference"; Value = "0402"; VariantName = "[No Variations]"
Add component (AddParameter): Name = "PartNumber"; Value = "CRCW040247K5FKED"; VariantName = "[No Variations]"
Add component (AddParameter): Name = "Power_W"; Value = "63mW"; VariantName = "[No Variations]"
Add component (AddParameter): Name = "Res_ohm"; Value = "47.5k"; VariantName = "[No Variations]"
Add component (AddParameter): Name = "RoHS"; Value = "E"; VariantName = "[No Variations]"
Add component (AddParameter): Name = "SizeArea_mm2"; Value = "0.5"; VariantName = "[No Variations]"
Add component (AddParameter): Name = "SizeX_mm"; Value = "1"; VariantName = "[No Variations]"
Add component (AddParameter): Name = "SizeY_mm"; Value = "0.5"; VariantName = "[No Variations]"
Add component (AddParameter): Name = "SizeZ_mm"; Value = "0.6"; VariantName = "[No Variations]"
Add component (AddParameter): Name = "Supplier 1"; Value = "Digi-Key"; VariantName = "[No Variations]"
Add component (AddParameter): Name = "Supplier 2"; Value = "Newark"; VariantName = "[No Variations]"
Add component (AddParameter): Name = "Supplier 3"; Value = "Mouser"; VariantName = "[No Variations]"
Add component (AddParameter): Name = "Supplier Part Number 1"; Value = "541-47.5KLCT-ND"; VariantName = "[No Variations]"
Add component (AddParameter): Name = "Supplier Part Number 2"; Value = "52K7100"; VariantName = "[No Variations]"
Add component (AddParameter): Name = "Supplier Part Number 3"; Value = "71-CRCW0402-47.5K-E3"; VariantName = "[No Variations]"
Add component (AddParameter): Name = "Technology"; Value = "Thick Film"; VariantName = "[No Variations]"
Add component (AddParameter): Name = "TempCo"; Value = "100 ppm/C"; VariantName = "[No Variations]"
Add component (AddParameter): Name = "Tolerance_%"; Value = "1%"; VariantName = "[No Variations]"
Add component (AddParameter): Name = "Value"; Value = "47.5k"; VariantName = "[No Variations]"
Add component (AddParameter): Name = "Value1"; Value = "1%"; VariantName = "[No Variations]"
Add component (AddParameter): Name = "Value2"; Value = "0.063W"; VariantName = "[No Variations]"
Add component (AddParameter): Name = "Value_Code"; Value = "47k5"; VariantName = "[No Variations]"
Add component (AddParameter): Name = "ValueDisplayed"; Value = "47.5k"; VariantName = "[No Variations]"
Add component (AddParameter): Name = "VDC_V"; Value = "50V"; VariantName = "[No Variations]"
Added Component: Designator=R44(0402L)
Add component (AddParameter): Name = "AEC Category"; Value = "Q200"; VariantName = "[No Variations]"
Add component (AddParameter): Name = "AEC Grade"; Value = "0"; VariantName = "[No Variations]"
Add component (AddParameter): Name = "AEC Qualified"; Value = "Y"; VariantName = "[No Variations]"
Add component (AddParameter): Name = "Alternate Manufacturer"; Value = ""; VariantName = "[No Variations]"
Add component (AddParameter): Name = "Alternate PartNumber"; Value = ""; VariantName = "[No Variations]"
Add component (AddParameter): Name = "ComponentLink1Description"; Value = "Datasheet link"; VariantName = "[No Variations]"
Add component (AddParameter): Name = "ComponentLink1URL"; Value = "http://www.vishay.com/docs/20035/dcrcwe3.pdf"; VariantName = "[No Variations]"
Add component (AddParameter): Name = "CompType"; Value = "Resistor"; VariantName = "[No Variations]"
Add component (AddParameter): Name = "EIA_Code"; Value = "E96"; VariantName = "[No Variations]"
Add component (AddParameter): Name = "Green_EU RoHS"; Value = ""; VariantName = "[No Variations]"
Add component (AddParameter): Name = "Green_EU RoHS-2"; Value = ""; VariantName = "[No Variations]"
Add component (AddParameter): Name = "Green_Lifecycle"; Value = ""; VariantName = "[No Variations]"
Add component (AddParameter): Name = "Green_REACh"; Value = ""; VariantName = "[No Variations]"
Add component (AddParameter): Name = "Manufacturer"; Value = "Vishay-Dale"; VariantName = "[No Variations]"
Add component (AddParameter): Name = "MountType"; Value = "SMT"; VariantName = "[No Variations]"
Add component (AddParameter): Name = "PackageReference"; Value = "0402"; VariantName = "[No Variations]"
Add component (AddParameter): Name = "PartNumber"; Value = "CRCW040210K0FKED"; VariantName = "[No Variations]"
Add component (AddParameter): Name = "Power_W"; Value = "63mW"; VariantName = "[No Variations]"
Add component (AddParameter): Name = "Res_ohm"; Value = "10k"; VariantName = "[No Variations]"
Add component (AddParameter): Name = "RoHS"; Value = "E"; VariantName = "[No Variations]"
Add component (AddParameter): Name = "SizeArea_mm2"; Value = "0.5"; VariantName = "[No Variations]"
Add component (AddParameter): Name = "SizeX_mm"; Value = "1"; VariantName = "[No Variations]"
Add component (AddParameter): Name = "SizeY_mm"; Value = "0.5"; VariantName = "[No Variations]"
Add component (AddParameter): Name = "SizeZ_mm"; Value = "0.6"; VariantName = "[No Variations]"
Add component (AddParameter): Name = "Supplier 1"; Value = "Digi-Key"; VariantName = "[No Variations]"
Add component (AddParameter): Name = "Supplier 2"; Value = "Newark"; VariantName = "[No Variations]"
Add component (AddParameter): Name = "Supplier 3"; Value = "Mouser"; VariantName = "[No Variations]"
Add component (AddParameter): Name = "Supplier Part Number 1"; Value = "541-10.0KLCT-ND"; VariantName = "[No Variations]"
Add component (AddParameter): Name = "Supplier Part Number 2"; Value = "52K6595"; VariantName = "[No Variations]"
Add component (AddParameter): Name = "Supplier Part Number 3"; Value = "71-CRCW0402-10K-E3"; VariantName = "[No Variations]"
Add component (AddParameter): Name = "Technology"; Value = "Thick Film"; VariantName = "[No Variations]"
Add component (AddParameter): Name = "TempCo"; Value = "100 ppm/C"; VariantName = "[No Variations]"
Add component (AddParameter): Name = "Tolerance_%"; Value = "1%"; VariantName = "[No Variations]"
Add component (AddParameter): Name = "Value"; Value = "10.0k"; VariantName = "[No Variations]"
Add component (AddParameter): Name = "Value1"; Value = "1%"; VariantName = "[No Variations]"
Add component (AddParameter): Name = "Value2"; Value = "0.063W"; VariantName = "[No Variations]"
Add component (AddParameter): Name = "Value_Code"; Value = "10k0"; VariantName = "[No Variations]"
Add component (AddParameter): Name = "ValueDisplayed"; Value = "10.0k"; VariantName = "[No Variations]"
Add component (AddParameter): Name = "VDC_V"; Value = "50V"; VariantName = "[No Variations]"
Added Component: Designator=R45(0402L)
Add component (AddParameter): Name = "AEC Category"; Value = "Q200"; VariantName = "[No Variations]"
Add component (AddParameter): Name = "AEC Grade"; Value = "0"; VariantName = "[No Variations]"
Add component (AddParameter): Name = "AEC Qualified"; Value = "Y"; VariantName = "[No Variations]"
Add component (AddParameter): Name = "Alternate Manufacturer"; Value = ""; VariantName = "[No Variations]"
Add component (AddParameter): Name = "Alternate PartNumber"; Value = ""; VariantName = "[No Variations]"
Add component (AddParameter): Name = "ComponentLink1Description"; Value = "Datasheet link"; VariantName = "[No Variations]"
Add component (AddParameter): Name = "ComponentLink1URL"; Value = "http://www.vishay.com/docs/20035/dcrcwe3.pdf"; VariantName = "[No Variations]"
Add component (AddParameter): Name = "CompType"; Value = "Resistor"; VariantName = "[No Variations]"
Add component (AddParameter): Name = "EIA_Code"; Value = "E96"; VariantName = "[No Variations]"
Add component (AddParameter): Name = "Green_EU RoHS"; Value = ""; VariantName = "[No Variations]"
Add component (AddParameter): Name = "Green_EU RoHS-2"; Value = ""; VariantName = "[No Variations]"
Add component (AddParameter): Name = "Green_Lifecycle"; Value = ""; VariantName = "[No Variations]"
Add component (AddParameter): Name = "Green_REACh"; Value = ""; VariantName = "[No Variations]"
Add component (AddParameter): Name = "Manufacturer"; Value = "Vishay-Dale"; VariantName = "[No Variations]"
Add component (AddParameter): Name = "MountType"; Value = "SMT"; VariantName = "[No Variations]"
Add component (AddParameter): Name = "PackageReference"; Value = "0402"; VariantName = "[No Variations]"
Add component (AddParameter): Name = "PartNumber"; Value = "CRCW040210K0FKED"; VariantName = "[No Variations]"
Add component (AddParameter): Name = "Power_W"; Value = "63mW"; VariantName = "[No Variations]"
Add component (AddParameter): Name = "Res_ohm"; Value = "10k"; VariantName = "[No Variations]"
Add component (AddParameter): Name = "RoHS"; Value = "E"; VariantName = "[No Variations]"
Add component (AddParameter): Name = "SizeArea_mm2"; Value = "0.5"; VariantName = "[No Variations]"
Add component (AddParameter): Name = "SizeX_mm"; Value = "1"; VariantName = "[No Variations]"
Add component (AddParameter): Name = "SizeY_mm"; Value = "0.5"; VariantName = "[No Variations]"
Add component (AddParameter): Name = "SizeZ_mm"; Value = "0.6"; VariantName = "[No Variations]"
Add component (AddParameter): Name = "Supplier 1"; Value = "Digi-Key"; VariantName = "[No Variations]"
Add component (AddParameter): Name = "Supplier 2"; Value = "Newark"; VariantName = "[No Variations]"
Add component (AddParameter): Name = "Supplier 3"; Value = "Mouser"; VariantName = "[No Variations]"
Add component (AddParameter): Name = "Supplier Part Number 1"; Value = "541-10.0KLCT-ND"; VariantName = "[No Variations]"
Add component (AddParameter): Name = "Supplier Part Number 2"; Value = "52K6595"; VariantName = "[No Variations]"
Add component (AddParameter): Name = "Supplier Part Number 3"; Value = "71-CRCW0402-10K-E3"; VariantName = "[No Variations]"
Add component (AddParameter): Name = "Technology"; Value = "Thick Film"; VariantName = "[No Variations]"
Add component (AddParameter): Name = "TempCo"; Value = "100 ppm/C"; VariantName = "[No Variations]"
Add component (AddParameter): Name = "Tolerance_%"; Value = "1%"; VariantName = "[No Variations]"
Add component (AddParameter): Name = "Value"; Value = "10.0k"; VariantName = "[No Variations]"
Add component (AddParameter): Name = "Value1"; Value = "1%"; VariantName = "[No Variations]"
Add component (AddParameter): Name = "Value2"; Value = "0.063W"; VariantName = "[No Variations]"
Add component (AddParameter): Name = "Value_Code"; Value = "10k0"; VariantName = "[No Variations]"
Add component (AddParameter): Name = "ValueDisplayed"; Value = "10.0k"; VariantName = "[No Variations]"
Add component (AddParameter): Name = "VDC_V"; Value = "50V"; VariantName = "[No Variations]"
Added Component: Designator=R46(0402L)
Add component (AddParameter): Name = "AEC Category"; Value = "Q200"; VariantName = "[No Variations]"
Add component (AddParameter): Name = "AEC Grade"; Value = "0"; VariantName = "[No Variations]"
Add component (AddParameter): Name = "AEC Qualified"; Value = "Y"; VariantName = "[No Variations]"
Add component (AddParameter): Name = "Alternate Manufacturer"; Value = ""; VariantName = "[No Variations]"
Add component (AddParameter): Name = "Alternate PartNumber"; Value = ""; VariantName = "[No Variations]"
Add component (AddParameter): Name = "ComponentLink1Description"; Value = "Datasheet link"; VariantName = "[No Variations]"
Add component (AddParameter): Name = "ComponentLink1URL"; Value = "http://www.vishay.com/docs/20035/dcrcwe3.pdf"; VariantName = "[No Variations]"
Add component (AddParameter): Name = "CompType"; Value = "Resistor"; VariantName = "[No Variations]"
Add component (AddParameter): Name = "EIA_Code"; Value = "E96"; VariantName = "[No Variations]"
Add component (AddParameter): Name = "Green_EU RoHS"; Value = ""; VariantName = "[No Variations]"
Add component (AddParameter): Name = "Green_EU RoHS-2"; Value = ""; VariantName = "[No Variations]"
Add component (AddParameter): Name = "Green_Lifecycle"; Value = ""; VariantName = "[No Variations]"
Add component (AddParameter): Name = "Green_REACh"; Value = ""; VariantName = "[No Variations]"
Add component (AddParameter): Name = "Manufacturer"; Value = "Vishay-Dale"; VariantName = "[No Variations]"
Add component (AddParameter): Name = "MountType"; Value = "SMT"; VariantName = "[No Variations]"
Add component (AddParameter): Name = "PackageReference"; Value = "0402"; VariantName = "[No Variations]"
Add component (AddParameter): Name = "PartNumber"; Value = "CRCW040210K0FKED"; VariantName = "[No Variations]"
Add component (AddParameter): Name = "Power_W"; Value = "63mW"; VariantName = "[No Variations]"
Add component (AddParameter): Name = "Res_ohm"; Value = "10k"; VariantName = "[No Variations]"
Add component (AddParameter): Name = "RoHS"; Value = "E"; VariantName = "[No Variations]"
Add component (AddParameter): Name = "SizeArea_mm2"; Value = "0.5"; VariantName = "[No Variations]"
Add component (AddParameter): Name = "SizeX_mm"; Value = "1"; VariantName = "[No Variations]"
Add component (AddParameter): Name = "SizeY_mm"; Value = "0.5"; VariantName = "[No Variations]"
Add component (AddParameter): Name = "SizeZ_mm"; Value = "0.6"; VariantName = "[No Variations]"
Add component (AddParameter): Name = "Supplier 1"; Value = "Digi-Key"; VariantName = "[No Variations]"
Add component (AddParameter): Name = "Supplier 2"; Value = "Newark"; VariantName = "[No Variations]"
Add component (AddParameter): Name = "Supplier 3"; Value = "Mouser"; VariantName = "[No Variations]"
Add component (AddParameter): Name = "Supplier Part Number 1"; Value = "541-10.0KLCT-ND"; VariantName = "[No Variations]"
Add component (AddParameter): Name = "Supplier Part Number 2"; Value = "52K6595"; VariantName = "[No Variations]"
Add component (AddParameter): Name = "Supplier Part Number 3"; Value = "71-CRCW0402-10K-E3"; VariantName = "[No Variations]"
Add component (AddParameter): Name = "Technology"; Value = "Thick Film"; VariantName = "[No Variations]"
Add component (AddParameter): Name = "TempCo"; Value = "100 ppm/C"; VariantName = "[No Variations]"
Add component (AddParameter): Name = "Tolerance_%"; Value = "1%"; VariantName = "[No Variations]"
Add component (AddParameter): Name = "Value"; Value = "10.0k"; VariantName = "[No Variations]"
Add component (AddParameter): Name = "Value1"; Value = "1%"; VariantName = "[No Variations]"
Add component (AddParameter): Name = "Value2"; Value = "0.063W"; VariantName = "[No Variations]"
Add component (AddParameter): Name = "Value_Code"; Value = "10k0"; VariantName = "[No Variations]"
Add component (AddParameter): Name = "ValueDisplayed"; Value = "10.0k"; VariantName = "[No Variations]"
Add component (AddParameter): Name = "VDC_V"; Value = "50V"; VariantName = "[No Variations]"
Added Component: Designator=R47(0402)
Add component (AddParameter): Name = "AEC Category"; Value = "Q200"; VariantName = "[No Variations]"
Add component (AddParameter): Name = "AEC Grade"; Value = ""; VariantName = "[No Variations]"
Add component (AddParameter): Name = "AEC Qualified"; Value = "?"; VariantName = "[No Variations]"
Add component (AddParameter): Name = "Alternate Manufacturer"; Value = ""; VariantName = "[No Variations]"
Add component (AddParameter): Name = "Alternate PartNumber"; Value = ""; VariantName = "[No Variations]"
Add component (AddParameter): Name = "ComponentLink1Description"; Value = "Datasheet link"; VariantName = "[No Variations]"
Add component (AddParameter): Name = "ComponentLink1URL"; Value = "http://industrial.panasonic.com/www-data/pdf/AOA0000/AOA0000CE2.pdf"; VariantName = "[No Variations]"
Add component (AddParameter): Name = "CompType"; Value = "Resistor"; VariantName = "[No Variations]"
Add component (AddParameter): Name = "EIA_Code"; Value = "E96"; VariantName = "[No Variations]"
Add component (AddParameter): Name = "LatestRevisionDate"; Value = "2017-03-09"; VariantName = "[No Variations]"
Add component (AddParameter): Name = "Manufacturer"; Value = "Panasonic"; VariantName = "[No Variations]"
Add component (AddParameter): Name = "MountType"; Value = "SMT"; VariantName = "[No Variations]"
Add component (AddParameter): Name = "PackageReference"; Value = "0402"; VariantName = "[No Variations]"
Add component (AddParameter): Name = "PartNumber"; Value = "ERJ-2RKF1002X"; VariantName = "[No Variations]"
Add component (AddParameter): Name = "Power_W"; Value = "100mW"; VariantName = "[No Variations]"
Add component (AddParameter): Name = "Published"; Value = "2008-06-26"; VariantName = "[No Variations]"
Add component (AddParameter): Name = "Publisher"; Value = "Texas Instruments"; VariantName = "[No Variations]"
Add component (AddParameter): Name = "Res_ohm"; Value = "10k"; VariantName = "[No Variations]"
Add component (AddParameter): Name = "RoHS"; Value = "Y"; VariantName = "[No Variations]"
Add component (AddParameter): Name = "SizeArea_mm2"; Value = "0.5"; VariantName = "[No Variations]"
Add component (AddParameter): Name = "SizeX_mm"; Value = "1"; VariantName = "[No Variations]"
Add component (AddParameter): Name = "SizeY_mm"; Value = "0.5"; VariantName = "[No Variations]"
Add component (AddParameter): Name = "SizeZ_mm"; Value = "0.6"; VariantName = "[No Variations]"
Add component (AddParameter): Name = "Supplier 1"; Value = "Digi-Key"; VariantName = "[No Variations]"
Add component (AddParameter): Name = "Supplier 2"; Value = "Newark"; VariantName = "[No Variations]"
Add component (AddParameter): Name = "Supplier 3"; Value = "Mouser"; VariantName = "[No Variations]"
Add component (AddParameter): Name = "Supplier Part Number 1"; Value = "P10.0KLCT-ND"; VariantName = "[No Variations]"
Add component (AddParameter): Name = "Supplier Part Number 2"; Value = "90W2949"; VariantName = "[No Variations]"
Add component (AddParameter): Name = "Supplier Part Number 3"; Value = "667-ERJ-2RKF1002X"; VariantName = "[No Variations]"
Add component (AddParameter): Name = "Technology"; Value = "Thick Film"; VariantName = "[No Variations]"
Add component (AddParameter): Name = "TempCo"; Value = "100 ppm/C"; VariantName = "[No Variations]"
Add component (AddParameter): Name = "Tolerance_%"; Value = "1%"; VariantName = "[No Variations]"
Add component (AddParameter): Name = "U/M"; Value = "EA"; VariantName = "[No Variations]"
Add component (AddParameter): Name = "Value"; Value = "10.0k"; VariantName = "[No Variations]"
Add component (AddParameter): Name = "Value1"; Value = "1%"; VariantName = "[No Variations]"
Add component (AddParameter): Name = "Value2"; Value = "0.1W"; VariantName = "[No Variations]"
Add component (AddParameter): Name = "Value_Code"; Value = "10k0"; VariantName = "[No Variations]"
Add component (AddParameter): Name = "ValueDisplayed"; Value = "10.0k"; VariantName = "[No Variations]"
Add component (AddParameter): Name = "VDC_V"; Value = "50V"; VariantName = "[No Variations]"
Added Component: Designator=R48(0402)
Add component (AddParameter): Name = "AEC Category"; Value = "Q200"; VariantName = "[No Variations]"
Add component (AddParameter): Name = "AEC Grade"; Value = ""; VariantName = "[No Variations]"
Add component (AddParameter): Name = "AEC Qualified"; Value = "?"; VariantName = "[No Variations]"
Add component (AddParameter): Name = "Alternate Manufacturer"; Value = ""; VariantName = "[No Variations]"
Add component (AddParameter): Name = "Alternate PartNumber"; Value = ""; VariantName = "[No Variations]"
Add component (AddParameter): Name = "ComponentLink1Description"; Value = "Datasheet link"; VariantName = "[No Variations]"
Add component (AddParameter): Name = "ComponentLink1URL"; Value = "http://industrial.panasonic.com/www-data/pdf/AOA0000/AOA0000CE2.pdf"; VariantName = "[No Variations]"
Add component (AddParameter): Name = "CompType"; Value = "Resistor"; VariantName = "[No Variations]"
Add component (AddParameter): Name = "EIA_Code"; Value = "E96"; VariantName = "[No Variations]"
Add component (AddParameter): Name = "LatestRevisionDate"; Value = "2017-03-09"; VariantName = "[No Variations]"
Add component (AddParameter): Name = "Manufacturer"; Value = "Panasonic"; VariantName = "[No Variations]"
Add component (AddParameter): Name = "MountType"; Value = "SMT"; VariantName = "[No Variations]"
Add component (AddParameter): Name = "PackageReference"; Value = "0402"; VariantName = "[No Variations]"
Add component (AddParameter): Name = "PartNumber"; Value = "ERJ-2RKF1002X"; VariantName = "[No Variations]"
Add component (AddParameter): Name = "Power_W"; Value = "100mW"; VariantName = "[No Variations]"
Add component (AddParameter): Name = "Published"; Value = "2008-06-26"; VariantName = "[No Variations]"
Add component (AddParameter): Name = "Publisher"; Value = "Texas Instruments"; VariantName = "[No Variations]"
Add component (AddParameter): Name = "Res_ohm"; Value = "10k"; VariantName = "[No Variations]"
Add component (AddParameter): Name = "RoHS"; Value = "Y"; VariantName = "[No Variations]"
Add component (AddParameter): Name = "SizeArea_mm2"; Value = "0.5"; VariantName = "[No Variations]"
Add component (AddParameter): Name = "SizeX_mm"; Value = "1"; VariantName = "[No Variations]"
Add component (AddParameter): Name = "SizeY_mm"; Value = "0.5"; VariantName = "[No Variations]"
Add component (AddParameter): Name = "SizeZ_mm"; Value = "0.6"; VariantName = "[No Variations]"
Add component (AddParameter): Name = "Supplier 1"; Value = "Digi-Key"; VariantName = "[No Variations]"
Add component (AddParameter): Name = "Supplier 2"; Value = "Newark"; VariantName = "[No Variations]"
Add component (AddParameter): Name = "Supplier 3"; Value = "Mouser"; VariantName = "[No Variations]"
Add component (AddParameter): Name = "Supplier Part Number 1"; Value = "P10.0KLCT-ND"; VariantName = "[No Variations]"
Add component (AddParameter): Name = "Supplier Part Number 2"; Value = "90W2949"; VariantName = "[No Variations]"
Add component (AddParameter): Name = "Supplier Part Number 3"; Value = "667-ERJ-2RKF1002X"; VariantName = "[No Variations]"
Add component (AddParameter): Name = "Technology"; Value = "Thick Film"; VariantName = "[No Variations]"
Add component (AddParameter): Name = "TempCo"; Value = "100 ppm/C"; VariantName = "[No Variations]"
Add component (AddParameter): Name = "Tolerance_%"; Value = "1%"; VariantName = "[No Variations]"
Add component (AddParameter): Name = "U/M"; Value = "EA"; VariantName = "[No Variations]"
Add component (AddParameter): Name = "Value"; Value = "10.0k"; VariantName = "[No Variations]"
Add component (AddParameter): Name = "Value1"; Value = "1%"; VariantName = "[No Variations]"
Add component (AddParameter): Name = "Value2"; Value = "0.1W"; VariantName = "[No Variations]"
Add component (AddParameter): Name = "Value_Code"; Value = "10k0"; VariantName = "[No Variations]"
Add component (AddParameter): Name = "ValueDisplayed"; Value = "10.0k"; VariantName = "[No Variations]"
Add component (AddParameter): Name = "VDC_V"; Value = "50V"; VariantName = "[No Variations]"
Added Component: Designator=R75(0402)
Add component (AddParameter): Name = "AEC Category"; Value = "Q200"; VariantName = "[No Variations]"
Add component (AddParameter): Name = "AEC Grade"; Value = "0"; VariantName = "[No Variations]"
Add component (AddParameter): Name = "AEC Qualified"; Value = "Y"; VariantName = "[No Variations]"
Add component (AddParameter): Name = "Alternate Manufacturer"; Value = ""; VariantName = "[No Variations]"
Add component (AddParameter): Name = "Alternate PartNumber"; Value = ""; VariantName = "[No Variations]"
Add component (AddParameter): Name = "ComponentLink1Description"; Value = "Datasheet link"; VariantName = "[No Variations]"
Add component (AddParameter): Name = "ComponentLink1URL"; Value = "http://www.vishay.com/docs/20035/dcrcwe3.pdf"; VariantName = "[No Variations]"
Add component (AddParameter): Name = "CompType"; Value = "Resistor"; VariantName = "[No Variations]"
Add component (AddParameter): Name = "EIA_Code"; Value = "E24"; VariantName = "[No Variations]"
Add component (AddParameter): Name = "Green_EU RoHS"; Value = ""; VariantName = "[No Variations]"
Add component (AddParameter): Name = "Green_EU RoHS-2"; Value = ""; VariantName = "[No Variations]"
Add component (AddParameter): Name = "Green_Lifecycle"; Value = ""; VariantName = "[No Variations]"
Add component (AddParameter): Name = "Green_REACh"; Value = ""; VariantName = "[No Variations]"
Add component (AddParameter): Name = "Manufacturer"; Value = "Vishay-Dale"; VariantName = "[No Variations]"
Add component (AddParameter): Name = "MountType"; Value = "SMT"; VariantName = "[No Variations]"
Add component (AddParameter): Name = "PackageReference"; Value = "0402"; VariantName = "[No Variations]"
Add component (AddParameter): Name = "PartNumber"; Value = "CRCW04024K70JNED"; VariantName = "[No Variations]"
Add component (AddParameter): Name = "Power_W"; Value = "63mW"; VariantName = "[No Variations]"
Add component (AddParameter): Name = "Res_ohm"; Value = "4.7k"; VariantName = "[No Variations]"
Add component (AddParameter): Name = "RoHS"; Value = "E"; VariantName = "[No Variations]"
Add component (AddParameter): Name = "SizeArea_mm2"; Value = "0.5"; VariantName = "[No Variations]"
Add component (AddParameter): Name = "SizeX_mm"; Value = "1"; VariantName = "[No Variations]"
Add component (AddParameter): Name = "SizeY_mm"; Value = "0.5"; VariantName = "[No Variations]"
Add component (AddParameter): Name = "SizeZ_mm"; Value = "0.6"; VariantName = "[No Variations]"
Add component (AddParameter): Name = "Supplier 1"; Value = "Digi-Key"; VariantName = "[No Variations]"
Add component (AddParameter): Name = "Supplier 2"; Value = "Newark"; VariantName = "[No Variations]"
Add component (AddParameter): Name = "Supplier 3"; Value = "Mouser"; VariantName = "[No Variations]"
Add component (AddParameter): Name = "Supplier Part Number 1"; Value = "541-4.7KJCT-ND"; VariantName = "[No Variations]"
Add component (AddParameter): Name = "Supplier Part Number 2"; Value = "59M6733"; VariantName = "[No Variations]"
Add component (AddParameter): Name = "Supplier Part Number 3"; Value = "71-CRCW0402J-4.7K-E3"; VariantName = "[No Variations]"
Add component (AddParameter): Name = "Technology"; Value = "Thick Film"; VariantName = "[No Variations]"
Add component (AddParameter): Name = "TempCo"; Value = "200 ppm/C"; VariantName = "[No Variations]"
Add component (AddParameter): Name = "Tolerance_%"; Value = "5%"; VariantName = "[No Variations]"
Add component (AddParameter): Name = "Value"; Value = "4.7k"; VariantName = "[No Variations]"
Add component (AddParameter): Name = "Value1"; Value = "5%"; VariantName = "[No Variations]"
Add component (AddParameter): Name = "Value2"; Value = "0.063W"; VariantName = "[No Variations]"
Add component (AddParameter): Name = "Value_Code"; Value = "4k70"; VariantName = "[No Variations]"
Add component (AddParameter): Name = "ValueDisplayed"; Value = "4.7k"; VariantName = "[No Variations]"
Add component (AddParameter): Name = "VDC_V"; Value = "50V"; VariantName = "[No Variations]"
Added Component: Designator=R76(0402)
Add component (AddParameter): Name = "AEC Category"; Value = "Q200"; VariantName = "[No Variations]"
Add component (AddParameter): Name = "AEC Grade"; Value = "0"; VariantName = "[No Variations]"
Add component (AddParameter): Name = "AEC Qualified"; Value = "Y"; VariantName = "[No Variations]"
Add component (AddParameter): Name = "Alternate Manufacturer"; Value = ""; VariantName = "[No Variations]"
Add component (AddParameter): Name = "Alternate PartNumber"; Value = ""; VariantName = "[No Variations]"
Add component (AddParameter): Name = "ComponentLink1Description"; Value = "Datasheet link"; VariantName = "[No Variations]"
Add component (AddParameter): Name = "ComponentLink1URL"; Value = "http://www.vishay.com/docs/20035/dcrcwe3.pdf"; VariantName = "[No Variations]"
Add component (AddParameter): Name = "CompType"; Value = "Resistor"; VariantName = "[No Variations]"
Add component (AddParameter): Name = "EIA_Code"; Value = "E24"; VariantName = "[No Variations]"
Add component (AddParameter): Name = "Green_EU RoHS"; Value = ""; VariantName = "[No Variations]"
Add component (AddParameter): Name = "Green_EU RoHS-2"; Value = ""; VariantName = "[No Variations]"
Add component (AddParameter): Name = "Green_Lifecycle"; Value = ""; VariantName = "[No Variations]"
Add component (AddParameter): Name = "Green_REACh"; Value = ""; VariantName = "[No Variations]"
Add component (AddParameter): Name = "Manufacturer"; Value = "Vishay-Dale"; VariantName = "[No Variations]"
Add component (AddParameter): Name = "MountType"; Value = "SMT"; VariantName = "[No Variations]"
Add component (AddParameter): Name = "PackageReference"; Value = "0402"; VariantName = "[No Variations]"
Add component (AddParameter): Name = "PartNumber"; Value = "CRCW04024K70JNED"; VariantName = "[No Variations]"
Add component (AddParameter): Name = "Power_W"; Value = "63mW"; VariantName = "[No Variations]"
Add component (AddParameter): Name = "Res_ohm"; Value = "4.7k"; VariantName = "[No Variations]"
Add component (AddParameter): Name = "RoHS"; Value = "E"; VariantName = "[No Variations]"
Add component (AddParameter): Name = "SizeArea_mm2"; Value = "0.5"; VariantName = "[No Variations]"
Add component (AddParameter): Name = "SizeX_mm"; Value = "1"; VariantName = "[No Variations]"
Add component (AddParameter): Name = "SizeY_mm"; Value = "0.5"; VariantName = "[No Variations]"
Add component (AddParameter): Name = "SizeZ_mm"; Value = "0.6"; VariantName = "[No Variations]"
Add component (AddParameter): Name = "Supplier 1"; Value = "Digi-Key"; VariantName = "[No Variations]"
Add component (AddParameter): Name = "Supplier 2"; Value = "Newark"; VariantName = "[No Variations]"
Add component (AddParameter): Name = "Supplier 3"; Value = "Mouser"; VariantName = "[No Variations]"
Add component (AddParameter): Name = "Supplier Part Number 1"; Value = "541-4.7KJCT-ND"; VariantName = "[No Variations]"
Add component (AddParameter): Name = "Supplier Part Number 2"; Value = "59M6733"; VariantName = "[No Variations]"
Add component (AddParameter): Name = "Supplier Part Number 3"; Value = "71-CRCW0402J-4.7K-E3"; VariantName = "[No Variations]"
Add component (AddParameter): Name = "Technology"; Value = "Thick Film"; VariantName = "[No Variations]"
Add component (AddParameter): Name = "TempCo"; Value = "200 ppm/C"; VariantName = "[No Variations]"
Add component (AddParameter): Name = "Tolerance_%"; Value = "5%"; VariantName = "[No Variations]"
Add component (AddParameter): Name = "Value"; Value = "4.7k"; VariantName = "[No Variations]"
Add component (AddParameter): Name = "Value1"; Value = "5%"; VariantName = "[No Variations]"
Add component (AddParameter): Name = "Value2"; Value = "0.063W"; VariantName = "[No Variations]"
Add component (AddParameter): Name = "Value_Code"; Value = "4k70"; VariantName = "[No Variations]"
Add component (AddParameter): Name = "ValueDisplayed"; Value = "4.7k"; VariantName = "[No Variations]"
Add component (AddParameter): Name = "VDC_V"; Value = "50V"; VariantName = "[No Variations]"
Added Component: Designator=R79(0402)
Add component (AddParameter): Name = "AEC Category"; Value = "Q200"; VariantName = "[No Variations]"
Add component (AddParameter): Name = "AEC Grade"; Value = ""; VariantName = "[No Variations]"
Add component (AddParameter): Name = "AEC Qualified"; Value = "?"; VariantName = "[No Variations]"
Add component (AddParameter): Name = "Alternate Manufacturer"; Value = ""; VariantName = "[No Variations]"
Add component (AddParameter): Name = "Alternate PartNumber"; Value = ""; VariantName = "[No Variations]"
Add component (AddParameter): Name = "ComponentLink1Description"; Value = "Datasheet link"; VariantName = "[No Variations]"
Add component (AddParameter): Name = "ComponentLink1URL"; Value = "http://industrial.panasonic.com/www-data/pdf/AOA0000/AOA0000CE2.pdf"; VariantName = "[No Variations]"
Add component (AddParameter): Name = "CompType"; Value = "Resistor"; VariantName = "[No Variations]"
Add component (AddParameter): Name = "EIA_Code"; Value = "E96"; VariantName = "[No Variations]"
Add component (AddParameter): Name = "LatestRevisionDate"; Value = "2017-03-09"; VariantName = "[No Variations]"
Add component (AddParameter): Name = "Manufacturer"; Value = "Panasonic"; VariantName = "[No Variations]"
Add component (AddParameter): Name = "MountType"; Value = "SMT"; VariantName = "[No Variations]"
Add component (AddParameter): Name = "PackageReference"; Value = "0402"; VariantName = "[No Variations]"
Add component (AddParameter): Name = "PartNumber"; Value = "ERJ-2RKF1002X"; VariantName = "[No Variations]"
Add component (AddParameter): Name = "Power_W"; Value = "100mW"; VariantName = "[No Variations]"
Add component (AddParameter): Name = "Published"; Value = "2008-06-26"; VariantName = "[No Variations]"
Add component (AddParameter): Name = "Publisher"; Value = "Texas Instruments"; VariantName = "[No Variations]"
Add component (AddParameter): Name = "Res_ohm"; Value = "10k"; VariantName = "[No Variations]"
Add component (AddParameter): Name = "RoHS"; Value = "Y"; VariantName = "[No Variations]"
Add component (AddParameter): Name = "SizeArea_mm2"; Value = "0.5"; VariantName = "[No Variations]"
Add component (AddParameter): Name = "SizeX_mm"; Value = "1"; VariantName = "[No Variations]"
Add component (AddParameter): Name = "SizeY_mm"; Value = "0.5"; VariantName = "[No Variations]"
Add component (AddParameter): Name = "SizeZ_mm"; Value = "0.6"; VariantName = "[No Variations]"
Add component (AddParameter): Name = "Supplier 1"; Value = "Digi-Key"; VariantName = "[No Variations]"
Add component (AddParameter): Name = "Supplier 2"; Value = "Newark"; VariantName = "[No Variations]"
Add component (AddParameter): Name = "Supplier 3"; Value = "Mouser"; VariantName = "[No Variations]"
Add component (AddParameter): Name = "Supplier Part Number 1"; Value = "P10.0KLCT-ND"; VariantName = "[No Variations]"
Add component (AddParameter): Name = "Supplier Part Number 2"; Value = "90W2949"; VariantName = "[No Variations]"
Add component (AddParameter): Name = "Supplier Part Number 3"; Value = "667-ERJ-2RKF1002X"; VariantName = "[No Variations]"
Add component (AddParameter): Name = "Technology"; Value = "Thick Film"; VariantName = "[No Variations]"
Add component (AddParameter): Name = "TempCo"; Value = "100 ppm/C"; VariantName = "[No Variations]"
Add component (AddParameter): Name = "Tolerance_%"; Value = "1%"; VariantName = "[No Variations]"
Add component (AddParameter): Name = "U/M"; Value = "EA"; VariantName = "[No Variations]"
Add component (AddParameter): Name = "Value"; Value = "10.0k"; VariantName = "[No Variations]"
Add component (AddParameter): Name = "Value1"; Value = "1%"; VariantName = "[No Variations]"
Add component (AddParameter): Name = "Value2"; Value = "0.1W"; VariantName = "[No Variations]"
Add component (AddParameter): Name = "Value_Code"; Value = "10k0"; VariantName = "[No Variations]"
Add component (AddParameter): Name = "ValueDisplayed"; Value = "10.0k"; VariantName = "[No Variations]"
Add component (AddParameter): Name = "VDC_V"; Value = "50V"; VariantName = "[No Variations]"
Added Component: Designator=R80(0402)
Add component (AddParameter): Name = "AEC Category"; Value = "Q200"; VariantName = "[No Variations]"
Add component (AddParameter): Name = "AEC Grade"; Value = ""; VariantName = "[No Variations]"
Add component (AddParameter): Name = "AEC Qualified"; Value = "?"; VariantName = "[No Variations]"
Add component (AddParameter): Name = "Alternate Manufacturer"; Value = ""; VariantName = "[No Variations]"
Add component (AddParameter): Name = "Alternate PartNumber"; Value = ""; VariantName = "[No Variations]"
Add component (AddParameter): Name = "ComponentLink1Description"; Value = "Datasheet link"; VariantName = "[No Variations]"
Add component (AddParameter): Name = "ComponentLink1URL"; Value = "http://industrial.panasonic.com/www-data/pdf/AOA0000/AOA0000CE2.pdf"; VariantName = "[No Variations]"
Add component (AddParameter): Name = "CompType"; Value = "Resistor"; VariantName = "[No Variations]"
Add component (AddParameter): Name = "EIA_Code"; Value = "E96"; VariantName = "[No Variations]"
Add component (AddParameter): Name = "LatestRevisionDate"; Value = "2017-03-09"; VariantName = "[No Variations]"
Add component (AddParameter): Name = "Manufacturer"; Value = "Panasonic"; VariantName = "[No Variations]"
Add component (AddParameter): Name = "MountType"; Value = "SMT"; VariantName = "[No Variations]"
Add component (AddParameter): Name = "PackageReference"; Value = "0402"; VariantName = "[No Variations]"
Add component (AddParameter): Name = "PartNumber"; Value = "ERJ-2RKF1002X"; VariantName = "[No Variations]"
Add component (AddParameter): Name = "Power_W"; Value = "100mW"; VariantName = "[No Variations]"
Add component (AddParameter): Name = "Published"; Value = "2008-06-26"; VariantName = "[No Variations]"
Add component (AddParameter): Name = "Publisher"; Value = "Texas Instruments"; VariantName = "[No Variations]"
Add component (AddParameter): Name = "Res_ohm"; Value = "10k"; VariantName = "[No Variations]"
Add component (AddParameter): Name = "RoHS"; Value = "Y"; VariantName = "[No Variations]"
Add component (AddParameter): Name = "SizeArea_mm2"; Value = "0.5"; VariantName = "[No Variations]"
Add component (AddParameter): Name = "SizeX_mm"; Value = "1"; VariantName = "[No Variations]"
Add component (AddParameter): Name = "SizeY_mm"; Value = "0.5"; VariantName = "[No Variations]"
Add component (AddParameter): Name = "SizeZ_mm"; Value = "0.6"; VariantName = "[No Variations]"
Add component (AddParameter): Name = "Supplier 1"; Value = "Digi-Key"; VariantName = "[No Variations]"
Add component (AddParameter): Name = "Supplier 2"; Value = "Newark"; VariantName = "[No Variations]"
Add component (AddParameter): Name = "Supplier 3"; Value = "Mouser"; VariantName = "[No Variations]"
Add component (AddParameter): Name = "Supplier Part Number 1"; Value = "P10.0KLCT-ND"; VariantName = "[No Variations]"
Add component (AddParameter): Name = "Supplier Part Number 2"; Value = "90W2949"; VariantName = "[No Variations]"
Add component (AddParameter): Name = "Supplier Part Number 3"; Value = "667-ERJ-2RKF1002X"; VariantName = "[No Variations]"
Add component (AddParameter): Name = "Technology"; Value = "Thick Film"; VariantName = "[No Variations]"
Add component (AddParameter): Name = "TempCo"; Value = "100 ppm/C"; VariantName = "[No Variations]"
Add component (AddParameter): Name = "Tolerance_%"; Value = "1%"; VariantName = "[No Variations]"
Add component (AddParameter): Name = "U/M"; Value = "EA"; VariantName = "[No Variations]"
Add component (AddParameter): Name = "Value"; Value = "10.0k"; VariantName = "[No Variations]"
Add component (AddParameter): Name = "Value1"; Value = "1%"; VariantName = "[No Variations]"
Add component (AddParameter): Name = "Value2"; Value = "0.1W"; VariantName = "[No Variations]"
Add component (AddParameter): Name = "Value_Code"; Value = "10k0"; VariantName = "[No Variations]"
Add component (AddParameter): Name = "ValueDisplayed"; Value = "10.0k"; VariantName = "[No Variations]"
Add component (AddParameter): Name = "VDC_V"; Value = "50V"; VariantName = "[No Variations]"
Added Component: Designator=R81(0402)
Add component (AddParameter): Name = "AEC Category"; Value = "Q200"; VariantName = "[No Variations]"
Add component (AddParameter): Name = "AEC Grade"; Value = "0"; VariantName = "[No Variations]"
Add component (AddParameter): Name = "AEC Qualified"; Value = "Y"; VariantName = "[No Variations]"
Add component (AddParameter): Name = "Alternate Manufacturer"; Value = ""; VariantName = "[No Variations]"
Add component (AddParameter): Name = "Alternate PartNumber"; Value = ""; VariantName = "[No Variations]"
Add component (AddParameter): Name = "ComponentLink1Description"; Value = "Datasheet link"; VariantName = "[No Variations]"
Add component (AddParameter): Name = "ComponentLink1URL"; Value = "http://www.vishay.com/docs/20035/dcrcwe3.pdf"; VariantName = "[No Variations]"
Add component (AddParameter): Name = "CompType"; Value = "Resistor"; VariantName = "[No Variations]"
Add component (AddParameter): Name = "EIA_Code"; Value = "E24"; VariantName = "[No Variations]"
Add component (AddParameter): Name = "Green_EU RoHS"; Value = ""; VariantName = "[No Variations]"
Add component (AddParameter): Name = "Green_EU RoHS-2"; Value = ""; VariantName = "[No Variations]"
Add component (AddParameter): Name = "Green_Lifecycle"; Value = ""; VariantName = "[No Variations]"
Add component (AddParameter): Name = "Green_REACh"; Value = ""; VariantName = "[No Variations]"
Add component (AddParameter): Name = "Manufacturer"; Value = "Vishay-Dale"; VariantName = "[No Variations]"
Add component (AddParameter): Name = "MountType"; Value = "SMT"; VariantName = "[No Variations]"
Add component (AddParameter): Name = "PackageReference"; Value = "0402"; VariantName = "[No Variations]"
Add component (AddParameter): Name = "PartNumber"; Value = "CRCW04024K70JNED"; VariantName = "[No Variations]"
Add component (AddParameter): Name = "Power_W"; Value = "63mW"; VariantName = "[No Variations]"
Add component (AddParameter): Name = "Res_ohm"; Value = "4.7k"; VariantName = "[No Variations]"
Add component (AddParameter): Name = "RoHS"; Value = "E"; VariantName = "[No Variations]"
Add component (AddParameter): Name = "SizeArea_mm2"; Value = "0.5"; VariantName = "[No Variations]"
Add component (AddParameter): Name = "SizeX_mm"; Value = "1"; VariantName = "[No Variations]"
Add component (AddParameter): Name = "SizeY_mm"; Value = "0.5"; VariantName = "[No Variations]"
Add component (AddParameter): Name = "SizeZ_mm"; Value = "0.6"; VariantName = "[No Variations]"
Add component (AddParameter): Name = "Supplier 1"; Value = "Digi-Key"; VariantName = "[No Variations]"
Add component (AddParameter): Name = "Supplier 2"; Value = "Newark"; VariantName = "[No Variations]"
Add component (AddParameter): Name = "Supplier 3"; Value = "Mouser"; VariantName = "[No Variations]"
Add component (AddParameter): Name = "Supplier Part Number 1"; Value = "541-4.7KJCT-ND"; VariantName = "[No Variations]"
Add component (AddParameter): Name = "Supplier Part Number 2"; Value = "59M6733"; VariantName = "[No Variations]"
Add component (AddParameter): Name = "Supplier Part Number 3"; Value = "71-CRCW0402J-4.7K-E3"; VariantName = "[No Variations]"
Add component (AddParameter): Name = "Technology"; Value = "Thick Film"; VariantName = "[No Variations]"
Add component (AddParameter): Name = "TempCo"; Value = "200 ppm/C"; VariantName = "[No Variations]"
Add component (AddParameter): Name = "Tolerance_%"; Value = "5%"; VariantName = "[No Variations]"
Add component (AddParameter): Name = "Value"; Value = "4.7k"; VariantName = "[No Variations]"
Add component (AddParameter): Name = "Value1"; Value = "5%"; VariantName = "[No Variations]"
Add component (AddParameter): Name = "Value2"; Value = "0.063W"; VariantName = "[No Variations]"
Add component (AddParameter): Name = "Value_Code"; Value = "4k70"; VariantName = "[No Variations]"
Add component (AddParameter): Name = "ValueDisplayed"; Value = "4.7k"; VariantName = "[No Variations]"
Add component (AddParameter): Name = "VDC_V"; Value = "50V"; VariantName = "[No Variations]"
Added Component: Designator=R82(0402)
Add component (AddParameter): Name = "AEC Category"; Value = "Q200"; VariantName = "[No Variations]"
Add component (AddParameter): Name = "AEC Grade"; Value = "0"; VariantName = "[No Variations]"
Add component (AddParameter): Name = "AEC Qualified"; Value = "Y"; VariantName = "[No Variations]"
Add component (AddParameter): Name = "Alternate Manufacturer"; Value = ""; VariantName = "[No Variations]"
Add component (AddParameter): Name = "Alternate PartNumber"; Value = ""; VariantName = "[No Variations]"
Add component (AddParameter): Name = "ComponentLink1Description"; Value = "Datasheet link"; VariantName = "[No Variations]"
Add component (AddParameter): Name = "ComponentLink1URL"; Value = "http://www.vishay.com/docs/20035/dcrcwe3.pdf"; VariantName = "[No Variations]"
Add component (AddParameter): Name = "CompType"; Value = "Resistor"; VariantName = "[No Variations]"
Add component (AddParameter): Name = "EIA_Code"; Value = "E24"; VariantName = "[No Variations]"
Add component (AddParameter): Name = "Green_EU RoHS"; Value = ""; VariantName = "[No Variations]"
Add component (AddParameter): Name = "Green_EU RoHS-2"; Value = ""; VariantName = "[No Variations]"
Add component (AddParameter): Name = "Green_Lifecycle"; Value = ""; VariantName = "[No Variations]"
Add component (AddParameter): Name = "Green_REACh"; Value = ""; VariantName = "[No Variations]"
Add component (AddParameter): Name = "Manufacturer"; Value = "Vishay-Dale"; VariantName = "[No Variations]"
Add component (AddParameter): Name = "MountType"; Value = "SMT"; VariantName = "[No Variations]"
Add component (AddParameter): Name = "PackageReference"; Value = "0402"; VariantName = "[No Variations]"
Add component (AddParameter): Name = "PartNumber"; Value = "CRCW04024K70JNED"; VariantName = "[No Variations]"
Add component (AddParameter): Name = "Power_W"; Value = "63mW"; VariantName = "[No Variations]"
Add component (AddParameter): Name = "Res_ohm"; Value = "4.7k"; VariantName = "[No Variations]"
Add component (AddParameter): Name = "RoHS"; Value = "E"; VariantName = "[No Variations]"
Add component (AddParameter): Name = "SizeArea_mm2"; Value = "0.5"; VariantName = "[No Variations]"
Add component (AddParameter): Name = "SizeX_mm"; Value = "1"; VariantName = "[No Variations]"
Add component (AddParameter): Name = "SizeY_mm"; Value = "0.5"; VariantName = "[No Variations]"
Add component (AddParameter): Name = "SizeZ_mm"; Value = "0.6"; VariantName = "[No Variations]"
Add component (AddParameter): Name = "Supplier 1"; Value = "Digi-Key"; VariantName = "[No Variations]"
Add component (AddParameter): Name = "Supplier 2"; Value = "Newark"; VariantName = "[No Variations]"
Add component (AddParameter): Name = "Supplier 3"; Value = "Mouser"; VariantName = "[No Variations]"
Add component (AddParameter): Name = "Supplier Part Number 1"; Value = "541-4.7KJCT-ND"; VariantName = "[No Variations]"
Add component (AddParameter): Name = "Supplier Part Number 2"; Value = "59M6733"; VariantName = "[No Variations]"
Add component (AddParameter): Name = "Supplier Part Number 3"; Value = "71-CRCW0402J-4.7K-E3"; VariantName = "[No Variations]"
Add component (AddParameter): Name = "Technology"; Value = "Thick Film"; VariantName = "[No Variations]"
Add component (AddParameter): Name = "TempCo"; Value = "200 ppm/C"; VariantName = "[No Variations]"
Add component (AddParameter): Name = "Tolerance_%"; Value = "5%"; VariantName = "[No Variations]"
Add component (AddParameter): Name = "Value"; Value = "4.7k"; VariantName = "[No Variations]"
Add component (AddParameter): Name = "Value1"; Value = "5%"; VariantName = "[No Variations]"
Add component (AddParameter): Name = "Value2"; Value = "0.063W"; VariantName = "[No Variations]"
Add component (AddParameter): Name = "Value_Code"; Value = "4k70"; VariantName = "[No Variations]"
Add component (AddParameter): Name = "ValueDisplayed"; Value = "4.7k"; VariantName = "[No Variations]"
Add component (AddParameter): Name = "VDC_V"; Value = "50V"; VariantName = "[No Variations]"
Added Component: Designator=R84(0402)
Add component (AddParameter): Name = "AEC Category"; Value = "Q200"; VariantName = "[No Variations]"
Add component (AddParameter): Name = "AEC Grade"; Value = ""; VariantName = "[No Variations]"
Add component (AddParameter): Name = "AEC Qualified"; Value = "?"; VariantName = "[No Variations]"
Add component (AddParameter): Name = "Alternate Manufacturer"; Value = ""; VariantName = "[No Variations]"
Add component (AddParameter): Name = "Alternate PartNumber"; Value = ""; VariantName = "[No Variations]"
Add component (AddParameter): Name = "ComponentLink1Description"; Value = "Datasheet link"; VariantName = "[No Variations]"
Add component (AddParameter): Name = "ComponentLink1URL"; Value = "http://industrial.panasonic.com/www-data/pdf/AOA0000/AOA0000CE2.pdf"; VariantName = "[No Variations]"
Add component (AddParameter): Name = "CompType"; Value = "Resistor"; VariantName = "[No Variations]"
Add component (AddParameter): Name = "EIA_Code"; Value = "E96"; VariantName = "[No Variations]"
Add component (AddParameter): Name = "LatestRevisionDate"; Value = "2017-03-09"; VariantName = "[No Variations]"
Add component (AddParameter): Name = "Manufacturer"; Value = "Panasonic"; VariantName = "[No Variations]"
Add component (AddParameter): Name = "MountType"; Value = "SMT"; VariantName = "[No Variations]"
Add component (AddParameter): Name = "PackageReference"; Value = "0402"; VariantName = "[No Variations]"
Add component (AddParameter): Name = "PartNumber"; Value = "ERJ-2RKF1002X"; VariantName = "[No Variations]"
Add component (AddParameter): Name = "Power_W"; Value = "100mW"; VariantName = "[No Variations]"
Add component (AddParameter): Name = "Published"; Value = "2008-06-26"; VariantName = "[No Variations]"
Add component (AddParameter): Name = "Publisher"; Value = "Texas Instruments"; VariantName = "[No Variations]"
Add component (AddParameter): Name = "Res_ohm"; Value = "10k"; VariantName = "[No Variations]"
Add component (AddParameter): Name = "RoHS"; Value = "Y"; VariantName = "[No Variations]"
Add component (AddParameter): Name = "SizeArea_mm2"; Value = "0.5"; VariantName = "[No Variations]"
Add component (AddParameter): Name = "SizeX_mm"; Value = "1"; VariantName = "[No Variations]"
Add component (AddParameter): Name = "SizeY_mm"; Value = "0.5"; VariantName = "[No Variations]"
Add component (AddParameter): Name = "SizeZ_mm"; Value = "0.6"; VariantName = "[No Variations]"
Add component (AddParameter): Name = "Supplier 1"; Value = "Digi-Key"; VariantName = "[No Variations]"
Add component (AddParameter): Name = "Supplier 2"; Value = "Newark"; VariantName = "[No Variations]"
Add component (AddParameter): Name = "Supplier 3"; Value = "Mouser"; VariantName = "[No Variations]"
Add component (AddParameter): Name = "Supplier Part Number 1"; Value = "P10.0KLCT-ND"; VariantName = "[No Variations]"
Add component (AddParameter): Name = "Supplier Part Number 2"; Value = "90W2949"; VariantName = "[No Variations]"
Add component (AddParameter): Name = "Supplier Part Number 3"; Value = "667-ERJ-2RKF1002X"; VariantName = "[No Variations]"
Add component (AddParameter): Name = "Technology"; Value = "Thick Film"; VariantName = "[No Variations]"
Add component (AddParameter): Name = "TempCo"; Value = "100 ppm/C"; VariantName = "[No Variations]"
Add component (AddParameter): Name = "Tolerance_%"; Value = "1%"; VariantName = "[No Variations]"
Add component (AddParameter): Name = "U/M"; Value = "EA"; VariantName = "[No Variations]"
Add component (AddParameter): Name = "Value"; Value = "10.0k"; VariantName = "[No Variations]"
Add component (AddParameter): Name = "Value1"; Value = "1%"; VariantName = "[No Variations]"
Add component (AddParameter): Name = "Value2"; Value = "0.1W"; VariantName = "[No Variations]"
Add component (AddParameter): Name = "Value_Code"; Value = "10k0"; VariantName = "[No Variations]"
Add component (AddParameter): Name = "ValueDisplayed"; Value = "10.0k"; VariantName = "[No Variations]"
Add component (AddParameter): Name = "VDC_V"; Value = "50V"; VariantName = "[No Variations]"
Added Component: Designator=R85(0402)
Add component (AddParameter): Name = "AEC Category"; Value = "Q200"; VariantName = "[No Variations]"
Add component (AddParameter): Name = "AEC Grade"; Value = ""; VariantName = "[No Variations]"
Add component (AddParameter): Name = "AEC Qualified"; Value = "?"; VariantName = "[No Variations]"
Add component (AddParameter): Name = "Alternate Manufacturer"; Value = ""; VariantName = "[No Variations]"
Add component (AddParameter): Name = "Alternate PartNumber"; Value = ""; VariantName = "[No Variations]"
Add component (AddParameter): Name = "ComponentLink1Description"; Value = "Datasheet link"; VariantName = "[No Variations]"
Add component (AddParameter): Name = "ComponentLink1URL"; Value = "http://industrial.panasonic.com/www-data/pdf/AOA0000/AOA0000CE2.pdf"; VariantName = "[No Variations]"
Add component (AddParameter): Name = "CompType"; Value = "Resistor"; VariantName = "[No Variations]"
Add component (AddParameter): Name = "EIA_Code"; Value = "E96"; VariantName = "[No Variations]"
Add component (AddParameter): Name = "LatestRevisionDate"; Value = "2017-03-09"; VariantName = "[No Variations]"
Add component (AddParameter): Name = "Manufacturer"; Value = "Panasonic"; VariantName = "[No Variations]"
Add component (AddParameter): Name = "MountType"; Value = "SMT"; VariantName = "[No Variations]"
Add component (AddParameter): Name = "PackageReference"; Value = "0402"; VariantName = "[No Variations]"
Add component (AddParameter): Name = "PartNumber"; Value = "ERJ-2RKF1002X"; VariantName = "[No Variations]"
Add component (AddParameter): Name = "Power_W"; Value = "100mW"; VariantName = "[No Variations]"
Add component (AddParameter): Name = "Published"; Value = "2008-06-26"; VariantName = "[No Variations]"
Add component (AddParameter): Name = "Publisher"; Value = "Texas Instruments"; VariantName = "[No Variations]"
Add component (AddParameter): Name = "Res_ohm"; Value = "10k"; VariantName = "[No Variations]"
Add component (AddParameter): Name = "RoHS"; Value = "Y"; VariantName = "[No Variations]"
Add component (AddParameter): Name = "SizeArea_mm2"; Value = "0.5"; VariantName = "[No Variations]"
Add component (AddParameter): Name = "SizeX_mm"; Value = "1"; VariantName = "[No Variations]"
Add component (AddParameter): Name = "SizeY_mm"; Value = "0.5"; VariantName = "[No Variations]"
Add component (AddParameter): Name = "SizeZ_mm"; Value = "0.6"; VariantName = "[No Variations]"
Add component (AddParameter): Name = "Supplier 1"; Value = "Digi-Key"; VariantName = "[No Variations]"
Add component (AddParameter): Name = "Supplier 2"; Value = "Newark"; VariantName = "[No Variations]"
Add component (AddParameter): Name = "Supplier 3"; Value = "Mouser"; VariantName = "[No Variations]"
Add component (AddParameter): Name = "Supplier Part Number 1"; Value = "P10.0KLCT-ND"; VariantName = "[No Variations]"
Add component (AddParameter): Name = "Supplier Part Number 2"; Value = "90W2949"; VariantName = "[No Variations]"
Add component (AddParameter): Name = "Supplier Part Number 3"; Value = "667-ERJ-2RKF1002X"; VariantName = "[No Variations]"
Add component (AddParameter): Name = "Technology"; Value = "Thick Film"; VariantName = "[No Variations]"
Add component (AddParameter): Name = "TempCo"; Value = "100 ppm/C"; VariantName = "[No Variations]"
Add component (AddParameter): Name = "Tolerance_%"; Value = "1%"; VariantName = "[No Variations]"
Add component (AddParameter): Name = "U/M"; Value = "EA"; VariantName = "[No Variations]"
Add component (AddParameter): Name = "Value"; Value = "10.0k"; VariantName = "[No Variations]"
Add component (AddParameter): Name = "Value1"; Value = "1%"; VariantName = "[No Variations]"
Add component (AddParameter): Name = "Value2"; Value = "0.1W"; VariantName = "[No Variations]"
Add component (AddParameter): Name = "Value_Code"; Value = "10k0"; VariantName = "[No Variations]"
Add component (AddParameter): Name = "ValueDisplayed"; Value = "10.0k"; VariantName = "[No Variations]"
Add component (AddParameter): Name = "VDC_V"; Value = "50V"; VariantName = "[No Variations]"
Added Component: Designator=R153(0402)
Add component (AddParameter): Name = "AEC Category"; Value = "Q200"; VariantName = "[No Variations]"
Add component (AddParameter): Name = "AEC Grade"; Value = "0"; VariantName = "[No Variations]"
Add component (AddParameter): Name = "AEC Qualified"; Value = "Y"; VariantName = "[No Variations]"
Add component (AddParameter): Name = "Alternate Manufacturer"; Value = ""; VariantName = "[No Variations]"
Add component (AddParameter): Name = "Alternate PartNumber"; Value = ""; VariantName = "[No Variations]"
Add component (AddParameter): Name = "ComponentLink1Description"; Value = "Datasheet link"; VariantName = "[No Variations]"
Add component (AddParameter): Name = "ComponentLink1URL"; Value = "http://www.vishay.com/docs/20035/dcrcwe3.pdf"; VariantName = "[No Variations]"
Add component (AddParameter): Name = "CompType"; Value = "Resistor"; VariantName = "[No Variations]"
Add component (AddParameter): Name = "EIA_Code"; Value = "E96"; VariantName = "[No Variations]"
Add component (AddParameter): Name = "Green_EU RoHS"; Value = ""; VariantName = "[No Variations]"
Add component (AddParameter): Name = "Green_EU RoHS-2"; Value = ""; VariantName = "[No Variations]"
Add component (AddParameter): Name = "Green_Lifecycle"; Value = ""; VariantName = "[No Variations]"
Add component (AddParameter): Name = "Green_REACh"; Value = ""; VariantName = "[No Variations]"
Add component (AddParameter): Name = "Manufacturer"; Value = "Vishay-Dale"; VariantName = "[No Variations]"
Add component (AddParameter): Name = "MountType"; Value = "SMT"; VariantName = "[No Variations]"
Add component (AddParameter): Name = "PackageReference"; Value = "0402"; VariantName = "[No Variations]"
Add component (AddParameter): Name = "PartNumber"; Value = "CRCW040247K5FKED"; VariantName = "[No Variations]"
Add component (AddParameter): Name = "Power_W"; Value = "63mW"; VariantName = "[No Variations]"
Add component (AddParameter): Name = "Res_ohm"; Value = "47.5k"; VariantName = "[No Variations]"
Add component (AddParameter): Name = "RoHS"; Value = "E"; VariantName = "[No Variations]"
Add component (AddParameter): Name = "SizeArea_mm2"; Value = "0.5"; VariantName = "[No Variations]"
Add component (AddParameter): Name = "SizeX_mm"; Value = "1"; VariantName = "[No Variations]"
Add component (AddParameter): Name = "SizeY_mm"; Value = "0.5"; VariantName = "[No Variations]"
Add component (AddParameter): Name = "SizeZ_mm"; Value = "0.6"; VariantName = "[No Variations]"
Add component (AddParameter): Name = "Supplier 1"; Value = "Digi-Key"; VariantName = "[No Variations]"
Add component (AddParameter): Name = "Supplier 2"; Value = "Newark"; VariantName = "[No Variations]"
Add component (AddParameter): Name = "Supplier 3"; Value = "Mouser"; VariantName = "[No Variations]"
Add component (AddParameter): Name = "Supplier Part Number 1"; Value = "541-47.5KLCT-ND"; VariantName = "[No Variations]"
Add component (AddParameter): Name = "Supplier Part Number 2"; Value = "52K7100"; VariantName = "[No Variations]"
Add component (AddParameter): Name = "Supplier Part Number 3"; Value = "71-CRCW0402-47.5K-E3"; VariantName = "[No Variations]"
Add component (AddParameter): Name = "Technology"; Value = "Thick Film"; VariantName = "[No Variations]"
Add component (AddParameter): Name = "TempCo"; Value = "100 ppm/C"; VariantName = "[No Variations]"
Add component (AddParameter): Name = "Tolerance_%"; Value = "1%"; VariantName = "[No Variations]"
Add component (AddParameter): Name = "Value"; Value = "47.5k"; VariantName = "[No Variations]"
Add component (AddParameter): Name = "Value1"; Value = "1%"; VariantName = "[No Variations]"
Add component (AddParameter): Name = "Value2"; Value = "0.063W"; VariantName = "[No Variations]"
Add component (AddParameter): Name = "Value_Code"; Value = "47k5"; VariantName = "[No Variations]"
Add component (AddParameter): Name = "ValueDisplayed"; Value = "47.5k"; VariantName = "[No Variations]"
Add component (AddParameter): Name = "VDC_V"; Value = "50V"; VariantName = "[No Variations]"
Added Component: Designator=R164(0402)
Add component (AddParameter): Name = "AEC Category"; Value = "Q200"; VariantName = "[No Variations]"
Add component (AddParameter): Name = "AEC Grade"; Value = "0"; VariantName = "[No Variations]"
Add component (AddParameter): Name = "AEC Qualified"; Value = "Y"; VariantName = "[No Variations]"
Add component (AddParameter): Name = "Alternate Manufacturer"; Value = ""; VariantName = "[No Variations]"
Add component (AddParameter): Name = "Alternate PartNumber"; Value = ""; VariantName = "[No Variations]"
Add component (AddParameter): Name = "ComponentLink1Description"; Value = "Datasheet link"; VariantName = "[No Variations]"
Add component (AddParameter): Name = "ComponentLink1URL"; Value = "http://www.vishay.com/docs/20035/dcrcwe3.pdf"; VariantName = "[No Variations]"
Add component (AddParameter): Name = "CompType"; Value = "Resistor"; VariantName = "[No Variations]"
Add component (AddParameter): Name = "EIA_Code"; Value = "E24"; VariantName = "[No Variations]"
Add component (AddParameter): Name = "Green_EU RoHS"; Value = ""; VariantName = "[No Variations]"
Add component (AddParameter): Name = "Green_EU RoHS-2"; Value = ""; VariantName = "[No Variations]"
Add component (AddParameter): Name = "Green_Lifecycle"; Value = ""; VariantName = "[No Variations]"
Add component (AddParameter): Name = "Green_REACh"; Value = ""; VariantName = "[No Variations]"
Add component (AddParameter): Name = "Manufacturer"; Value = "Vishay-Dale"; VariantName = "[No Variations]"
Add component (AddParameter): Name = "MountType"; Value = "SMT"; VariantName = "[No Variations]"
Add component (AddParameter): Name = "PackageReference"; Value = "0402"; VariantName = "[No Variations]"
Add component (AddParameter): Name = "PartNumber"; Value = "CRCW04024K70JNED"; VariantName = "[No Variations]"
Add component (AddParameter): Name = "Power_W"; Value = "63mW"; VariantName = "[No Variations]"
Add component (AddParameter): Name = "Res_ohm"; Value = "4.7k"; VariantName = "[No Variations]"
Add component (AddParameter): Name = "RoHS"; Value = "E"; VariantName = "[No Variations]"
Add component (AddParameter): Name = "SizeArea_mm2"; Value = "0.5"; VariantName = "[No Variations]"
Add component (AddParameter): Name = "SizeX_mm"; Value = "1"; VariantName = "[No Variations]"
Add component (AddParameter): Name = "SizeY_mm"; Value = "0.5"; VariantName = "[No Variations]"
Add component (AddParameter): Name = "SizeZ_mm"; Value = "0.6"; VariantName = "[No Variations]"
Add component (AddParameter): Name = "Supplier 1"; Value = "Digi-Key"; VariantName = "[No Variations]"
Add component (AddParameter): Name = "Supplier 2"; Value = "Newark"; VariantName = "[No Variations]"
Add component (AddParameter): Name = "Supplier 3"; Value = "Mouser"; VariantName = "[No Variations]"
Add component (AddParameter): Name = "Supplier Part Number 1"; Value = "541-4.7KJCT-ND"; VariantName = "[No Variations]"
Add component (AddParameter): Name = "Supplier Part Number 2"; Value = "59M6733"; VariantName = "[No Variations]"
Add component (AddParameter): Name = "Supplier Part Number 3"; Value = "71-CRCW0402J-4.7K-E3"; VariantName = "[No Variations]"
Add component (AddParameter): Name = "Technology"; Value = "Thick Film"; VariantName = "[No Variations]"
Add component (AddParameter): Name = "TempCo"; Value = "200 ppm/C"; VariantName = "[No Variations]"
Add component (AddParameter): Name = "Tolerance_%"; Value = "5%"; VariantName = "[No Variations]"
Add component (AddParameter): Name = "Value"; Value = "4.7k"; VariantName = "[No Variations]"
Add component (AddParameter): Name = "Value1"; Value = "5%"; VariantName = "[No Variations]"
Add component (AddParameter): Name = "Value2"; Value = "0.063W"; VariantName = "[No Variations]"
Add component (AddParameter): Name = "Value_Code"; Value = "4k70"; VariantName = "[No Variations]"
Add component (AddParameter): Name = "ValueDisplayed"; Value = "4.7k"; VariantName = "[No Variations]"
Add component (AddParameter): Name = "VDC_V"; Value = "50V"; VariantName = "[No Variations]"
Added Component: Designator=R165(0402)
Add component (AddParameter): Name = "AEC Category"; Value = "Q200"; VariantName = "[No Variations]"
Add component (AddParameter): Name = "AEC Grade"; Value = "0"; VariantName = "[No Variations]"
Add component (AddParameter): Name = "AEC Qualified"; Value = "Y"; VariantName = "[No Variations]"
Add component (AddParameter): Name = "Alternate Manufacturer"; Value = ""; VariantName = "[No Variations]"
Add component (AddParameter): Name = "Alternate PartNumber"; Value = ""; VariantName = "[No Variations]"
Add component (AddParameter): Name = "ComponentLink1Description"; Value = "Datasheet link"; VariantName = "[No Variations]"
Add component (AddParameter): Name = "ComponentLink1URL"; Value = "http://www.vishay.com/docs/20035/dcrcwe3.pdf"; VariantName = "[No Variations]"
Add component (AddParameter): Name = "CompType"; Value = "Resistor"; VariantName = "[No Variations]"
Add component (AddParameter): Name = "EIA_Code"; Value = "E24"; VariantName = "[No Variations]"
Add component (AddParameter): Name = "Green_EU RoHS"; Value = ""; VariantName = "[No Variations]"
Add component (AddParameter): Name = "Green_EU RoHS-2"; Value = ""; VariantName = "[No Variations]"
Add component (AddParameter): Name = "Green_Lifecycle"; Value = ""; VariantName = "[No Variations]"
Add component (AddParameter): Name = "Green_REACh"; Value = ""; VariantName = "[No Variations]"
Add component (AddParameter): Name = "Manufacturer"; Value = "Vishay-Dale"; VariantName = "[No Variations]"
Add component (AddParameter): Name = "MountType"; Value = "SMT"; VariantName = "[No Variations]"
Add component (AddParameter): Name = "PackageReference"; Value = "0402"; VariantName = "[No Variations]"
Add component (AddParameter): Name = "PartNumber"; Value = "CRCW04024K70JNED"; VariantName = "[No Variations]"
Add component (AddParameter): Name = "Power_W"; Value = "63mW"; VariantName = "[No Variations]"
Add component (AddParameter): Name = "Res_ohm"; Value = "4.7k"; VariantName = "[No Variations]"
Add component (AddParameter): Name = "RoHS"; Value = "E"; VariantName = "[No Variations]"
Add component (AddParameter): Name = "SizeArea_mm2"; Value = "0.5"; VariantName = "[No Variations]"
Add component (AddParameter): Name = "SizeX_mm"; Value = "1"; VariantName = "[No Variations]"
Add component (AddParameter): Name = "SizeY_mm"; Value = "0.5"; VariantName = "[No Variations]"
Add component (AddParameter): Name = "SizeZ_mm"; Value = "0.6"; VariantName = "[No Variations]"
Add component (AddParameter): Name = "Supplier 1"; Value = "Digi-Key"; VariantName = "[No Variations]"
Add component (AddParameter): Name = "Supplier 2"; Value = "Newark"; VariantName = "[No Variations]"
Add component (AddParameter): Name = "Supplier 3"; Value = "Mouser"; VariantName = "[No Variations]"
Add component (AddParameter): Name = "Supplier Part Number 1"; Value = "541-4.7KJCT-ND"; VariantName = "[No Variations]"
Add component (AddParameter): Name = "Supplier Part Number 2"; Value = "59M6733"; VariantName = "[No Variations]"
Add component (AddParameter): Name = "Supplier Part Number 3"; Value = "71-CRCW0402J-4.7K-E3"; VariantName = "[No Variations]"
Add component (AddParameter): Name = "Technology"; Value = "Thick Film"; VariantName = "[No Variations]"
Add component (AddParameter): Name = "TempCo"; Value = "200 ppm/C"; VariantName = "[No Variations]"
Add component (AddParameter): Name = "Tolerance_%"; Value = "5%"; VariantName = "[No Variations]"
Add component (AddParameter): Name = "Value"; Value = "4.7k"; VariantName = "[No Variations]"
Add component (AddParameter): Name = "Value1"; Value = "5%"; VariantName = "[No Variations]"
Add component (AddParameter): Name = "Value2"; Value = "0.063W"; VariantName = "[No Variations]"
Add component (AddParameter): Name = "Value_Code"; Value = "4k70"; VariantName = "[No Variations]"
Add component (AddParameter): Name = "ValueDisplayed"; Value = "4.7k"; VariantName = "[No Variations]"
Add component (AddParameter): Name = "VDC_V"; Value = "50V"; VariantName = "[No Variations]"
Added Component: Designator=TP8(PAD_RND_1MM)
Added Component: Designator=TP13(PAD_RND_1MM)
Added Component: Designator=TP14(PAD_RND_1MM)
Added Component: Designator=TP15(PAD_RND_1MM)
Added Component: Designator=TP16(PAD_RND_1MM)
Added Component: Designator=TP17(PAD_RND_1MM)
Added Component: Designator=TP18(PAD_RND_1MM)
Added Component: Designator=TP19(PAD_RND_1MM)
Added Component: Designator=TP20(PAD_RND_1MM)
Added Component: Designator=TP30(PAD_RND_1MM)
Added Component: Designator=TP33(PAD_RND_1MM)
Added Component: Designator=U4(ZCZ (S-PBGA-N324))
Add component (AddParameter): Name = "Manufacturer"; Value = "Texas Instruments"; VariantName = "[No Variations]"
Add component (AddParameter): Name = "PartNumber"; Value = "XAM2634AOLFGMZCZQ"; VariantName = "[No Variations]"
Added Component: Designator=U9(SOIC-8)
Add component (AddParameter): Name = "Alternate Manufacturer"; Value = ""; VariantName = "[No Variations]"
Add component (AddParameter): Name = "Alternate PartNumber"; Value = ""; VariantName = "[No Variations]"
Add component (AddParameter): Name = "ComponentLink1Description"; Value = "Datasheet URL"; VariantName = "[No Variations]"
Add component (AddParameter): Name = "ComponentLink1URL"; Value = "https://www.mouser.com/datasheet/2/308/1/CAT24C512_D-2310637.pdf"; VariantName = "[No Variations]"
Add component (AddParameter): Name = "LatestRevisionDate"; Value = "09/03/2017"; VariantName = "[No Variations]"
Add component (AddParameter): Name = "Manufacturer"; Value = "ON Semiconductor"; VariantName = "[No Variations]"
Add component (AddParameter): Name = "MountType"; Value = "SMT"; VariantName = "[No Variations]"
Add component (AddParameter): Name = "PackageReference"; Value = "SOIC-8"; VariantName = "[No Variations]"
Add component (AddParameter): Name = "PartNumber"; Value = "CAT24M01WI-GT3"; VariantName = "[No Variations]"
Add component (AddParameter): Name = "Publisher"; Value = "Texas Instruments"; VariantName = "[No Variations]"
Add component (AddParameter): Name = "RoHS"; Value = "Y"; VariantName = "[No Variations]"
Add component (AddParameter): Name = "SizeArea_mm2"; Value = "29.351"; VariantName = "[No Variations]"
Add component (AddParameter): Name = "SizeAreaWB_mm2"; Value = "55.131"; VariantName = "[No Variations]"
Add component (AddParameter): Name = "SizeX_mm"; Value = "5.99"; VariantName = "[No Variations]"
Add component (AddParameter): Name = "SizeY_mm"; Value = "4.9"; VariantName = "[No Variations]"
Add component (AddParameter): Name = "SizeZ_mm"; Value = "1.75"; VariantName = "[No Variations]"
Add component (AddParameter): Name = "Supplier 1"; Value = "Digi-Key"; VariantName = "[No Variations]"
Add component (AddParameter): Name = "Supplier 2"; Value = "Newark"; VariantName = "[No Variations]"
Add component (AddParameter): Name = "Supplier 3"; Value = "Mouser"; VariantName = "[No Variations]"
Add component (AddParameter): Name = "Supplier Part Number 1"; Value = "CAT24M01WI-GT3OSTR-ND"; VariantName = "[No Variations]"
Add component (AddParameter): Name = "Supplier Part Number 2"; Value = "55T1802"; VariantName = "[No Variations]"
Add component (AddParameter): Name = "Supplier Part Number 3"; Value = "863-CAT24M01WI-GT3"; VariantName = "[No Variations]"
Added Component: Designator=U10(DBV0006A_N)
Add component (AddParameter): Name = "3-State Output"; Value = "No"; VariantName = "[No Variations]"
Add component (AddParameter): Name = "Bits(#)"; Value = "1"; VariantName = "[No Variations]"
Add component (AddParameter): Name = "DatasheetVersion"; Value = "SCES487F"; VariantName = "[No Variations]"
Add component (AddParameter): Name = "F @ Nom Voltage(Max)(Mhz)"; Value = "150"; VariantName = "[No Variations]"
Add component (AddParameter): Name = "Gate Type"; Value = "AND"; VariantName = "[No Variations]"
Add component (AddParameter): Name = "Generic Part Number"; Value = "SN74LVC1G11"; VariantName = "[No Variations]"
Add component (AddParameter): Name = "ICC @ Nom Voltage(Max)(mA)"; Value = "0.01"; VariantName = "[No Variations]"
Add component (AddParameter): Name = "Input Type"; Value = "CMOS/TTL"; VariantName = "[No Variations]"
Add component (AddParameter): Name = "Logic"; Value = "True"; VariantName = "[No Variations]"
Add component (AddParameter): Name = "Manufacturer"; Value = "Texas Instruments"; VariantName = "[No Variations]"
Add component (AddParameter): Name = "Operating Temperature Range(C)"; Value = "-40 to 125,-40 to 85"; VariantName = "[No Variations]"
Add component (AddParameter): Name = "Output Drive (IOL/IOH)(Max)(mA)"; Value = "32/-32"; VariantName = "[No Variations]"
Add component (AddParameter): Name = "Output Type"; Value = "CMOS"; VariantName = "[No Variations]"
Add component (AddParameter): Name = "PackageReference"; Value = "DBV0006A"; VariantName = "[No Variations]"
Add component (AddParameter): Name = "PartId"; Value = "1"; VariantName = "[No Variations]"
Add component (AddParameter): Name = "Rating"; Value = "Catalog"; VariantName = "[No Variations]"
Add component (AddParameter): Name = "Schmitt Trigger"; Value = "No"; VariantName = "[No Variations]"
Add component (AddParameter): Name = "Sub-Family"; Value = "AND Gate"; VariantName = "[No Variations]"
Add component (AddParameter): Name = "Technology Family"; Value = "LVC"; VariantName = "[No Variations]"
Add component (AddParameter): Name = "tpd @ Nom Voltage(Max)(ns)"; Value = "20,7.8,6.2,4.6"; VariantName = "[No Variations]"
Add component (AddParameter): Name = "VCC(Max)(V)"; Value = "5.5"; VariantName = "[No Variations]"
Add component (AddParameter): Name = "VCC(Min)(V)"; Value = "1.65"; VariantName = "[No Variations]"
Add component (AddParameter): Name = "Voltage(Nom)(V)"; Value = "1.8,2.5,3.3,5"; VariantName = "[No Variations]"
Added Component: Designator=U11(FP-S25FL128SAGNFI000_WSON8-IPC_B)
Add component (AddParameter): Name = "Access Time"; Value = "8ns"; VariantName = "[No Variations]"
Add component (AddParameter): Name = "AEC Qualified"; Value = "No"; VariantName = "[No Variations]"
Add component (AddParameter): Name = "ComponentLink1Description"; Value = "Datasheet"; VariantName = "[No Variations]"
Add component (AddParameter): Name = "ComponentLink1URL"; Value = "https://www.cypress.com/file/448601/download"; VariantName = "[No Variations]"
Add component (AddParameter): Name = "datasheet"; Value = "https://www.cypress.com/file/448601/download"; VariantName = "[No Variations]"
Add component (AddParameter): Name = "Datasheet Path"; Value = "datasheets/IC-S25FL128SAGNFI000.pdf"; VariantName = "[No Variations]"
Add component (AddParameter): Name = "Digikey Description"; Value = "IC FLASH 128MBIT SPI/QUAD 8WSON"; VariantName = "[No Variations]"
Add component (AddParameter): Name = "Digikey Part Number"; Value = "1274-1178-ND"; VariantName = "[No Variations]"
Add component (AddParameter): Name = "Frequency_Fixed"; Value = "133MHz"; VariantName = "[No Variations]"
Add component (AddParameter): Name = "helpURL"; Value = "https://upverter.com/upn/revision/39782ed3cd62795d/"; VariantName = "[No Variations]"
Add component (AddParameter): Name = "Interface"; Value = "SPI"; VariantName = "[No Variations]"
Add component (AddParameter): Name = "Lead Free"; Value = "Yes"; VariantName = "[No Variations]"
Add component (AddParameter): Name = "Manufacturer"; Value = "Cypress Semiconductor"; VariantName = "[No Variations]"
Add component (AddParameter): Name = "Max Supply Voltage"; Value = "3.6V"; VariantName = "[No Variations]"
Add component (AddParameter): Name = "Memory Size"; Value = "128Mbits"; VariantName = "[No Variations]"
Add component (AddParameter): Name = "Memory Type"; Value = "FLASH"; VariantName = "[No Variations]"
Add component (AddParameter): Name = "Min Supply Voltage"; Value = "1.65V"; VariantName = "[No Variations]"
Add component (AddParameter): Name = "Mouser Part Number"; Value = "797-25FL128SAGNFI000"; VariantName = "[No Variations]"
Add component (AddParameter): Name = "Nominal Supply Current"; Value = "16-100mA"; VariantName = "[No Variations]"
Add component (AddParameter): Name = "Operating Temperature Range"; Value = "-40°C to +85°C"; VariantName = "[No Variations]"
Add component (AddParameter): Name = "PackageReference"; Value = "WSON8"; VariantName = "[No Variations]"
Add component (AddParameter): Name = "Part Number"; Value = "S25FL128SAGNFI000"; VariantName = "[No Variations]"
Add component (AddParameter): Name = "PartNumber"; Value = "S25FL128SAGNFI000"; VariantName = "[No Variations]"
Add component (AddParameter): Name = "RoHS"; Value = "TRUE"; VariantName = "[No Variations]"
Add component (AddParameter): Name = "SizeZ_mm"; Value = "0.8mm"; VariantName = "[No Variations]"
Add component (AddParameter): Name = "Standoff Height"; Value = "0mm"; VariantName = "[No Variations]"
Add component (AddParameter): Name = "Supplier 1"; Value = "Digikey"; VariantName = "[No Variations]"
Add component (AddParameter): Name = "Supplier 2"; Value = "Mouser"; VariantName = "[No Variations]"
Add component (AddParameter): Name = "Supplier Part Number 1"; Value = "1274-1178-ND"; VariantName = "[No Variations]"
Add component (AddParameter): Name = "Supplier Part Number 2"; Value = "797-25FL128SAGNFI000"; VariantName = "[No Variations]"
Add component (AddParameter): Name = "TaMax_C"; Value = "+85°C"; VariantName = "[No Variations]"
Add component (AddParameter): Name = "TaMin_C"; Value = "-40°C"; VariantName = "[No Variations]"
Added Component: Designator=U12(DBV0006A_N)
Add component (AddParameter): Name = "AEC Category"; Value = "Q200"; VariantName = "[No Variations]"
Add component (AddParameter): Name = "AEC Qualified"; Value = "Y"; VariantName = "[No Variations]"
Add component (AddParameter): Name = "Alternate Manufacturer"; Value = "Texas Instruments"; VariantName = "[No Variations]"
Add component (AddParameter): Name = "Alternate PartNumber"; Value = "TPS22918TDBVRQ1"; VariantName = "[No Variations]"
Add component (AddParameter): Name = "ComponentLink1Description"; Value = "Datasheet Link"; VariantName = "[No Variations]"
Add component (AddParameter): Name = "ComponentLink1URL"; Value = "http://www.ti.com/lit/ds/symlink/tps22918-q1.pdf"; VariantName = "[No Variations]"
Add component (AddParameter): Name = "ComponentLink2Description"; Value = "Product Folder"; VariantName = "[No Variations]"
Add component (AddParameter): Name = "ComponentLink2URL"; Value = "http://www.ti.com/product/tps22918-q1"; VariantName = "[No Variations]"
Add component (AddParameter): Name = "ComponentLink3Description"; Value = "Online Datasheet"; VariantName = "[No Variations]"
Add component (AddParameter): Name = "ComponentLink3URL"; Value = "http://www.ti.com/product/tps22918-q1/datasheet"; VariantName = "[No Variations]"
Add component (AddParameter): Name = "CompType"; Value = "IC"; VariantName = "[No Variations]"
Add component (AddParameter): Name = "Green_EU RoHS"; Value = ""; VariantName = "[No Variations]"
Add component (AddParameter): Name = "Green_EU RoHS-2"; Value = ""; VariantName = "[No Variations]"
Add component (AddParameter): Name = "Green_Lifecycle"; Value = ""; VariantName = "[No Variations]"
Add component (AddParameter): Name = "Green_REACh"; Value = ""; VariantName = "[No Variations]"
Add component (AddParameter): Name = "Manufacturer"; Value = "Texas Instruments"; VariantName = "[No Variations]"
Add component (AddParameter): Name = "MountType"; Value = "SMT"; VariantName = "[No Variations]"
Add component (AddParameter): Name = "Operating Temperature Range"; Value = "-40 to 105 C"; VariantName = "[No Variations]"
Add component (AddParameter): Name = "PackageDescription"; Value = "SOT-23-6"; VariantName = "[No Variations]"
Add component (AddParameter): Name = "PackageReference"; Value = "DBV0006A"; VariantName = "[No Variations]"
Add component (AddParameter): Name = "PartNumber"; Value = "TPS22918TDBVTQ1"; VariantName = "[No Variations]"
Add component (AddParameter): Name = "Rating"; Value = "Automotive"; VariantName = "[No Variations]"
Add component (AddParameter): Name = "RoHS"; Value = "Y"; VariantName = "[No Variations]"
Add component (AddParameter): Name = "SizeArea_mm2"; Value = "8.12"; VariantName = "[No Variations]"
Add component (AddParameter): Name = "SizeAreaWB_mm2"; Value = "14.82"; VariantName = "[No Variations]"
Add component (AddParameter): Name = "SizeX_mm"; Value = "2.8"; VariantName = "[No Variations]"
Add component (AddParameter): Name = "SizeY_mm"; Value = "2.9"; VariantName = "[No Variations]"
Add component (AddParameter): Name = "SizeZ_mm"; Value = "1.45"; VariantName = "[No Variations]"
Added Component: Designator=U13(DBV0005A_N)
Add component (AddParameter): Name = "3-State Output"; Value = "No"; VariantName = "[No Variations]"
Add component (AddParameter): Name = "AEC Category"; Value = "Q200"; VariantName = "[No Variations]"
Add component (AddParameter): Name = "AEC Qualified"; Value = "N"; VariantName = "[No Variations]"
Add component (AddParameter): Name = "Alternate Manufacturer"; Value = "Texas Instruments"; VariantName = "[No Variations]"
Add component (AddParameter): Name = "Alternate PartNumber"; Value = ""; VariantName = "[No Variations]"
Add component (AddParameter): Name = "Bits(#)"; Value = "1"; VariantName = "[No Variations]"
Add component (AddParameter): Name = "ComponentLink1Description"; Value = "Datasheet Link"; VariantName = "[No Variations]"
Add component (AddParameter): Name = "ComponentLink1URL"; Value = "http://www.ti.com/lit/ds/symlink/SN74LVC1G08.pdf"; VariantName = "[No Variations]"
Add component (AddParameter): Name = "ComponentLink2Description"; Value = "Product Folder"; VariantName = "[No Variations]"
Add component (AddParameter): Name = "ComponentLink2URL"; Value = "http://www.ti.com/product/SN74LVC1G08"; VariantName = "[No Variations]"
Add component (AddParameter): Name = "CompType"; Value = "IC"; VariantName = "[No Variations]"
Add component (AddParameter): Name = "DatasheetVersion"; Value = "SCES217Y"; VariantName = "[No Variations]"
Add component (AddParameter): Name = "F @ Nom Voltage(Max)(Mhz)"; Value = "150"; VariantName = "[No Variations]"
Add component (AddParameter): Name = "Gate Type"; Value = "AND"; VariantName = "[No Variations]"
Add component (AddParameter): Name = "Generic Part Number"; Value = "SN74LVC1G08"; VariantName = "[No Variations]"
Add component (AddParameter): Name = "ICC @ Nom Voltage(Max)(mA)"; Value = "0.01"; VariantName = "[No Variations]"
Add component (AddParameter): Name = "Input Type"; Value = "CMOS/TTL"; VariantName = "[No Variations]"
Add component (AddParameter): Name = "Logic"; Value = "True"; VariantName = "[No Variations]"
Add component (AddParameter): Name = "Manufacturer"; Value = "Texas Instruments"; VariantName = "[No Variations]"
Add component (AddParameter): Name = "MountType"; Value = "SMT"; VariantName = "[No Variations]"
Add component (AddParameter): Name = "Operating Temperature Range(C)"; Value = "-40 to 125,-40 to 85"; VariantName = "[No Variations]"
Add component (AddParameter): Name = "Output Drive (IOL/IOH)(Max)(mA)"; Value = "32/-32"; VariantName = "[No Variations]"
Add component (AddParameter): Name = "Output Type"; Value = "CMOS"; VariantName = "[No Variations]"
Add component (AddParameter): Name = "PackageDescription"; Value = "SOT-23-5"; VariantName = "[No Variations]"
Add component (AddParameter): Name = "PackageReference"; Value = "DBV0005A"; VariantName = "[No Variations]"
Add component (AddParameter): Name = "PartId"; Value = "1"; VariantName = "[No Variations]"
Add component (AddParameter): Name = "PartNumber"; Value = "SN74LVC1G08DBVR"; VariantName = "[No Variations]"
Add component (AddParameter): Name = "Rating"; Value = "Catalog"; VariantName = "[No Variations]"
Add component (AddParameter): Name = "RoHS"; Value = "Y"; VariantName = "[No Variations]"
Add component (AddParameter): Name = "Schmitt Trigger"; Value = "No"; VariantName = "[No Variations]"
Add component (AddParameter): Name = "SizeArea_mm2"; Value = ""; VariantName = "[No Variations]"
Add component (AddParameter): Name = "SizeAreaWB_mm2"; Value = ""; VariantName = "[No Variations]"
Add component (AddParameter): Name = "SizeX_mm"; Value = ""; VariantName = "[No Variations]"
Add component (AddParameter): Name = "SizeY_mm"; Value = ""; VariantName = "[No Variations]"
Add component (AddParameter): Name = "SizeZ_mm"; Value = ""; VariantName = "[No Variations]"
Add component (AddParameter): Name = "Sub-Family"; Value = "AND Gate"; VariantName = "[No Variations]"
Add component (AddParameter): Name = "Technology Family"; Value = "LVC"; VariantName = "[No Variations]"
Add component (AddParameter): Name = "tpd @ Nom Voltage(Max)(ns)"; Value = "4.5,6,4,5"; VariantName = "[No Variations]"
Add component (AddParameter): Name = "U/M"; Value = ""; VariantName = "[No Variations]"
Add component (AddParameter): Name = "VCC(Max)(V)"; Value = "5.5"; VariantName = "[No Variations]"
Add component (AddParameter): Name = "VCC(Min)(V)"; Value = "1.65"; VariantName = "[No Variations]"
Add component (AddParameter): Name = "Voltage(Nom)(V)"; Value = "1.8,2.5,3.3,5"; VariantName = "[No Variations]"
Added Component: Designator=U14(DRL0005A)
Add component (AddParameter): Name = "1394 / Firewire"; Value = ""; VariantName = "[No Variations]"
Add component (AddParameter): Name = "Breakdown Voltage(Min)(V)"; Value = "11"; VariantName = "[No Variations]"
Add component (AddParameter): Name = "ComponentLink1Description"; Value = "Manufacturer URL"; VariantName = "[No Variations]"
Add component (AddParameter): Name = "ComponentLink1URL"; Value = "http://www.ti.com/"; VariantName = "[No Variations]"
Add component (AddParameter): Name = "ComponentLink2Description"; Value = "Datasheet"; VariantName = "[No Variations]"
Add component (AddParameter): Name = "ComponentLink2URL"; Value = "http://www.ti.com/general/docs/lit/getliterature.tsp?genericPartNumber=TPD2E001&fileType=pdf"; VariantName = "[No Variations]"
Add component (AddParameter): Name = "ComponentLink3Description"; Value = "URL Link1"; VariantName = "[No Variations]"
Add component (AddParameter): Name = "ComponentLink3URL"; Value = "SamplesURL:http://www.ti.com/product/tpd2e001#samples"; VariantName = "[No Variations]"
Add component (AddParameter): Name = "Ctotal(Typ)(pF)"; Value = ""; VariantName = "[No Variations]"
Add component (AddParameter): Name = "DatasheetVersion"; Value = "SLLS684F"; VariantName = "[No Variations]"
Add component (AddParameter): Name = "Differential Capacitance(pF)"; Value = ""; VariantName = "[No Variations]"
Add component (AddParameter): Name = "Eco-Plan"; Value = "Green (RoHS & no Sb/Br)"; VariantName = "[No Variations]"
Add component (AddParameter): Name = "HDMI"; Value = ""; VariantName = "[No Variations]"
Add component (AddParameter): Name = "IEC 61000-4-2 Air-Gap(+/- kV)"; Value = "15"; VariantName = "[No Variations]"
Add component (AddParameter): Name = "IEC 61000-4-2 Air-Gap(Typ)(+/- kV)"; Value = ""; VariantName = "[No Variations]"
Add component (AddParameter): Name = "IEC 61000-4-2 Contact(+/- kV)"; Value = "8"; VariantName = "[No Variations]"
Add component (AddParameter): Name = "IEC 61000-4-2 Contact(Typ)(+/- kV)"; Value = ""; VariantName = "[No Variations]"
Add component (AddParameter): Name = "IO Capacitance(Typ)(pF)"; Value = "1.5"; VariantName = "[No Variations]"
Add component (AddParameter): Name = "IO Leakage Current(nA)"; Value = "1"; VariantName = "[No Variations]"
Add component (AddParameter): Name = "Manufacturer"; Value = "Texas Instruments"; VariantName = "[No Variations]"
Add component (AddParameter): Name = "Mounting Technology"; Value = "Surface Mount"; VariantName = "[No Variations]"
Add component (AddParameter): Name = "Number of Channels"; Value = ""; VariantName = "[No Variations]"
Add component (AddParameter): Name = "PackageDescription"; Value = "5-Pin Plastic Small Outline, Flat Lead 0.5 mm Pitch"; VariantName = "[No Variations]"
Add component (AddParameter): Name = "PackageReference"; Value = "DRL0005A"; VariantName = "[No Variations]"
Add component (AddParameter): Name = "PackageVersion"; Value = "revD, Aug-2007"; VariantName = "[No Variations]"
Add component (AddParameter): Name = "PartNumber"; Value = "TPD2E001DRLR"; VariantName = "[No Variations]"
Add component (AddParameter): Name = "Serial ATA / eSATA"; Value = ""; VariantName = "[No Variations]"
Add component (AddParameter): Name = "SubFamily"; Value = "ESD Solution"; VariantName = "[No Variations]"
Add component (AddParameter): Name = "USB Full Speed"; Value = ""; VariantName = "[No Variations]"
Add component (AddParameter): Name = "USB High Speed"; Value = "TRUE"; VariantName = "[No Variations]"
Add component (AddParameter): Name = "USB Super Speed"; Value = ""; VariantName = "[No Variations]"
Added Component: Designator=U15(RSE0010A)
Add component (AddParameter): Name = "1394 / Firewire"; Value = "TRUE"; VariantName = "[No Variations]"
Add component (AddParameter): Name = "Breakdown Voltage(Min)(V)"; Value = "11"; VariantName = "[No Variations]"
Add component (AddParameter): Name = "ComponentLink1Description"; Value = "Manufacturer URL"; VariantName = "[No Variations]"
Add component (AddParameter): Name = "ComponentLink1URL"; Value = "http://www.ti.com/"; VariantName = "[No Variations]"
Add component (AddParameter): Name = "ComponentLink2Description"; Value = "Datasheet"; VariantName = "[No Variations]"
Add component (AddParameter): Name = "ComponentLink2URL"; Value = "http://www.ti.com/general/docs/lit/getliterature.tsp?genericPartNumber=TPD6E001&fileType=pdf"; VariantName = "[No Variations]"
Add component (AddParameter): Name = "ComponentLink3Description"; Value = "URL Link1"; VariantName = "[No Variations]"
Add component (AddParameter): Name = "ComponentLink3URL"; Value = "SamplesURL:http://www.ti.com/product/tpd6e001#samples"; VariantName = "[No Variations]"
Add component (AddParameter): Name = "Ctotal(Typ)(pF)"; Value = ""; VariantName = "[No Variations]"
Add component (AddParameter): Name = "DatasheetVersion"; Value = "SLLS685C"; VariantName = "[No Variations]"
Add component (AddParameter): Name = "Differential Capacitance(pF)"; Value = ""; VariantName = "[No Variations]"
Add component (AddParameter): Name = "Eco-Plan"; Value = "Green (RoHS & no Sb/Br)"; VariantName = "[No Variations]"
Add component (AddParameter): Name = "HDMI"; Value = ""; VariantName = "[No Variations]"
Add component (AddParameter): Name = "IEC 61000-4-2 Air-Gap(+/- kV)"; Value = "15"; VariantName = "[No Variations]"
Add component (AddParameter): Name = "IEC 61000-4-2 Air-Gap(Typ)(+/- kV)"; Value = ""; VariantName = "[No Variations]"
Add component (AddParameter): Name = "IEC 61000-4-2 Contact(+/- kV)"; Value = "8"; VariantName = "[No Variations]"
Add component (AddParameter): Name = "IEC 61000-4-2 Contact(Typ)(+/- kV)"; Value = ""; VariantName = "[No Variations]"
Add component (AddParameter): Name = "IO Capacitance(Typ)(pF)"; Value = "1.5"; VariantName = "[No Variations]"
Add component (AddParameter): Name = "IO Leakage Current(nA)"; Value = "1"; VariantName = "[No Variations]"
Add component (AddParameter): Name = "Manufacturer"; Value = "Texas Instruments"; VariantName = "[No Variations]"
Add component (AddParameter): Name = "Mounting Technology"; Value = "Surface Mount"; VariantName = "[No Variations]"
Add component (AddParameter): Name = "Number of Channels"; Value = ""; VariantName = "[No Variations]"
Add component (AddParameter): Name = "PackageDescription"; Value = "10-Leads Plastic Quad Flatpack No-Lead, 2 x 1.5 x 0.55 mm Body, 0.5 mm Pitch"; VariantName = "[No Variations]"
Add component (AddParameter): Name = "PackageReference"; Value = "RSE0010A"; VariantName = "[No Variations]"
Add component (AddParameter): Name = "PackageVersion"; Value = "revD, Jan-2011"; VariantName = "[No Variations]"
Add component (AddParameter): Name = "PartNumber"; Value = "TPD6E001RSER"; VariantName = "[No Variations]"
Add component (AddParameter): Name = "Serial ATA / eSATA"; Value = "TRUE"; VariantName = "[No Variations]"
Add component (AddParameter): Name = "SubFamily"; Value = "ESD Solution"; VariantName = "[No Variations]"
Add component (AddParameter): Name = "USB Full Speed"; Value = ""; VariantName = "[No Variations]"
Add component (AddParameter): Name = "USB High Speed"; Value = "TRUE"; VariantName = "[No Variations]"
Add component (AddParameter): Name = "USB Super Speed"; Value = ""; VariantName = "[No Variations]"
Added Component: Designator=U19(DQA0010A)
Add component (AddParameter): Name = "AEC Category"; Value = "Q200"; VariantName = "[No Variations]"
Add component (AddParameter): Name = "AEC Qualified"; Value = "Y"; VariantName = "[No Variations]"
Add component (AddParameter): Name = "Alternate Manufacturer"; Value = "Texas Instruments"; VariantName = "[No Variations]"
Add component (AddParameter): Name = "Alternate PartNumber"; Value = ""; VariantName = "[No Variations]"
Add component (AddParameter): Name = "ComponentLink1Description"; Value = "Datasheet Link"; VariantName = "[No Variations]"
Add component (AddParameter): Name = "ComponentLink1URL"; Value = "http://www.ti.com/lit/ds/symlink/tpd4e02b04.pdf"; VariantName = "[No Variations]"
Add component (AddParameter): Name = "ComponentLink2Description"; Value = "Product Folder"; VariantName = "[No Variations]"
Add component (AddParameter): Name = "ComponentLink2URL"; Value = "http://www.ti.com/product/tpd4e02b04"; VariantName = "[No Variations]"
Add component (AddParameter): Name = "ComponentLink3Description"; Value = "Online Datasheet"; VariantName = "[No Variations]"
Add component (AddParameter): Name = "ComponentLink3URL"; Value = "http://www.ti.com/product/tpd4e02b04/datasheet"; VariantName = "[No Variations]"
Add component (AddParameter): Name = "CompType"; Value = "IC"; VariantName = "[No Variations]"
Add component (AddParameter): Name = "Green_EU RoHS"; Value = "Passed"; VariantName = "[No Variations]"
Add component (AddParameter): Name = "Green_EU RoHS-2"; Value = "Passed"; VariantName = "[No Variations]"
Add component (AddParameter): Name = "Green_Lifecycle"; Value = "Active"; VariantName = "[No Variations]"
Add component (AddParameter): Name = "Green_REACh"; Value = "Passed"; VariantName = "[No Variations]"
Add component (AddParameter): Name = "Manufacturer"; Value = "Texas Instruments"; VariantName = "[No Variations]"
Add component (AddParameter): Name = "MountType"; Value = "SMT"; VariantName = "[No Variations]"
Add component (AddParameter): Name = "PackageDescription"; Value = "USON-10"; VariantName = "[No Variations]"
Add component (AddParameter): Name = "PackageReference"; Value = "DQA0010A"; VariantName = "[No Variations]"
Add component (AddParameter): Name = "PartNumber"; Value = "TPD4E02B04DQAR"; VariantName = "[No Variations]"
Add component (AddParameter): Name = "RoHS"; Value = "Y"; VariantName = "[No Variations]"
Add component (AddParameter): Name = "SizeArea_mm2"; Value = "2.5"; VariantName = "[No Variations]"
Add component (AddParameter): Name = "SizeAreaWB_mm2"; Value = "7.0"; VariantName = "[No Variations]"
Add component (AddParameter): Name = "SizeX_mm"; Value = "1.0"; VariantName = "[No Variations]"
Add component (AddParameter): Name = "SizeY_mm"; Value = "2.5"; VariantName = "[No Variations]"
Add component (AddParameter): Name = "SizeZ_mm"; Value = "0.55"; VariantName = "[No Variations]"
Added Component: Designator=U29(FP-S25FL128SAGNFI000_WSON8-IPC_B)
Add component (AddParameter): Name = "Access Time"; Value = "8ns"; VariantName = "[No Variations]"
Add component (AddParameter): Name = "AEC Qualified"; Value = "No"; VariantName = "[No Variations]"
Add component (AddParameter): Name = "ComponentLink1Description"; Value = "Datasheet"; VariantName = "[No Variations]"
Add component (AddParameter): Name = "ComponentLink1URL"; Value = "https://www.cypress.com/file/448601/download"; VariantName = "[No Variations]"
Add component (AddParameter): Name = "datasheet"; Value = "https://www.cypress.com/file/448601/download"; VariantName = "[No Variations]"
Add component (AddParameter): Name = "Datasheet Path"; Value = "datasheets/IC-S25FL128SAGNFI000.pdf"; VariantName = "[No Variations]"
Add component (AddParameter): Name = "Digikey Description"; Value = "IC FLASH 128MBIT SPI/QUAD 8WSON"; VariantName = "[No Variations]"
Add component (AddParameter): Name = "Digikey Part Number"; Value = "1274-1178-ND"; VariantName = "[No Variations]"
Add component (AddParameter): Name = "Frequency_Fixed"; Value = "133MHz"; VariantName = "[No Variations]"
Add component (AddParameter): Name = "helpURL"; Value = "https://upverter.com/upn/revision/39782ed3cd62795d/"; VariantName = "[No Variations]"
Add component (AddParameter): Name = "Interface"; Value = "SPI"; VariantName = "[No Variations]"
Add component (AddParameter): Name = "Lead Free"; Value = "Yes"; VariantName = "[No Variations]"
Add component (AddParameter): Name = "Manufacturer"; Value = "Cypress Semiconductor"; VariantName = "[No Variations]"
Add component (AddParameter): Name = "Max Supply Voltage"; Value = "3.6V"; VariantName = "[No Variations]"
Add component (AddParameter): Name = "Memory Size"; Value = "128Mbits"; VariantName = "[No Variations]"
Add component (AddParameter): Name = "Memory Type"; Value = "FLASH"; VariantName = "[No Variations]"
Add component (AddParameter): Name = "Min Supply Voltage"; Value = "1.65V"; VariantName = "[No Variations]"
Add component (AddParameter): Name = "Mouser Part Number"; Value = "797-25FL128SAGNFI000"; VariantName = "[No Variations]"
Add component (AddParameter): Name = "Nominal Supply Current"; Value = "16-100mA"; VariantName = "[No Variations]"
Add component (AddParameter): Name = "Operating Temperature Range"; Value = "-40°C to +85°C"; VariantName = "[No Variations]"
Add component (AddParameter): Name = "PackageReference"; Value = "WSON8"; VariantName = "[No Variations]"
Add component (AddParameter): Name = "Part Number"; Value = "S25FL128SAGNFI000"; VariantName = "[No Variations]"
Add component (AddParameter): Name = "PartNumber"; Value = "S25FL128SAGNFI000"; VariantName = "[No Variations]"
Add component (AddParameter): Name = "RoHS"; Value = "TRUE"; VariantName = "[No Variations]"
Add component (AddParameter): Name = "SizeZ_mm"; Value = "0.8mm"; VariantName = "[No Variations]"
Add component (AddParameter): Name = "Standoff Height"; Value = "0mm"; VariantName = "[No Variations]"
Add component (AddParameter): Name = "Supplier 1"; Value = "Digikey"; VariantName = "[No Variations]"
Add component (AddParameter): Name = "Supplier 2"; Value = "Mouser"; VariantName = "[No Variations]"
Add component (AddParameter): Name = "Supplier Part Number 1"; Value = "1274-1178-ND"; VariantName = "[No Variations]"
Add component (AddParameter): Name = "Supplier Part Number 2"; Value = "797-25FL128SAGNFI000"; VariantName = "[No Variations]"
Add component (AddParameter): Name = "TaMax_C"; Value = "+85°C"; VariantName = "[No Variations]"
Add component (AddParameter): Name = "TaMin_C"; Value = "-40°C"; VariantName = "[No Variations]"
Added Component: Designator=Y1(Abracon_ABM10W)
Add component (AddParameter): Name = "AEC Category"; Value = "Q200"; VariantName = "[No Variations]"
Add component (AddParameter): Name = "AEC Grade"; Value = "N/A"; VariantName = "[No Variations]"
Add component (AddParameter): Name = "AEC Qualified"; Value = "N"; VariantName = "[No Variations]"
Add component (AddParameter): Name = "Alternate Manufacturer"; Value = ""; VariantName = "[No Variations]"
Add component (AddParameter): Name = "Alternate PartNumber"; Value = ""; VariantName = "[No Variations]"
Add component (AddParameter): Name = "ComponentLink1Description"; Value = "Datasheet Link"; VariantName = "[No Variations]"
Add component (AddParameter): Name = "ComponentLink1URL"; Value = "https://abracon.com/Resonators/ABM10W.pdf"; VariantName = "[No Variations]"
Add component (AddParameter): Name = "CompType"; Value = "Crystal"; VariantName = "[No Variations]"
Add component (AddParameter): Name = "Frequency Stability"; Value = "20 ppm"; VariantName = "[No Variations]"
Add component (AddParameter): Name = "Frequency Tolerance"; Value = "10 ppm"; VariantName = "[No Variations]"
Add component (AddParameter): Name = "Frequency_Fixed"; Value = "25MHz"; VariantName = "[No Variations]"
Add component (AddParameter): Name = "Frequency_Max"; Value = ""; VariantName = "[No Variations]"
Add component (AddParameter): Name = "Frequency_Min"; Value = ""; VariantName = "[No Variations]"
Add component (AddParameter): Name = "Green_EU RoHS"; Value = ""; VariantName = "[No Variations]"
Add component (AddParameter): Name = "Green_EU RoHS-2"; Value = ""; VariantName = "[No Variations]"
Add component (AddParameter): Name = "Green_Lifecycle"; Value = ""; VariantName = "[No Variations]"
Add component (AddParameter): Name = "Green_REACh"; Value = ""; VariantName = "[No Variations]"
Add component (AddParameter): Name = "Load Capacitance"; Value = "4 pF"; VariantName = "[No Variations]"
Add component (AddParameter): Name = "Manufacturer"; Value = "Abracon Corporation"; VariantName = "[No Variations]"
Add component (AddParameter): Name = "MountType"; Value = "SMT"; VariantName = "[No Variations]"
Add component (AddParameter): Name = "PackageReference"; Value = "2x2.5mm"; VariantName = "[No Variations]"
Add component (AddParameter): Name = "PartNumber"; Value = "ABM10W-25.0000MHZ-8-K1Z-T3"; VariantName = "[No Variations]"
Add component (AddParameter): Name = "REACh"; Value = ""; VariantName = "[No Variations]"
Add component (AddParameter): Name = "RoHS"; Value = "Y"; VariantName = "[No Variations]"
Add component (AddParameter): Name = "SizeArea_mm2"; Value = "5"; VariantName = "[No Variations]"
Add component (AddParameter): Name = "SizeAreaWB_mm2"; Value = "10.5"; VariantName = "[No Variations]"
Add component (AddParameter): Name = "SizeX_mm"; Value = "2"; VariantName = "[No Variations]"
Add component (AddParameter): Name = "SizeY_mm"; Value = "2.5"; VariantName = "[No Variations]"
Add component (AddParameter): Name = "SizeZ_mm"; Value = "0.6"; VariantName = "[No Variations]"
Add component (AddParameter): Name = "Supplier 1"; Value = ""; VariantName = "[No Variations]"
Add component (AddParameter): Name = "Supplier 2"; Value = ""; VariantName = "[No Variations]"
Add component (AddParameter): Name = "Supplier 3"; Value = ""; VariantName = "[No Variations]"
Add component (AddParameter): Name = "Supplier Part Number 1"; Value = ""; VariantName = "[No Variations]"
Add component (AddParameter): Name = "Supplier Part Number 2"; Value = ""; VariantName = "[No Variations]"
Add component (AddParameter): Name = "Supplier Part Number 3"; Value = ""; VariantName = "[No Variations]"
Add component (AddParameter): Name = "TaMax_C"; Value = "85°C"; VariantName = "[No Variations]"
Add component (AddParameter): Name = "TaMin_C"; Value = "-40°C"; VariantName = "[No Variations]"
Added Pin To Net: NetName=AM263_ADC0_AIN0 Pin=C129-1
Added Pin To Net: NetName=AM263_ADC0_AIN0 Pin=U4-V15
Added Pin To Net: NetName=AM263_ADC0_AIN0 Pin=U19-1
Added Pin To Net: NetName=AM263_ADC0_AIN0 Pin=U19-10
Added Net: Name=AM263_ADC0_AIN0
Added Pin To Net: NetName=AM263_ADC0_AIN1 Pin=C130-1
Added Pin To Net: NetName=AM263_ADC0_AIN1 Pin=U4-U15
Added Pin To Net: NetName=AM263_ADC0_AIN1 Pin=U19-2
Added Pin To Net: NetName=AM263_ADC0_AIN1 Pin=U19-9
Added Net: Name=AM263_ADC0_AIN1
Added Pin To Net: NetName=AM263_ADC0_AIN2 Pin=C131-1
Added Pin To Net: NetName=AM263_ADC0_AIN2 Pin=U4-T14
Added Pin To Net: NetName=AM263_ADC0_AIN2 Pin=U19-4
Added Pin To Net: NetName=AM263_ADC0_AIN2 Pin=U19-7
Added Net: Name=AM263_ADC0_AIN2
Added Pin To Net: NetName=AM263_ADC0_AIN3 Pin=C132-1
Added Pin To Net: NetName=AM263_ADC0_AIN3 Pin=U4-U14
Added Pin To Net: NetName=AM263_ADC0_AIN3 Pin=U19-5
Added Pin To Net: NetName=AM263_ADC0_AIN3 Pin=U19-6
Added Net: Name=AM263_ADC0_AIN3
Added Pin To Net: NetName=AM263_ADC1_AIN0 Pin=U4-T11
Added Net: Name=AM263_ADC1_AIN0
Added Pin To Net: NetName=AM263_ADC1_AIN1 Pin=U4-U11
Added Net: Name=AM263_ADC1_AIN1
Added Pin To Net: NetName=AM263_ADC1_AIN2 Pin=U4-T12
Added Net: Name=AM263_ADC1_AIN2
Added Pin To Net: NetName=AM263_ADC_CAL1 Pin=U4-T15
Added Net: Name=AM263_ADC_CAL1
Added Pin To Net: NetName=AM263_ADC_VREFHI_G01 Pin=C137-1
Added Pin To Net: NetName=AM263_ADC_VREFHI_G01 Pin=C138-1
Added Pin To Net: NetName=AM263_ADC_VREFHI_G01 Pin=C139-1
Added Pin To Net: NetName=AM263_ADC_VREFHI_G01 Pin=U4-V10
Added Pin To Net: NetName=AM263_ADC_VREFHI_G01 Pin=U4-V14
Added Net: Name=AM263_ADC_VREFHI_G01
Added Pin To Net: NetName=AM263_ADC_VREFHI_G2 Pin=C140-1
Added Pin To Net: NetName=AM263_ADC_VREFHI_G2 Pin=C141-1
Added Pin To Net: NetName=AM263_ADC_VREFHI_G2 Pin=U4-V6
Added Net: Name=AM263_ADC_VREFHI_G2
Added Pin To Net: NetName=AM263_ADC_VREFLO_G01 Pin=C16-2
Added Pin To Net: NetName=AM263_ADC_VREFLO_G01 Pin=C17-2
Added Pin To Net: NetName=AM263_ADC_VREFLO_G01 Pin=C18-2
Added Pin To Net: NetName=AM263_ADC_VREFLO_G01 Pin=C19-2
Added Pin To Net: NetName=AM263_ADC_VREFLO_G01 Pin=C20-2
Added Pin To Net: NetName=AM263_ADC_VREFLO_G01 Pin=C21-2
Added Pin To Net: NetName=AM263_ADC_VREFLO_G01 Pin=C22-2
Added Pin To Net: NetName=AM263_ADC_VREFLO_G01 Pin=C23-2
Added Pin To Net: NetName=AM263_ADC_VREFLO_G01 Pin=C24-2
Added Pin To Net: NetName=AM263_ADC_VREFLO_G01 Pin=C25-2
Added Pin To Net: NetName=AM263_ADC_VREFLO_G01 Pin=C26-2
Added Pin To Net: NetName=AM263_ADC_VREFLO_G01 Pin=C27-2
Added Pin To Net: NetName=AM263_ADC_VREFLO_G01 Pin=C28-2
Added Pin To Net: NetName=AM263_ADC_VREFLO_G01 Pin=C29-2
Added Pin To Net: NetName=AM263_ADC_VREFLO_G01 Pin=C30-2
Added Pin To Net: NetName=AM263_ADC_VREFLO_G01 Pin=C31-2
Added Pin To Net: NetName=AM263_ADC_VREFLO_G01 Pin=C32-2
Added Pin To Net: NetName=AM263_ADC_VREFLO_G01 Pin=C33-2
Added Pin To Net: NetName=AM263_ADC_VREFLO_G01 Pin=C34-2
Added Pin To Net: NetName=AM263_ADC_VREFLO_G01 Pin=C35-1
Added Pin To Net: NetName=AM263_ADC_VREFLO_G01 Pin=C36-1
Added Pin To Net: NetName=AM263_ADC_VREFLO_G01 Pin=C37-1
Added Pin To Net: NetName=AM263_ADC_VREFLO_G01 Pin=C38-1
Added Pin To Net: NetName=AM263_ADC_VREFLO_G01 Pin=C39-2
Added Pin To Net: NetName=AM263_ADC_VREFLO_G01 Pin=C40-2
Added Pin To Net: NetName=AM263_ADC_VREFLO_G01 Pin=C41-2
Added Pin To Net: NetName=AM263_ADC_VREFLO_G01 Pin=C42-2
Added Pin To Net: NetName=AM263_ADC_VREFLO_G01 Pin=C43-2
Added Pin To Net: NetName=AM263_ADC_VREFLO_G01 Pin=C44-2
Added Pin To Net: NetName=AM263_ADC_VREFLO_G01 Pin=C45-1
Added Pin To Net: NetName=AM263_ADC_VREFLO_G01 Pin=C46-1
Added Pin To Net: NetName=AM263_ADC_VREFLO_G01 Pin=C47-1
Added Pin To Net: NetName=AM263_ADC_VREFLO_G01 Pin=C48-1
Added Pin To Net: NetName=AM263_ADC_VREFLO_G01 Pin=C49-2
Added Pin To Net: NetName=AM263_ADC_VREFLO_G01 Pin=C50-2
Added Pin To Net: NetName=AM263_ADC_VREFLO_G01 Pin=C51-2
Added Pin To Net: NetName=AM263_ADC_VREFLO_G01 Pin=C52-2
Added Pin To Net: NetName=AM263_ADC_VREFLO_G01 Pin=C53-2
Added Pin To Net: NetName=AM263_ADC_VREFLO_G01 Pin=C54-2
Added Pin To Net: NetName=AM263_ADC_VREFLO_G01 Pin=C55-1
Added Pin To Net: NetName=AM263_ADC_VREFLO_G01 Pin=C56-1
Added Pin To Net: NetName=AM263_ADC_VREFLO_G01 Pin=C57-1
Added Pin To Net: NetName=AM263_ADC_VREFLO_G01 Pin=C58-1
Added Pin To Net: NetName=AM263_ADC_VREFLO_G01 Pin=C59-1
Added Pin To Net: NetName=AM263_ADC_VREFLO_G01 Pin=C60-1
Added Pin To Net: NetName=AM263_ADC_VREFLO_G01 Pin=C61-1
Added Pin To Net: NetName=AM263_ADC_VREFLO_G01 Pin=C62-1
Added Pin To Net: NetName=AM263_ADC_VREFLO_G01 Pin=C63-2
Added Pin To Net: NetName=AM263_ADC_VREFLO_G01 Pin=C64-2
Added Pin To Net: NetName=AM263_ADC_VREFLO_G01 Pin=C65-2
Added Pin To Net: NetName=AM263_ADC_VREFLO_G01 Pin=C66-2
Added Pin To Net: NetName=AM263_ADC_VREFLO_G01 Pin=C67-2
Added Pin To Net: NetName=AM263_ADC_VREFLO_G01 Pin=C68-2
Added Pin To Net: NetName=AM263_ADC_VREFLO_G01 Pin=C69-2
Added Pin To Net: NetName=AM263_ADC_VREFLO_G01 Pin=C70-2
Added Pin To Net: NetName=AM263_ADC_VREFLO_G01 Pin=C71-2
Added Pin To Net: NetName=AM263_ADC_VREFLO_G01 Pin=C87-2
Added Pin To Net: NetName=AM263_ADC_VREFLO_G01 Pin=C88-2
Added Pin To Net: NetName=AM263_ADC_VREFLO_G01 Pin=C89-1
Added Pin To Net: NetName=AM263_ADC_VREFLO_G01 Pin=C90-1
Added Pin To Net: NetName=AM263_ADC_VREFLO_G01 Pin=C91-1
Added Pin To Net: NetName=AM263_ADC_VREFLO_G01 Pin=C92-2
Added Pin To Net: NetName=AM263_ADC_VREFLO_G01 Pin=C93-2
Added Pin To Net: NetName=AM263_ADC_VREFLO_G01 Pin=C94-2
Added Pin To Net: NetName=AM263_ADC_VREFLO_G01 Pin=C95-1
Added Pin To Net: NetName=AM263_ADC_VREFLO_G01 Pin=C96-1
Added Pin To Net: NetName=AM263_ADC_VREFLO_G01 Pin=C129-2
Added Pin To Net: NetName=AM263_ADC_VREFLO_G01 Pin=C130-2
Added Pin To Net: NetName=AM263_ADC_VREFLO_G01 Pin=C131-2
Added Pin To Net: NetName=AM263_ADC_VREFLO_G01 Pin=C132-2
Added Pin To Net: NetName=AM263_ADC_VREFLO_G01 Pin=C137-2
Added Pin To Net: NetName=AM263_ADC_VREFLO_G01 Pin=C138-2
Added Pin To Net: NetName=AM263_ADC_VREFLO_G01 Pin=C139-2
Added Pin To Net: NetName=AM263_ADC_VREFLO_G01 Pin=C140-2
Added Pin To Net: NetName=AM263_ADC_VREFLO_G01 Pin=C141-2
Added Pin To Net: NetName=AM263_ADC_VREFLO_G01 Pin=C301-1
Added Pin To Net: NetName=AM263_ADC_VREFLO_G01 Pin=J1-6
Added Pin To Net: NetName=AM263_ADC_VREFLO_G01 Pin=J1-10
Added Pin To Net: NetName=AM263_ADC_VREFLO_G01 Pin=J1-S1
Added Pin To Net: NetName=AM263_ADC_VREFLO_G01 Pin=J1-S2
Added Pin To Net: NetName=AM263_ADC_VREFLO_G01 Pin=J1-S3
Added Pin To Net: NetName=AM263_ADC_VREFLO_G01 Pin=J1-S4
Added Pin To Net: NetName=AM263_ADC_VREFLO_G01 Pin=R3-1
Added Pin To Net: NetName=AM263_ADC_VREFLO_G01 Pin=R20-2
Added Pin To Net: NetName=AM263_ADC_VREFLO_G01 Pin=R21-1
Added Pin To Net: NetName=AM263_ADC_VREFLO_G01 Pin=R27-1
Added Pin To Net: NetName=AM263_ADC_VREFLO_G01 Pin=R29-1
Added Pin To Net: NetName=AM263_ADC_VREFLO_G01 Pin=R30-1
Added Pin To Net: NetName=AM263_ADC_VREFLO_G01 Pin=R44-1
Added Pin To Net: NetName=AM263_ADC_VREFLO_G01 Pin=R84-1
Added Pin To Net: NetName=AM263_ADC_VREFLO_G01 Pin=R85-1
Added Pin To Net: NetName=AM263_ADC_VREFLO_G01 Pin=TP14-1
Added Pin To Net: NetName=AM263_ADC_VREFLO_G01 Pin=U4-A1
Added Pin To Net: NetName=AM263_ADC_VREFLO_G01 Pin=U4-A18
Added Pin To Net: NetName=AM263_ADC_VREFLO_G01 Pin=U4-C3
Added Pin To Net: NetName=AM263_ADC_VREFLO_G01 Pin=U4-E5
Added Pin To Net: NetName=AM263_ADC_VREFLO_G01 Pin=U4-E6
Added Pin To Net: NetName=AM263_ADC_VREFLO_G01 Pin=U4-E7
Added Pin To Net: NetName=AM263_ADC_VREFLO_G01 Pin=U4-E8
Added Pin To Net: NetName=AM263_ADC_VREFLO_G01 Pin=U4-E10
Added Pin To Net: NetName=AM263_ADC_VREFLO_G01 Pin=U4-E12
Added Pin To Net: NetName=AM263_ADC_VREFLO_G01 Pin=U4-E13
Added Pin To Net: NetName=AM263_ADC_VREFLO_G01 Pin=U4-E14
Added Pin To Net: NetName=AM263_ADC_VREFLO_G01 Pin=U4-F5
Added Pin To Net: NetName=AM263_ADC_VREFLO_G01 Pin=U4-F6
Added Pin To Net: NetName=AM263_ADC_VREFLO_G01 Pin=U4-F7
Added Pin To Net: NetName=AM263_ADC_VREFLO_G01 Pin=U4-F8
Added Pin To Net: NetName=AM263_ADC_VREFLO_G01 Pin=U4-F10
Added Pin To Net: NetName=AM263_ADC_VREFLO_G01 Pin=U4-F12
Added Pin To Net: NetName=AM263_ADC_VREFLO_G01 Pin=U4-F13
Added Pin To Net: NetName=AM263_ADC_VREFLO_G01 Pin=U4-F14
Added Pin To Net: NetName=AM263_ADC_VREFLO_G01 Pin=U4-G7
Added Pin To Net: NetName=AM263_ADC_VREFLO_G01 Pin=U4-G8
Added Pin To Net: NetName=AM263_ADC_VREFLO_G01 Pin=U4-G9
Added Pin To Net: NetName=AM263_ADC_VREFLO_G01 Pin=U4-G10
Added Pin To Net: NetName=AM263_ADC_VREFLO_G01 Pin=U4-G11
Added Pin To Net: NetName=AM263_ADC_VREFLO_G01 Pin=U4-G12
Added Pin To Net: NetName=AM263_ADC_VREFLO_G01 Pin=U4-H5
Added Pin To Net: NetName=AM263_ADC_VREFLO_G01 Pin=U4-H6
Added Pin To Net: NetName=AM263_ADC_VREFLO_G01 Pin=U4-H7
Added Pin To Net: NetName=AM263_ADC_VREFLO_G01 Pin=U4-H8
Added Pin To Net: NetName=AM263_ADC_VREFLO_G01 Pin=U4-H9
Added Pin To Net: NetName=AM263_ADC_VREFLO_G01 Pin=U4-H10
Added Pin To Net: NetName=AM263_ADC_VREFLO_G01 Pin=U4-H11
Added Pin To Net: NetName=AM263_ADC_VREFLO_G01 Pin=U4-H12
Added Pin To Net: NetName=AM263_ADC_VREFLO_G01 Pin=U4-H13
Added Pin To Net: NetName=AM263_ADC_VREFLO_G01 Pin=U4-H14
Added Pin To Net: NetName=AM263_ADC_VREFLO_G01 Pin=U4-J5
Added Pin To Net: NetName=AM263_ADC_VREFLO_G01 Pin=U4-J6
Added Pin To Net: NetName=AM263_ADC_VREFLO_G01 Pin=U4-J7
Added Pin To Net: NetName=AM263_ADC_VREFLO_G01 Pin=U4-J8
Added Pin To Net: NetName=AM263_ADC_VREFLO_G01 Pin=U4-J9
Added Pin To Net: NetName=AM263_ADC_VREFLO_G01 Pin=U4-J10
Added Pin To Net: NetName=AM263_ADC_VREFLO_G01 Pin=U4-J11
Added Pin To Net: NetName=AM263_ADC_VREFLO_G01 Pin=U4-J12
Added Pin To Net: NetName=AM263_ADC_VREFLO_G01 Pin=U4-J13
Added Pin To Net: NetName=AM263_ADC_VREFLO_G01 Pin=U4-J14
Added Pin To Net: NetName=AM263_ADC_VREFLO_G01 Pin=U4-K7
Added Pin To Net: NetName=AM263_ADC_VREFLO_G01 Pin=U4-K8
Added Pin To Net: NetName=AM263_ADC_VREFLO_G01 Pin=U4-K9
Added Pin To Net: NetName=AM263_ADC_VREFLO_G01 Pin=U4-K10
Added Pin To Net: NetName=AM263_ADC_VREFLO_G01 Pin=U4-K11
Added Pin To Net: NetName=AM263_ADC_VREFLO_G01 Pin=U4-K12
Added Pin To Net: NetName=AM263_ADC_VREFLO_G01 Pin=U4-L5
Added Pin To Net: NetName=AM263_ADC_VREFLO_G01 Pin=U4-L6
Added Pin To Net: NetName=AM263_ADC_VREFLO_G01 Pin=U4-L7
Added Pin To Net: NetName=AM263_ADC_VREFLO_G01 Pin=U4-L8
Added Pin To Net: NetName=AM263_ADC_VREFLO_G01 Pin=U4-L9
Added Pin To Net: NetName=AM263_ADC_VREFLO_G01 Pin=U4-L10
Added Pin To Net: NetName=AM263_ADC_VREFLO_G01 Pin=U4-L11
Added Pin To Net: NetName=AM263_ADC_VREFLO_G01 Pin=U4-L12
Added Pin To Net: NetName=AM263_ADC_VREFLO_G01 Pin=U4-L13
Added Pin To Net: NetName=AM263_ADC_VREFLO_G01 Pin=U4-L14
Added Pin To Net: NetName=AM263_ADC_VREFLO_G01 Pin=U4-M5
Added Pin To Net: NetName=AM263_ADC_VREFLO_G01 Pin=U4-M6
Added Pin To Net: NetName=AM263_ADC_VREFLO_G01 Pin=U4-M7
Added Pin To Net: NetName=AM263_ADC_VREFLO_G01 Pin=U4-M8
Added Pin To Net: NetName=AM263_ADC_VREFLO_G01 Pin=U4-M9
Added Pin To Net: NetName=AM263_ADC_VREFLO_G01 Pin=U4-M10
Added Pin To Net: NetName=AM263_ADC_VREFLO_G01 Pin=U4-M11
Added Pin To Net: NetName=AM263_ADC_VREFLO_G01 Pin=U4-M12
Added Pin To Net: NetName=AM263_ADC_VREFLO_G01 Pin=U4-M13
Added Pin To Net: NetName=AM263_ADC_VREFLO_G01 Pin=U4-M14
Added Pin To Net: NetName=AM263_ADC_VREFLO_G01 Pin=U4-N7
Added Pin To Net: NetName=AM263_ADC_VREFLO_G01 Pin=U4-N8
Added Pin To Net: NetName=AM263_ADC_VREFLO_G01 Pin=U4-N9
Added Pin To Net: NetName=AM263_ADC_VREFLO_G01 Pin=U4-N10
Added Pin To Net: NetName=AM263_ADC_VREFLO_G01 Pin=U4-N11
Added Pin To Net: NetName=AM263_ADC_VREFLO_G01 Pin=U4-N12
Added Pin To Net: NetName=AM263_ADC_VREFLO_G01 Pin=U4-P5
Added Pin To Net: NetName=AM263_ADC_VREFLO_G01 Pin=U4-P6
Added Pin To Net: NetName=AM263_ADC_VREFLO_G01 Pin=U4-P8
Added Pin To Net: NetName=AM263_ADC_VREFLO_G01 Pin=U4-P10
Added Pin To Net: NetName=AM263_ADC_VREFLO_G01 Pin=U4-P12
Added Pin To Net: NetName=AM263_ADC_VREFLO_G01 Pin=U4-P13
Added Pin To Net: NetName=AM263_ADC_VREFLO_G01 Pin=U4-P14
Added Pin To Net: NetName=AM263_ADC_VREFLO_G01 Pin=U4-R5
Added Pin To Net: NetName=AM263_ADC_VREFLO_G01 Pin=U4-R13
Added Pin To Net: NetName=AM263_ADC_VREFLO_G01 Pin=U4-T2
Added Pin To Net: NetName=AM263_ADC_VREFLO_G01 Pin=U4-U16
Added Pin To Net: NetName=AM263_ADC_VREFLO_G01 Pin=U4-V1
Added Pin To Net: NetName=AM263_ADC_VREFLO_G01 Pin=U4-V7
Added Pin To Net: NetName=AM263_ADC_VREFLO_G01 Pin=U4-V11
Added Pin To Net: NetName=AM263_ADC_VREFLO_G01 Pin=U4-V13
Added Pin To Net: NetName=AM263_ADC_VREFLO_G01 Pin=U4-V16
Added Pin To Net: NetName=AM263_ADC_VREFLO_G01 Pin=U4-V18
Added Pin To Net: NetName=AM263_ADC_VREFLO_G01 Pin=U9-4
Added Pin To Net: NetName=AM263_ADC_VREFLO_G01 Pin=U10-2
Added Pin To Net: NetName=AM263_ADC_VREFLO_G01 Pin=U11-4
Added Pin To Net: NetName=AM263_ADC_VREFLO_G01 Pin=U11-9
Added Pin To Net: NetName=AM263_ADC_VREFLO_G01 Pin=U12-2
Added Pin To Net: NetName=AM263_ADC_VREFLO_G01 Pin=U13-1
Added Pin To Net: NetName=AM263_ADC_VREFLO_G01 Pin=U13-3
Added Pin To Net: NetName=AM263_ADC_VREFLO_G01 Pin=U14-4
Added Pin To Net: NetName=AM263_ADC_VREFLO_G01 Pin=U15-5
Added Pin To Net: NetName=AM263_ADC_VREFLO_G01 Pin=U19-3
Added Pin To Net: NetName=AM263_ADC_VREFLO_G01 Pin=U19-3
Added Pin To Net: NetName=AM263_ADC_VREFLO_G01 Pin=U19-8
Added Pin To Net: NetName=AM263_ADC_VREFLO_G01 Pin=U19-8
Added Pin To Net: NetName=AM263_ADC_VREFLO_G01 Pin=U29-4
Added Pin To Net: NetName=AM263_ADC_VREFLO_G01 Pin=U29-9
Added Pin To Net: NetName=AM263_ADC_VREFLO_G01 Pin=Y1-2
Added Pin To Net: NetName=AM263_ADC_VREFLO_G01 Pin=Y1-4
Added Net: Name=AM263_ADC_VREFLO_G01
Added Pin To Net: NetName=AM263_ATESTV0 Pin=U4-U3
Added Net: Name=AM263_ATESTV0
Added Pin To Net: NetName=AM263_ATESTV1 Pin=U4-V2
Added Net: Name=AM263_ATESTV1
Added Pin To Net: NetName=AM263_I2C0_SCL Pin=R164-1
Added Pin To Net: NetName=AM263_I2C0_SCL Pin=TP30-1
Added Pin To Net: NetName=AM263_I2C0_SCL Pin=U4-A13
Added Net: Name=AM263_I2C0_SCL
Added Pin To Net: NetName=AM263_I2C0_SDA Pin=R165-1
Added Pin To Net: NetName=AM263_I2C0_SDA Pin=TP33-1
Added Pin To Net: NetName=AM263_I2C0_SDA Pin=U4-B13
Added Net: Name=AM263_I2C0_SDA
Added Pin To Net: NetName=AM263_I2C1_SCL Pin=R81-1
Added Pin To Net: NetName=AM263_I2C1_SCL Pin=TP19-1
Added Pin To Net: NetName=AM263_I2C1_SCL Pin=U4-D7
Added Pin To Net: NetName=AM263_I2C1_SCL Pin=U9-6
Added Net: Name=AM263_I2C1_SCL
Added Pin To Net: NetName=AM263_I2C1_SDA Pin=R82-1
Added Pin To Net: NetName=AM263_I2C1_SDA Pin=TP20-1
Added Pin To Net: NetName=AM263_I2C1_SDA Pin=U4-C8
Added Pin To Net: NetName=AM263_I2C1_SDA Pin=U9-5
Added Net: Name=AM263_I2C1_SDA
Added Pin To Net: NetName=AM263_I2C3_SCL Pin=R75-1
Added Pin To Net: NetName=AM263_I2C3_SCL Pin=TP18-1
Added Pin To Net: NetName=AM263_I2C3_SCL Pin=U4-H2
Added Net: Name=AM263_I2C3_SCL
Added Pin To Net: NetName=AM263_I2C3_SDA Pin=R76-1
Added Pin To Net: NetName=AM263_I2C3_SDA Pin=TP17-1
Added Pin To Net: NetName=AM263_I2C3_SDA Pin=U4-G3
Added Net: Name=AM263_I2C3_SDA
Added Pin To Net: NetName=AM263_MMC0_CD Pin=J1-9
Added Pin To Net: NetName=AM263_MMC0_CD Pin=R45-1
Added Pin To Net: NetName=AM263_MMC0_CD Pin=U4-A5
Added Pin To Net: NetName=AM263_MMC0_CD Pin=U14-3
Added Net: Name=AM263_MMC0_CD
Added Pin To Net: NetName=AM263_MMC0_CLK Pin=J1-5
Added Pin To Net: NetName=AM263_MMC0_CLK Pin=U4-B6
Added Pin To Net: NetName=AM263_MMC0_CLK Pin=U15-1
Added Net: Name=AM263_MMC0_CLK
Added Pin To Net: NetName=AM263_MMC0_CMD Pin=J1-3
Added Pin To Net: NetName=AM263_MMC0_CMD Pin=U4-A4
Added Pin To Net: NetName=AM263_MMC0_CMD Pin=U15-2
Added Net: Name=AM263_MMC0_CMD
Added Pin To Net: NetName=AM263_MMC0_D0 Pin=J1-7
Added Pin To Net: NetName=AM263_MMC0_D0 Pin=U4-B5
Added Pin To Net: NetName=AM263_MMC0_D0 Pin=U15-3
Added Net: Name=AM263_MMC0_D0
Added Pin To Net: NetName=AM263_MMC0_D1 Pin=J1-8
Added Pin To Net: NetName=AM263_MMC0_D1 Pin=U4-B4
Added Pin To Net: NetName=AM263_MMC0_D1 Pin=U15-6
Added Net: Name=AM263_MMC0_D1
Added Pin To Net: NetName=AM263_MMC0_D2 Pin=J1-1
Added Pin To Net: NetName=AM263_MMC0_D2 Pin=U4-A3
Added Pin To Net: NetName=AM263_MMC0_D2 Pin=U15-7
Added Net: Name=AM263_MMC0_D2
Added Pin To Net: NetName=AM263_MMC0_D3 Pin=J1-2
Added Pin To Net: NetName=AM263_MMC0_D3 Pin=U4-A2
Added Pin To Net: NetName=AM263_MMC0_D3 Pin=U15-8
Added Net: Name=AM263_MMC0_D3
Added Pin To Net: NetName=AM263_MMC0_WP Pin=R46-1
Added Pin To Net: NetName=AM263_MMC0_WP Pin=U4-C6
Added Net: Name=AM263_MMC0_WP
Added Pin To Net: NetName=AM263_PORZ Pin=R21-2
Added Pin To Net: NetName=AM263_PORZ Pin=TP13-1
Added Pin To Net: NetName=AM263_PORZ Pin=U4-R2
Added Pin To Net: NetName=AM263_PORZ Pin=U10-4
Added Net: Name=AM263_PORZ
Added Pin To Net: NetName=AM263_QSPI0_CLK Pin=U4-N2
Added Pin To Net: NetName=AM263_QSPI0_CLK Pin=U11-6
Added Pin To Net: NetName=AM263_QSPI0_CLK Pin=U29-6
Added Net: Name=AM263_QSPI0_CLK
Added Pin To Net: NetName=AM263_QSPI0_CSN0 Pin=R38-1
Added Pin To Net: NetName=AM263_QSPI0_CSN0 Pin=U4-P1
Added Pin To Net: NetName=AM263_QSPI0_CSN0 Pin=U11-1
Added Net: Name=AM263_QSPI0_CSN0
Added Pin To Net: NetName=AM263_QSPI0_CSN1 Pin=R153-1
Added Pin To Net: NetName=AM263_QSPI0_CSN1 Pin=U4-R3
Added Pin To Net: NetName=AM263_QSPI0_CSN1 Pin=U29-1
Added Net: Name=AM263_QSPI0_CSN1
Added Pin To Net: NetName=AM263_QSPI0_D0 Pin=R47-1
Added Pin To Net: NetName=AM263_QSPI0_D0 Pin=TP15-1
Added Pin To Net: NetName=AM263_QSPI0_D0 Pin=U4-N1
Added Pin To Net: NetName=AM263_QSPI0_D0 Pin=U11-5
Added Pin To Net: NetName=AM263_QSPI0_D0 Pin=U29-5
Added Net: Name=AM263_QSPI0_D0
Added Pin To Net: NetName=AM263_QSPI0_D1 Pin=R48-1
Added Pin To Net: NetName=AM263_QSPI0_D1 Pin=TP16-1
Added Pin To Net: NetName=AM263_QSPI0_D1 Pin=U4-N4
Added Pin To Net: NetName=AM263_QSPI0_D1 Pin=U11-2
Added Pin To Net: NetName=AM263_QSPI0_D1 Pin=U29-2
Added Net: Name=AM263_QSPI0_D1
Added Pin To Net: NetName=AM263_QSPI0_D2 Pin=U4-M4
Added Pin To Net: NetName=AM263_QSPI0_D2 Pin=U11-3
Added Pin To Net: NetName=AM263_QSPI0_D2 Pin=U29-3
Added Net: Name=AM263_QSPI0_D2
Added Pin To Net: NetName=AM263_QSPI0_D3 Pin=U4-P3
Added Pin To Net: NetName=AM263_QSPI0_D3 Pin=U11-7
Added Pin To Net: NetName=AM263_QSPI0_D3 Pin=U29-7
Added Net: Name=AM263_QSPI0_D3
Added Pin To Net: NetName=AM263_SAFETY_ERRORN Pin=R16-1
Added Pin To Net: NetName=AM263_SAFETY_ERRORN Pin=U4-D4
Added Net: Name=AM263_SAFETY_ERRORN
Added Pin To Net: NetName=AM263_SD_ENABLE_GPIO122 Pin=U4-B16
Added Pin To Net: NetName=AM263_SD_ENABLE_GPIO122 Pin=U13-2
Added Net: Name=AM263_SD_ENABLE_GPIO122
Added Pin To Net: NetName=AM263_SOP0 Pin=R22-1
Added Pin To Net: NetName=AM263_SOP0 Pin=R47-2
Added Net: Name=AM263_SOP0
Added Pin To Net: NetName=AM263_SOP1 Pin=R24-1
Added Pin To Net: NetName=AM263_SOP1 Pin=R48-2
Added Net: Name=AM263_SOP1
Added Pin To Net: NetName=AM263_SOP2 Pin=R28-1
Added Pin To Net: NetName=AM263_SOP2 Pin=R79-2
Added Net: Name=AM263_SOP2
Added Pin To Net: NetName=AM263_SOP3 Pin=R31-1
Added Pin To Net: NetName=AM263_SOP3 Pin=R80-2
Added Net: Name=AM263_SOP3
Added Pin To Net: NetName=AM263_SPI0_CLK Pin=R79-1
Added Pin To Net: NetName=AM263_SPI0_CLK Pin=U4-A11
Added Net: Name=AM263_SPI0_CLK
Added Pin To Net: NetName=AM263_SPI0_CS0 Pin=U4-C11
Added Net: Name=AM263_SPI0_CS0
Added Pin To Net: NetName=AM263_SPI0_CS1 Pin=U4-B7
Added Net: Name=AM263_SPI0_CS1
Added Pin To Net: NetName=AM263_SPI0_D0 Pin=R80-1
Added Pin To Net: NetName=AM263_SPI0_D0 Pin=U4-C10
Added Net: Name=AM263_SPI0_D0
Added Pin To Net: NetName=AM263_SPI0_D1 Pin=U4-B11
Added Net: Name=AM263_SPI0_D1
Added Pin To Net: NetName=AM263_SPI1_CLK Pin=U4-A10
Added Net: Name=AM263_SPI1_CLK
Added Pin To Net: NetName=AM263_SPI1_CS0 Pin=U4-C9
Added Net: Name=AM263_SPI1_CS0
Added Pin To Net: NetName=AM263_SPI1_CS1 Pin=U4-K1
Added Net: Name=AM263_SPI1_CS1
Added Pin To Net: NetName=AM263_SPI1_D0 Pin=U4-B10
Added Net: Name=AM263_SPI1_D0
Added Pin To Net: NetName=AM263_SPI1_D1 Pin=U4-D9
Added Net: Name=AM263_SPI1_D1
Added Pin To Net: NetName=AM263_SPI2_CLK Pin=U4-B9
Added Net: Name=AM263_SPI2_CLK
Added Pin To Net: NetName=AM263_SPI2_CS0 Pin=U4-A9
Added Net: Name=AM263_SPI2_CS0
Added Pin To Net: NetName=AM263_SPI2_D0 Pin=U4-B8
Added Net: Name=AM263_SPI2_D0
Added Pin To Net: NetName=AM263_SPI2_D1 Pin=U4-A8
Added Net: Name=AM263_SPI2_D1
Added Pin To Net: NetName=AM263_SPI4_CLK Pin=U4-B14
Added Net: Name=AM263_SPI4_CLK
Added Pin To Net: NetName=AM263_SPI4_CS0 Pin=U4-A14
Added Net: Name=AM263_SPI4_CS0
Added Pin To Net: NetName=AM263_SPI4_D0 Pin=U4-C12
Added Net: Name=AM263_SPI4_D0
Added Pin To Net: NetName=AM263_SPI4_D1 Pin=U4-D11
Added Net: Name=AM263_SPI4_D1
Added Pin To Net: NetName=AM263_TCK Pin=U4-B3
Added Net: Name=AM263_TCK
Added Pin To Net: NetName=AM263_TDI Pin=U4-C5
Added Net: Name=AM263_TDI
Added Pin To Net: NetName=AM263_TDO Pin=U4-C4
Added Net: Name=AM263_TDO
Added Pin To Net: NetName=AM263_TEMPCAL Pin=U4-U1
Added Net: Name=AM263_TEMPCAL
Added Pin To Net: NetName=AM263_TMS Pin=U4-D5
Added Net: Name=AM263_TMS
Added Pin To Net: NetName=AM263_UART0_RXD Pin=U4-A7
Added Net: Name=AM263_UART0_RXD
Added Pin To Net: NetName=AM263_UART0_TXD Pin=U4-A6
Added Net: Name=AM263_UART0_TXD
Added Pin To Net: NetName=AM263_UART1_RXD Pin=U4-L3
Added Net: Name=AM263_UART1_RXD
Added Pin To Net: NetName=AM263_UART1_TXD Pin=U4-M3
Added Net: Name=AM263_UART1_TXD
Added Pin To Net: NetName=AM263_XTAL_XI Pin=C88-1
Added Pin To Net: NetName=AM263_XTAL_XI Pin=U4-T1
Added Pin To Net: NetName=AM263_XTAL_XI Pin=Y1-1
Added Net: Name=AM263_XTAL_XI
Added Pin To Net: NetName=AM263_XTAL_XO Pin=C87-1
Added Pin To Net: NetName=AM263_XTAL_XO Pin=U4-R1
Added Pin To Net: NetName=AM263_XTAL_XO Pin=Y1-3
Added Net: Name=AM263_XTAL_XO
Added Pin To Net: NetName=AT86_IRQ Pin=U4-R16
Added Net: Name=AT86_IRQ
Added Pin To Net: NetName=AT86_RST Pin=U4-P15
Added Net: Name=AT86_RST
Added Pin To Net: NetName=BATT_VMEASURE Pin=U4-V12
Added Net: Name=BATT_VMEASURE
Added Pin To Net: NetName=BMI088_ACCEL_CS Pin=U4-K2
Added Net: Name=BMI088_ACCEL_CS
Added Pin To Net: NetName=CC1190_HGM Pin=U4-T16
Added Net: Name=CC1190_HGM
Added Pin To Net: NetName=CE_BQ25798 Pin=U4-L1
Added Net: Name=CE_BQ25798
Added Pin To Net: NetName=CYPD3177_FAULT Pin=U4-J3
Added Net: Name=CYPD3177_FAULT
Added Pin To Net: NetName=DRV8320_ENABLE Pin=U4-F4
Added Net: Name=DRV8320_ENABLE
Added Pin To Net: NetName=DRV8320_NFAULT Pin=U4-F1
Added Net: Name=DRV8320_NFAULT
Added Pin To Net: NetName=DS323_INT Pin=U4-J4
Added Net: Name=DS323_INT
Added Pin To Net: NetName=DS323_RST Pin=U4-K4
Added Net: Name=DS323_RST
Added Pin To Net: NetName=EEPROM_A0 Pin=R23-2
Added Pin To Net: NetName=EEPROM_A0 Pin=R27-2
Added Pin To Net: NetName=EEPROM_A0 Pin=U9-1
Added Net: Name=EEPROM_A0
Added Pin To Net: NetName=EEPROM_A1 Pin=R25-2
Added Pin To Net: NetName=EEPROM_A1 Pin=R29-2
Added Pin To Net: NetName=EEPROM_A1 Pin=U9-2
Added Net: Name=EEPROM_A1
Added Pin To Net: NetName=EEPROM_A2 Pin=R26-2
Added Pin To Net: NetName=EEPROM_A2 Pin=R30-2
Added Pin To Net: NetName=EEPROM_A2 Pin=U9-3
Added Net: Name=EEPROM_A2
Added Pin To Net: NetName=EEPROM_WP Pin=R20-1
Added Pin To Net: NetName=EEPROM_WP Pin=U9-7
Added Net: Name=EEPROM_WP
Added Pin To Net: NetName=INHA Pin=U4-D3
Added Net: Name=INHA
Added Pin To Net: NetName=INHB Pin=U4-C2
Added Net: Name=INHB
Added Pin To Net: NetName=INHC Pin=U4-E2
Added Net: Name=INHC
Added Pin To Net: NetName=INLA Pin=U4-D2
Added Net: Name=INLA
Added Pin To Net: NetName=INLB Pin=U4-C1
Added Net: Name=INLB
Added Pin To Net: NetName=INLC Pin=U4-E3
Added Net: Name=INLC
Added Pin To Net: NetName=L86_1PPS Pin=U4-G1
Added Net: Name=L86_1PPS
Added Pin To Net: NetName=L86_RESET Pin=U4-J2
Added Net: Name=L86_RESET
Added Pin To Net: NetName=LP5030_EN Pin=U4-B1
Added Net: Name=LP5030_EN
Added Pin To Net: NetName=MAX17320_ALRT Pin=U4-G4
Added Net: Name=MAX17320_ALRT
Added Pin To Net: NetName=PG_VDD_1V2 Pin=U10-3
Added Net: Name=PG_VDD_1V2
Added Pin To Net: NetName=PG_VSYS_3V3 Pin=U10-6
Added Net: Name=PG_VSYS_3V3
Added Pin To Net: NetName=SD_PWR_EN Pin=R44-2
Added Pin To Net: NetName=SD_PWR_EN Pin=U12-3
Added Pin To Net: NetName=SD_PWR_EN Pin=U13-4
Added Net: Name=SD_PWR_EN
Added Pin To Net: NetName=SERVO1 Pin=U4-D1
Added Net: Name=SERVO1
Added Pin To Net: NetName=SERVO2 Pin=U4-E4
Added Net: Name=SERVO2
Added Pin To Net: NetName=SERVO3 Pin=U4-F2
Added Net: Name=SERVO3
Added Pin To Net: NetName=SERVO4 Pin=U4-G2
Added Net: Name=SERVO4
Added Pin To Net: NetName=SERVO5 Pin=U4-E1
Added Net: Name=SERVO5
Added Pin To Net: NetName=SERVO6 Pin=U4-F3
Added Net: Name=SERVO6
Added Pin To Net: NetName=STAT_BQ25798 Pin=U4-M1
Added Net: Name=STAT_BQ25798
Added Pin To Net: NetName=VDD_AM263_1V2 Pin=C16-1
Added Pin To Net: NetName=VDD_AM263_1V2 Pin=C17-1
Added Pin To Net: NetName=VDD_AM263_1V2 Pin=C18-1
Added Pin To Net: NetName=VDD_AM263_1V2 Pin=C35-2
Added Pin To Net: NetName=VDD_AM263_1V2 Pin=C36-2
Added Pin To Net: NetName=VDD_AM263_1V2 Pin=C37-2
Added Pin To Net: NetName=VDD_AM263_1V2 Pin=C38-2
Added Pin To Net: NetName=VDD_AM263_1V2 Pin=C45-2
Added Pin To Net: NetName=VDD_AM263_1V2 Pin=C46-2
Added Pin To Net: NetName=VDD_AM263_1V2 Pin=C47-2
Added Pin To Net: NetName=VDD_AM263_1V2 Pin=C48-2
Added Pin To Net: NetName=VDD_AM263_1V2 Pin=C55-2
Added Pin To Net: NetName=VDD_AM263_1V2 Pin=C56-2
Added Pin To Net: NetName=VDD_AM263_1V2 Pin=C57-2
Added Pin To Net: NetName=VDD_AM263_1V2 Pin=C58-2
Added Pin To Net: NetName=VDD_AM263_1V2 Pin=C59-2
Added Pin To Net: NetName=VDD_AM263_1V2 Pin=C60-2
Added Pin To Net: NetName=VDD_AM263_1V2 Pin=C61-2
Added Pin To Net: NetName=VDD_AM263_1V2 Pin=C62-2
Added Pin To Net: NetName=VDD_AM263_1V2 Pin=C64-1
Added Pin To Net: NetName=VDD_AM263_1V2 Pin=C65-1
Added Pin To Net: NetName=VDD_AM263_1V2 Pin=C66-1
Added Pin To Net: NetName=VDD_AM263_1V2 Pin=C67-1
Added Pin To Net: NetName=VDD_AM263_1V2 Pin=C68-1
Added Pin To Net: NetName=VDD_AM263_1V2 Pin=C69-1
Added Pin To Net: NetName=VDD_AM263_1V2 Pin=C70-1
Added Pin To Net: NetName=VDD_AM263_1V2 Pin=C71-1
Added Pin To Net: NetName=VDD_AM263_1V2 Pin=U4-D10
Added Pin To Net: NetName=VDD_AM263_1V2 Pin=U4-E9
Added Pin To Net: NetName=VDD_AM263_1V2 Pin=U4-E11
Added Pin To Net: NetName=VDD_AM263_1V2 Pin=U4-F9
Added Pin To Net: NetName=VDD_AM263_1V2 Pin=U4-F11
Added Pin To Net: NetName=VDD_AM263_1V2 Pin=U4-G5
Added Pin To Net: NetName=VDD_AM263_1V2 Pin=U4-G6
Added Pin To Net: NetName=VDD_AM263_1V2 Pin=U4-G13
Added Pin To Net: NetName=VDD_AM263_1V2 Pin=U4-G14
Added Pin To Net: NetName=VDD_AM263_1V2 Pin=U4-H3
Added Pin To Net: NetName=VDD_AM263_1V2 Pin=U4-J15
Added Pin To Net: NetName=VDD_AM263_1V2 Pin=U4-J16
Added Pin To Net: NetName=VDD_AM263_1V2 Pin=U4-K5
Added Pin To Net: NetName=VDD_AM263_1V2 Pin=U4-K6
Added Pin To Net: NetName=VDD_AM263_1V2 Pin=U4-K13
Added Pin To Net: NetName=VDD_AM263_1V2 Pin=U4-K14
Added Pin To Net: NetName=VDD_AM263_1V2 Pin=U4-N5
Added Pin To Net: NetName=VDD_AM263_1V2 Pin=U4-N6
Added Pin To Net: NetName=VDD_AM263_1V2 Pin=U4-N13
Added Pin To Net: NetName=VDD_AM263_1V2 Pin=U4-N14
Added Pin To Net: NetName=VDD_AM263_1V2 Pin=U4-R9
Added Pin To Net: NetName=VDD_AM263_1V2 Pin=U4-T4
Added Net: Name=VDD_AM263_1V2
Added Pin To Net: NetName=VDDA18_AM263_OSC_PLL Pin=C54-1
Added Pin To Net: NetName=VDDA18_AM263_OSC_PLL Pin=FB2-2
Added Pin To Net: NetName=VDDA18_AM263_OSC_PLL Pin=U4-R4
Added Net: Name=VDDA18_AM263_OSC_PLL
Added Pin To Net: NetName=VDDA_AM263_1V8_LDO Pin=C49-1
Added Pin To Net: NetName=VDDA_AM263_1V8_LDO Pin=C50-1
Added Pin To Net: NetName=VDDA_AM263_1V8_LDO Pin=C51-1
Added Pin To Net: NetName=VDDA_AM263_1V8_LDO Pin=C52-1
Added Pin To Net: NetName=VDDA_AM263_1V8_LDO Pin=C53-1
Added Pin To Net: NetName=VDDA_AM263_1V8_LDO Pin=FB2-1
Added Pin To Net: NetName=VDDA_AM263_1V8_LDO Pin=TP8-1
Added Pin To Net: NetName=VDDA_AM263_1V8_LDO Pin=U4-R6
Added Pin To Net: NetName=VDDA_AM263_1V8_LDO Pin=U4-R8
Added Pin To Net: NetName=VDDA_AM263_1V8_LDO Pin=U4-R11
Added Net: Name=VDDA_AM263_1V8_LDO
Added Pin To Net: NetName=VDDA_AM263_3V3 Pin=C41-1
Added Pin To Net: NetName=VDDA_AM263_3V3 Pin=C42-1
Added Pin To Net: NetName=VDDA_AM263_3V3 Pin=C43-1
Added Pin To Net: NetName=VDDA_AM263_3V3 Pin=C44-1
Added Pin To Net: NetName=VDDA_AM263_3V3 Pin=FB1-2
Added Pin To Net: NetName=VDDA_AM263_3V3 Pin=U4-P7
Added Pin To Net: NetName=VDDA_AM263_3V3 Pin=U4-P9
Added Pin To Net: NetName=VDDA_AM263_3V3 Pin=U4-P11
Added Net: Name=VDDA_AM263_3V3
Added Pin To Net: NetName=VDDS_AM263_LDO_1V8 Pin=C29-1
Added Pin To Net: NetName=VDDS_AM263_LDO_1V8 Pin=C30-1
Added Pin To Net: NetName=VDDS_AM263_LDO_1V8 Pin=C31-1
Added Pin To Net: NetName=VDDS_AM263_LDO_1V8 Pin=C32-1
Added Pin To Net: NetName=VDDS_AM263_LDO_1V8 Pin=C33-1
Added Pin To Net: NetName=VDDS_AM263_LDO_1V8 Pin=C34-1
Added Pin To Net: NetName=VDDS_AM263_LDO_1V8 Pin=U4-D6
Added Pin To Net: NetName=VDDS_AM263_LDO_1V8 Pin=U4-E15
Added Pin To Net: NetName=VDDS_AM263_LDO_1V8 Pin=U4-L4
Added Pin To Net: NetName=VDDS_AM263_LDO_1V8 Pin=U4-N15
Added Pin To Net: NetName=VDDS_AM263_LDO_1V8 Pin=U4-T3
Added Net: Name=VDDS_AM263_LDO_1V8
Added Pin To Net: NetName=VSD_3V3 Pin=C92-1
Added Pin To Net: NetName=VSD_3V3 Pin=C96-2
Added Pin To Net: NetName=VSD_3V3 Pin=J1-4
Added Pin To Net: NetName=VSD_3V3 Pin=U12-5
Added Pin To Net: NetName=VSD_3V3 Pin=U12-6
Added Pin To Net: NetName=VSD_3V3 Pin=U14-1
Added Pin To Net: NetName=VSD_3V3 Pin=U15-10
Added Net: Name=VSD_3V3
Added Pin To Net: NetName=VSYS_3V3 Pin=C19-1
Added Pin To Net: NetName=VSYS_3V3 Pin=C20-1
Added Pin To Net: NetName=VSYS_3V3 Pin=C21-1
Added Pin To Net: NetName=VSYS_3V3 Pin=C22-1
Added Pin To Net: NetName=VSYS_3V3 Pin=C23-1
Added Pin To Net: NetName=VSYS_3V3 Pin=C24-1
Added Pin To Net: NetName=VSYS_3V3 Pin=C25-1
Added Pin To Net: NetName=VSYS_3V3 Pin=C26-1
Added Pin To Net: NetName=VSYS_3V3 Pin=C27-1
Added Pin To Net: NetName=VSYS_3V3 Pin=C28-1
Added Pin To Net: NetName=VSYS_3V3 Pin=C39-1
Added Pin To Net: NetName=VSYS_3V3 Pin=C40-1
Added Pin To Net: NetName=VSYS_3V3 Pin=C89-2
Added Pin To Net: NetName=VSYS_3V3 Pin=C90-2
Added Pin To Net: NetName=VSYS_3V3 Pin=C91-2
Added Pin To Net: NetName=VSYS_3V3 Pin=C93-1
Added Pin To Net: NetName=VSYS_3V3 Pin=C94-1
Added Pin To Net: NetName=VSYS_3V3 Pin=C95-2
Added Pin To Net: NetName=VSYS_3V3 Pin=C301-2
Added Pin To Net: NetName=VSYS_3V3 Pin=FB1-1
Added Pin To Net: NetName=VSYS_3V3 Pin=R16-2
Added Pin To Net: NetName=VSYS_3V3 Pin=R22-2
Added Pin To Net: NetName=VSYS_3V3 Pin=R23-1
Added Pin To Net: NetName=VSYS_3V3 Pin=R24-2
Added Pin To Net: NetName=VSYS_3V3 Pin=R25-1
Added Pin To Net: NetName=VSYS_3V3 Pin=R26-1
Added Pin To Net: NetName=VSYS_3V3 Pin=R28-2
Added Pin To Net: NetName=VSYS_3V3 Pin=R31-2
Added Pin To Net: NetName=VSYS_3V3 Pin=R38-2
Added Pin To Net: NetName=VSYS_3V3 Pin=R45-2
Added Pin To Net: NetName=VSYS_3V3 Pin=R46-2
Added Pin To Net: NetName=VSYS_3V3 Pin=R75-2
Added Pin To Net: NetName=VSYS_3V3 Pin=R76-2
Added Pin To Net: NetName=VSYS_3V3 Pin=R81-2
Added Pin To Net: NetName=VSYS_3V3 Pin=R82-2
Added Pin To Net: NetName=VSYS_3V3 Pin=R84-2
Added Pin To Net: NetName=VSYS_3V3 Pin=R85-2
Added Pin To Net: NetName=VSYS_3V3 Pin=R153-2
Added Pin To Net: NetName=VSYS_3V3 Pin=R164-2
Added Pin To Net: NetName=VSYS_3V3 Pin=R165-2
Added Pin To Net: NetName=VSYS_3V3 Pin=U4-D8
Added Pin To Net: NetName=VSYS_3V3 Pin=U4-D12
Added Pin To Net: NetName=VSYS_3V3 Pin=U4-H4
Added Pin To Net: NetName=VSYS_3V3 Pin=U4-H15
Added Pin To Net: NetName=VSYS_3V3 Pin=U4-L15
Added Pin To Net: NetName=VSYS_3V3 Pin=U4-P4
Added Pin To Net: NetName=VSYS_3V3 Pin=U4-R15
Added Pin To Net: NetName=VSYS_3V3 Pin=U9-8
Added Pin To Net: NetName=VSYS_3V3 Pin=U10-1
Added Pin To Net: NetName=VSYS_3V3 Pin=U10-5
Added Pin To Net: NetName=VSYS_3V3 Pin=U11-8
Added Pin To Net: NetName=VSYS_3V3 Pin=U12-1
Added Pin To Net: NetName=VSYS_3V3 Pin=U13-5
Added Pin To Net: NetName=VSYS_3V3 Pin=U29-8
Added Net: Name=VSYS_3V3
Added Pin To Net: NetName=VSYS_5V0 Pin=R2-2
Added Net: Name=VSYS_5V0
Added Pin To Net: NetName=VSYS_MON_AM263_ Pin=C63-1
Added Pin To Net: NetName=VSYS_MON_AM263_ Pin=R2-1
Added Pin To Net: NetName=VSYS_MON_AM263_ Pin=R3-2
Added Pin To Net: NetName=VSYS_MON_AM263_ Pin=U4-U2
Added Net: Name=VSYS_MON_AM263_
Added Class: Name=AM263_1
Added Class: Name=AM263_2
Added Class: Name=AM263_3
Added Class: Name=AM263_4_ADC
Added Class: Name=AM2634_5_EPWM
Added Rule: Name=Schematic Supply Nets
Added Rule: Name=Schematic Supply Nets_1
Added Rule: Name=Schematic Supply Nets_2
Added Rule: Name=Schematic Supply Nets_3
Added Rule: Name=Schematic Supply Nets_4
Added Rule: Name=Schematic Supply Nets_5
Added Rule: Name=Schematic Supply Nets_6
