Change Component Footprint: Designator=C64 Old Footprint=0201 New Footprint=0201
Change Component Footprint: Designator=C65 Old Footprint=0201 New Footprint=0201
Change Component Footprint: Designator=C66 Old Footprint=0201 New Footprint=0201
Change Component Footprint: Designator=C69 Old Footprint=0201 New Footprint=0201
Change Component Footprint: Designator=C70 Old Footprint=0201 New Footprint=0201
Change Component Footprint: Designator=C71 Old Footprint=0201 New Footprint=0201
Change Component Footprint: Designator=C22 Old Footprint=0402 New Footprint=0402
Change Component Footprint: Designator=C23 Old Footprint=0402 New Footprint=0402
Change Component Footprint: Designator=C24 Old Footprint=0402 New Footprint=0402
Change Component Footprint: Designator=C25 Old Footprint=0402 New Footprint=0402
Change Component Footprint: Designator=C26 Old Footprint=0402 New Footprint=0402
Change Component Footprint: Designator=C27 Old Footprint=0402 New Footprint=0402
Change Component Footprint: Designator=C28 Old Footprint=0402 New Footprint=0402
Change Component Footprint: Designator=C30 Old Footprint=0402 New Footprint=0402
Change Component Footprint: Designator=C31 Old Footprint=0402 New Footprint=0402
Change Component Footprint: Designator=C32 Old Footprint=0402 New Footprint=0402
Change Component Footprint: Designator=C33 Old Footprint=0402 New Footprint=0402
Change Component Footprint: Designator=C34 Old Footprint=0402 New Footprint=0402
Change Component Footprint: Designator=C40 Old Footprint=0402 New Footprint=0402
Change Component Footprint: Designator=C42 Old Footprint=0402 New Footprint=0402
Change Component Footprint: Designator=C43 Old Footprint=0402 New Footprint=0402
Change Component Footprint: Designator=C44 Old Footprint=0402 New Footprint=0402
Change Component Footprint: Designator=C50 Old Footprint=0402 New Footprint=0402
Change Component Footprint: Designator=C51 Old Footprint=0402 New Footprint=0402
Change Component Footprint: Designator=C52 Old Footprint=0402 New Footprint=0402
Change Component Footprint: Designator=C53 Old Footprint=0402 New Footprint=0402
Change Component Footprint: Designator=C54 Old Footprint=0402 New Footprint=0402
Change Component Footprint: Designator=C63 Old Footprint=0402 New Footprint=0402
Change Component Footprint: Designator=C87 Old Footprint=0402 New Footprint=0402
Change Component Footprint: Designator=C88 Old Footprint=0402 New Footprint=0402
Change Component Footprint: Designator=C89 Old Footprint=0402 New Footprint=0402
Change Component Footprint: Designator=C90 Old Footprint=0402 New Footprint=0402
Change Component Footprint: Designator=C91 Old Footprint=0402 New Footprint=0402
Change Component Footprint: Designator=C94 Old Footprint=0402 New Footprint=0402
Change Component Footprint: Designator=C95 Old Footprint=0402 New Footprint=0402
Change Component Footprint: Designator=C96 Old Footprint=0402 New Footprint=0402
Change Component Footprint: Designator=C129 Old Footprint=0402 New Footprint=0402
Change Component Footprint: Designator=C130 Old Footprint=0402 New Footprint=0402
Change Component Footprint: Designator=C131 Old Footprint=0402 New Footprint=0402
Change Component Footprint: Designator=C132 Old Footprint=0402 New Footprint=0402
Change Component Footprint: Designator=C138 Old Footprint=0402 New Footprint=0402
Change Component Footprint: Designator=C139 Old Footprint=0402 New Footprint=0402
Change Component Footprint: Designator=C141 Old Footprint=0402 New Footprint=0402
Change Component Footprint: Designator=C301 Old Footprint=0402 New Footprint=0402
Change Component Footprint: Designator=R2 Old Footprint=0402 New Footprint=0402
Change Component Footprint: Designator=R3 Old Footprint=0402 New Footprint=0402
Change Component Footprint: Designator=R16 Old Footprint=0402 New Footprint=0402
Change Component Footprint: Designator=R20 Old Footprint=0402 New Footprint=0402
Change Component Footprint: Designator=R21 Old Footprint=0402 New Footprint=0402
Change Component Footprint: Designator=R22 Old Footprint=0402 New Footprint=0402
Change Component Footprint: Designator=R23 Old Footprint=0402 New Footprint=0402
Change Component Footprint: Designator=R24 Old Footprint=0402 New Footprint=0402
Change Component Footprint: Designator=R25 Old Footprint=0402 New Footprint=0402
Change Component Footprint: Designator=R26 Old Footprint=0402 New Footprint=0402
Change Component Footprint: Designator=R27 Old Footprint=0402 New Footprint=0402
Change Component Footprint: Designator=R28 Old Footprint=0402 New Footprint=0402
Change Component Footprint: Designator=R29 Old Footprint=0402 New Footprint=0402
Change Component Footprint: Designator=R30 Old Footprint=0402 New Footprint=0402
Change Component Footprint: Designator=R31 Old Footprint=0402 New Footprint=0402
Change Component Footprint: Designator=R38 Old Footprint=0402 New Footprint=0402
Change Component Footprint: Designator=R47 Old Footprint=0402 New Footprint=0402
Change Component Footprint: Designator=R48 Old Footprint=0402 New Footprint=0402
Change Component Footprint: Designator=R75 Old Footprint=0402 New Footprint=0402
Change Component Footprint: Designator=R76 Old Footprint=0402 New Footprint=0402
Change Component Footprint: Designator=R79 Old Footprint=0402 New Footprint=0402
Change Component Footprint: Designator=R80 Old Footprint=0402 New Footprint=0402
Change Component Footprint: Designator=R81 Old Footprint=0402 New Footprint=0402
Change Component Footprint: Designator=R82 Old Footprint=0402 New Footprint=0402
Change Component Footprint: Designator=R84 Old Footprint=0402 New Footprint=0402
Change Component Footprint: Designator=R85 Old Footprint=0402 New Footprint=0402
Change Component Footprint: Designator=R153 Old Footprint=0402 New Footprint=0402
Change Component Footprint: Designator=R164 Old Footprint=0402 New Footprint=0402
Change Component Footprint: Designator=R165 Old Footprint=0402 New Footprint=0402
Change Component Footprint: Designator=R44 Old Footprint=0402L New Footprint=0402L
Change Component Footprint: Designator=R45 Old Footprint=0402L New Footprint=0402L
Change Component Footprint: Designator=R46 Old Footprint=0402L New Footprint=0402L
Change Component Footprint: Designator=C16 Old Footprint=0603 New Footprint=0603
Change Component Footprint: Designator=C17 Old Footprint=0603 New Footprint=0603
Change Component Footprint: Designator=C18 Old Footprint=0603 New Footprint=0603
Change Component Footprint: Designator=C19 Old Footprint=0603 New Footprint=0603
Change Component Footprint: Designator=C20 Old Footprint=0603 New Footprint=0603
Change Component Footprint: Designator=C21 Old Footprint=0603 New Footprint=0603
Change Component Footprint: Designator=C29 Old Footprint=0603 New Footprint=0603
Change Component Footprint: Designator=C39 Old Footprint=0603 New Footprint=0603
Change Component Footprint: Designator=C41 Old Footprint=0603 New Footprint=0603
Change Component Footprint: Designator=C49 Old Footprint=0603 New Footprint=0603
Change Component Footprint: Designator=C67 Old Footprint=0603 New Footprint=0603
Change Component Footprint: Designator=C68 Old Footprint=0603 New Footprint=0603
Change Component Footprint: Designator=C92 Old Footprint=0603 New Footprint=0603
Change Component Footprint: Designator=C93 Old Footprint=0603 New Footprint=0603
Change Component Footprint: Designator=C137 Old Footprint=0603 New Footprint=0603
Change Component Footprint: Designator=C140 Old Footprint=0603 New Footprint=0603
Change Component Footprint: Designator=Y1 Old Footprint=Abracon_ABM10W New Footprint=Abracon_ABM10W
Change Component Footprint: Designator=U13 Old Footprint=DBV0005A_N New Footprint=DBV0005A_N
Change Component Footprint: Designator=U10 Old Footprint=DBV0006A_N New Footprint=DBV0006A_N
Change Component Footprint: Designator=U12 Old Footprint=DBV0006A_N New Footprint=DBV0006A_N
Change Component Footprint: Designator=U19 Old Footprint=DQA0010A New Footprint=DQA0010A
Change Component Footprint: Designator=U14 Old Footprint=DRL0005A New Footprint=DRL0005A
Change Component Footprint: Designator=FB2 Old Footprint=FP-BLM18EG121SN1D_0603-MFG New Footprint=FP-BLM18EG121SN1D_0603-MFG
Change Component Footprint: Designator=C35 Old Footprint=FP-GRM033C80J105ME05D_0201-MFG New Footprint=FP-GRM033C80J105ME05D_0201-MFG
Change Component Footprint: Designator=C36 Old Footprint=FP-GRM033C80J105ME05D_0201-MFG New Footprint=FP-GRM033C80J105ME05D_0201-MFG
Change Component Footprint: Designator=C37 Old Footprint=FP-GRM033C80J105ME05D_0201-MFG New Footprint=FP-GRM033C80J105ME05D_0201-MFG
Change Component Footprint: Designator=C38 Old Footprint=FP-GRM033C80J105ME05D_0201-MFG New Footprint=FP-GRM033C80J105ME05D_0201-MFG
Change Component Footprint: Designator=C45 Old Footprint=FP-GRM033C80J105ME05D_0201-MFG New Footprint=FP-GRM033C80J105ME05D_0201-MFG
Change Component Footprint: Designator=C46 Old Footprint=FP-GRM033C80J105ME05D_0201-MFG New Footprint=FP-GRM033C80J105ME05D_0201-MFG
Change Component Footprint: Designator=C47 Old Footprint=FP-GRM033C80J105ME05D_0201-MFG New Footprint=FP-GRM033C80J105ME05D_0201-MFG
Change Component Footprint: Designator=C48 Old Footprint=FP-GRM033C80J105ME05D_0201-MFG New Footprint=FP-GRM033C80J105ME05D_0201-MFG
Change Component Footprint: Designator=C55 Old Footprint=FP-GRM033C80J105ME05D_0201-MFG New Footprint=FP-GRM033C80J105ME05D_0201-MFG
Change Component Footprint: Designator=C56 Old Footprint=FP-GRM033C80J105ME05D_0201-MFG New Footprint=FP-GRM033C80J105ME05D_0201-MFG
Change Component Footprint: Designator=C57 Old Footprint=FP-GRM033C80J105ME05D_0201-MFG New Footprint=FP-GRM033C80J105ME05D_0201-MFG
Change Component Footprint: Designator=C58 Old Footprint=FP-GRM033C80J105ME05D_0201-MFG New Footprint=FP-GRM033C80J105ME05D_0201-MFG
Change Component Footprint: Designator=C59 Old Footprint=FP-GRM033C80J105ME05D_0201-MFG New Footprint=FP-GRM033C80J105ME05D_0201-MFG
Change Component Footprint: Designator=C60 Old Footprint=FP-GRM033C80J105ME05D_0201-MFG New Footprint=FP-GRM033C80J105ME05D_0201-MFG
Change Component Footprint: Designator=C61 Old Footprint=FP-GRM033C80J105ME05D_0201-MFG New Footprint=FP-GRM033C80J105ME05D_0201-MFG
Change Component Footprint: Designator=C62 Old Footprint=FP-GRM033C80J105ME05D_0201-MFG New Footprint=FP-GRM033C80J105ME05D_0201-MFG
Change Component Footprint: Designator=U11 Old Footprint=FP-S25FL128SAGNFI000_WSON8-IPC_B New Footprint=FP-S25FL128SAGNFI000_WSON8-IPC_B
Change Component Footprint: Designator=U29 Old Footprint=FP-S25FL128SAGNFI000_WSON8-IPC_B New Footprint=FP-S25FL128SAGNFI000_WSON8-IPC_B
Change Component Footprint: Designator=J1 Old Footprint=Hirose_DM3BT-DSF-PEJS New Footprint=Hirose_DM3BT-DSF-PEJS
Change Component Footprint: Designator=U15 Old Footprint=RSE0010A New Footprint=RSE0010A
Change Component Footprint: Designator=U9 Old Footprint=SOIC-8 New Footprint=SOIC-8
Added Component: Designator=C4(0805_HV)
Add component (AddParameter): Name = "AEC Category"; Value = "Q200"; VariantName = "[No Variations]"
Add component (AddParameter): Name = "AEC Grade"; Value = "N/A"; VariantName = "[No Variations]"
Add component (AddParameter): Name = "AEC Qualified"; Value = "N"; VariantName = "[No Variations]"
Add component (AddParameter): Name = "Alternate Manufacturer"; Value = ""; VariantName = "[No Variations]"
Add component (AddParameter): Name = "Alternate PartNumber"; Value = ""; VariantName = "[No Variations]"
Add component (AddParameter): Name = "Cap_Case"; Value = "0805"; VariantName = "[No Variations]"
Add component (AddParameter): Name = "Cap_F"; Value = "22µF"; VariantName = "[No Variations]"
Add component (AddParameter): Name = "ComponentLink1Description"; Value = "Datasheet link"; VariantName = "[No Variations]"
Add component (AddParameter): Name = "ComponentLink1URL"; Value = "http://psearch.en.murata.com/capacitor/product/GRM21BZ71A226ME15%23.pdf"; VariantName = "[No Variations]"
Add component (AddParameter): Name = "CompType"; Value = "Capacitor"; VariantName = "[No Variations]"
Add component (AddParameter): Name = "ESR_ohm"; Value = ""; VariantName = "[No Variations]"
Add component (AddParameter): Name = "IRMS_A"; Value = ""; VariantName = "[No Variations]"
Add component (AddParameter): Name = "LatestRevisionDate"; Value = "2017-03-09"; VariantName = "[No Variations]"
Add component (AddParameter): Name = "Manufacturer"; Value = "MuRata"; VariantName = "[No Variations]"
Add component (AddParameter): Name = "MountType"; Value = "SMT"; VariantName = "[No Variations]"
Add component (AddParameter): Name = "PackageReference"; Value = "0805"; VariantName = "[No Variations]"
Add component (AddParameter): Name = "PartNumber"; Value = "GRM21BZ71A226ME15L"; VariantName = "[No Variations]"
Add component (AddParameter): Name = "Polarized"; Value = "N"; VariantName = "[No Variations]"
Add component (AddParameter): Name = "Published"; Value = "2008-06-19"; VariantName = "[No Variations]"
Add component (AddParameter): Name = "Publisher"; Value = "Texas Instruments"; VariantName = "[No Variations]"
Add component (AddParameter): Name = "RoHS"; Value = "Y"; VariantName = "[No Variations]"
Add component (AddParameter): Name = "SizeArea_mm2"; Value = "2.5"; VariantName = "[No Variations]"
Add component (AddParameter): Name = "SizeAreaWB_mm2"; Value = "6.75"; VariantName = "[No Variations]"
Add component (AddParameter): Name = "SizeX_mm"; Value = "2"; VariantName = "[No Variations]"
Add component (AddParameter): Name = "SizeY_mm"; Value = "1.25"; VariantName = "[No Variations]"
Add component (AddParameter): Name = "SizeZ_mm"; Value = "1.45"; VariantName = "[No Variations]"
Add component (AddParameter): Name = "Supplier 1"; Value = "Mouser"; VariantName = "[No Variations]"
Add component (AddParameter): Name = "Supplier 2"; Value = ""; VariantName = "[No Variations]"
Add component (AddParameter): Name = "Supplier 3"; Value = ""; VariantName = "[No Variations]"
Add component (AddParameter): Name = "Supplier Part Number 1"; Value = "81-GRM21BZ71A226ME5L"; VariantName = "[No Variations]"
Add component (AddParameter): Name = "Supplier Part Number 2"; Value = ""; VariantName = "[No Variations]"
Add component (AddParameter): Name = "Supplier Part Number 3"; Value = ""; VariantName = "[No Variations]"
Add component (AddParameter): Name = "TaMax_C"; Value = "125°C"; VariantName = "[No Variations]"
Add component (AddParameter): Name = "TaMin_C"; Value = "-55°C"; VariantName = "[No Variations]"
Add component (AddParameter): Name = "Technology"; Value = "Ceramic"; VariantName = "[No Variations]"
Add component (AddParameter): Name = "TempCo"; Value = "X7R"; VariantName = "[No Variations]"
Add component (AddParameter): Name = "Tolerance_%"; Value = "20%"; VariantName = "[No Variations]"
Add component (AddParameter): Name = "U/M"; Value = "EA"; VariantName = "[No Variations]"
Add component (AddParameter): Name = "Value"; Value = "22uF"; VariantName = "[No Variations]"
Add component (AddParameter): Name = "Value1"; Value = "Unknown"; VariantName = "[No Variations]"
Add component (AddParameter): Name = "Value2"; Value = "10V"; VariantName = "[No Variations]"
Add component (AddParameter): Name = "ValueDisplayed"; Value = "22uF"; VariantName = "[No Variations]"
Add component (AddParameter): Name = "VDC_V"; Value = "10V"; VariantName = "[No Variations]"
Added Component: Designator=C5(0805_HV)
Add component (AddParameter): Name = "AEC Category"; Value = "Q200"; VariantName = "[No Variations]"
Add component (AddParameter): Name = "AEC Grade"; Value = "N/A"; VariantName = "[No Variations]"
Add component (AddParameter): Name = "AEC Qualified"; Value = "N"; VariantName = "[No Variations]"
Add component (AddParameter): Name = "Alternate Manufacturer"; Value = ""; VariantName = "[No Variations]"
Add component (AddParameter): Name = "Alternate PartNumber"; Value = ""; VariantName = "[No Variations]"
Add component (AddParameter): Name = "Cap_Case"; Value = "0805"; VariantName = "[No Variations]"
Add component (AddParameter): Name = "Cap_F"; Value = "22µF"; VariantName = "[No Variations]"
Add component (AddParameter): Name = "ComponentLink1Description"; Value = "Datasheet link"; VariantName = "[No Variations]"
Add component (AddParameter): Name = "ComponentLink1URL"; Value = "http://psearch.en.murata.com/capacitor/product/GRM21BZ71A226ME15%23.pdf"; VariantName = "[No Variations]"
Add component (AddParameter): Name = "CompType"; Value = "Capacitor"; VariantName = "[No Variations]"
Add component (AddParameter): Name = "ESR_ohm"; Value = ""; VariantName = "[No Variations]"
Add component (AddParameter): Name = "IRMS_A"; Value = ""; VariantName = "[No Variations]"
Add component (AddParameter): Name = "LatestRevisionDate"; Value = "2017-03-09"; VariantName = "[No Variations]"
Add component (AddParameter): Name = "Manufacturer"; Value = "MuRata"; VariantName = "[No Variations]"
Add component (AddParameter): Name = "MountType"; Value = "SMT"; VariantName = "[No Variations]"
Add component (AddParameter): Name = "PackageReference"; Value = "0805"; VariantName = "[No Variations]"
Add component (AddParameter): Name = "PartNumber"; Value = "GRM21BZ71A226ME15L"; VariantName = "[No Variations]"
Add component (AddParameter): Name = "Polarized"; Value = "N"; VariantName = "[No Variations]"
Add component (AddParameter): Name = "Published"; Value = "2008-06-19"; VariantName = "[No Variations]"
Add component (AddParameter): Name = "Publisher"; Value = "Texas Instruments"; VariantName = "[No Variations]"
Add component (AddParameter): Name = "RoHS"; Value = "Y"; VariantName = "[No Variations]"
Add component (AddParameter): Name = "SizeArea_mm2"; Value = "2.5"; VariantName = "[No Variations]"
Add component (AddParameter): Name = "SizeAreaWB_mm2"; Value = "6.75"; VariantName = "[No Variations]"
Add component (AddParameter): Name = "SizeX_mm"; Value = "2"; VariantName = "[No Variations]"
Add component (AddParameter): Name = "SizeY_mm"; Value = "1.25"; VariantName = "[No Variations]"
Add component (AddParameter): Name = "SizeZ_mm"; Value = "1.45"; VariantName = "[No Variations]"
Add component (AddParameter): Name = "Supplier 1"; Value = "Mouser"; VariantName = "[No Variations]"
Add component (AddParameter): Name = "Supplier 2"; Value = ""; VariantName = "[No Variations]"
Add component (AddParameter): Name = "Supplier 3"; Value = ""; VariantName = "[No Variations]"
Add component (AddParameter): Name = "Supplier Part Number 1"; Value = "81-GRM21BZ71A226ME5L"; VariantName = "[No Variations]"
Add component (AddParameter): Name = "Supplier Part Number 2"; Value = ""; VariantName = "[No Variations]"
Add component (AddParameter): Name = "Supplier Part Number 3"; Value = ""; VariantName = "[No Variations]"
Add component (AddParameter): Name = "TaMax_C"; Value = "125°C"; VariantName = "[No Variations]"
Add component (AddParameter): Name = "TaMin_C"; Value = "-55°C"; VariantName = "[No Variations]"
Add component (AddParameter): Name = "Technology"; Value = "Ceramic"; VariantName = "[No Variations]"
Add component (AddParameter): Name = "TempCo"; Value = "X7R"; VariantName = "[No Variations]"
Add component (AddParameter): Name = "Tolerance_%"; Value = "20%"; VariantName = "[No Variations]"
Add component (AddParameter): Name = "U/M"; Value = "EA"; VariantName = "[No Variations]"
Add component (AddParameter): Name = "Value"; Value = "22uF"; VariantName = "[No Variations]"
Add component (AddParameter): Name = "Value1"; Value = "Unknown"; VariantName = "[No Variations]"
Add component (AddParameter): Name = "Value2"; Value = "10V"; VariantName = "[No Variations]"
Add component (AddParameter): Name = "ValueDisplayed"; Value = "22uF"; VariantName = "[No Variations]"
Add component (AddParameter): Name = "VDC_V"; Value = "10V"; VariantName = "[No Variations]"
Added Component: Designator=C6(1210_270)
Add component (AddParameter): Name = "AEC Category"; Value = "Q200"; VariantName = "[No Variations]"
Add component (AddParameter): Name = "AEC Grade"; Value = ""; VariantName = "[No Variations]"
Add component (AddParameter): Name = "AEC Qualified"; Value = "?"; VariantName = "[No Variations]"
Add component (AddParameter): Name = "Alternate Manufacturer"; Value = ""; VariantName = "[No Variations]"
Add component (AddParameter): Name = "Alternate PartNumber"; Value = ""; VariantName = "[No Variations]"
Add component (AddParameter): Name = "Cap_Case"; Value = "1210"; VariantName = "[No Variations]"
Add component (AddParameter): Name = "Cap_F"; Value = "47µF"; VariantName = "[No Variations]"
Add component (AddParameter): Name = "ComponentLink1Description"; Value = "Datasheet link"; VariantName = "[No Variations]"
Add component (AddParameter): Name = "ComponentLink1URL"; Value = "http://search.murata.co.jp/Ceramy/image/img/A01X/G101/ENG/GRM32ER71A476ME15-01.pdf"; VariantName = "[No Variations]"
Add component (AddParameter): Name = "CompType"; Value = "Capacitor"; VariantName = "[No Variations]"
Add component (AddParameter): Name = "ESR_ohm"; Value = ""; VariantName = "[No Variations]"
Add component (AddParameter): Name = "IRMS_A"; Value = ""; VariantName = "[No Variations]"
Add component (AddParameter): Name = "LatestRevisionDate"; Value = "2017-03-09"; VariantName = "[No Variations]"
Add component (AddParameter): Name = "Manufacturer"; Value = "MuRata"; VariantName = "[No Variations]"
Add component (AddParameter): Name = "MountType"; Value = "SMT"; VariantName = "[No Variations]"
Add component (AddParameter): Name = "PackageReference"; Value = "1210"; VariantName = "[No Variations]"
Add component (AddParameter): Name = "PartNumber"; Value = "GRM32ER71A476ME15L"; VariantName = "[No Variations]"
Add component (AddParameter): Name = "Polarized"; Value = "N"; VariantName = "[No Variations]"
Add component (AddParameter): Name = "Published"; Value = "2008-06-19"; VariantName = "[No Variations]"
Add component (AddParameter): Name = "Publisher"; Value = "Texas Instruments"; VariantName = "[No Variations]"
Add component (AddParameter): Name = "RoHS"; Value = "Y"; VariantName = "[No Variations]"
Add component (AddParameter): Name = "SizeArea_mm2"; Value = "8"; VariantName = "[No Variations]"
Add component (AddParameter): Name = "SizeAreaWB_mm2"; Value = "14.7"; VariantName = "[No Variations]"
Add component (AddParameter): Name = "SizeX_mm"; Value = "3.2"; VariantName = "[No Variations]"
Add component (AddParameter): Name = "SizeY_mm"; Value = "2.5"; VariantName = "[No Variations]"
Add component (AddParameter): Name = "SizeZ_mm"; Value = "2.7"; VariantName = "[No Variations]"
Add component (AddParameter): Name = "Supplier 1"; Value = "Digi-Key"; VariantName = "[No Variations]"
Add component (AddParameter): Name = "Supplier 2"; Value = "Mouser"; VariantName = "[No Variations]"
Add component (AddParameter): Name = "Supplier 3"; Value = "Farnell"; VariantName = "[No Variations]"
Add component (AddParameter): Name = "Supplier Part Number 1"; Value = "490-6543-1-ND"; VariantName = "[No Variations]"
Add component (AddParameter): Name = "Supplier Part Number 2"; Value = "81-GRM32ER71A476ME5L"; VariantName = "[No Variations]"
Add component (AddParameter): Name = "Supplier Part Number 3"; Value = "2362130"; VariantName = "[No Variations]"
Add component (AddParameter): Name = "TaMax_C"; Value = "125°C"; VariantName = "[No Variations]"
Add component (AddParameter): Name = "TaMin_C"; Value = "-55°C"; VariantName = "[No Variations]"
Add component (AddParameter): Name = "Technology"; Value = "Ceramic"; VariantName = "[No Variations]"
Add component (AddParameter): Name = "TempCo"; Value = "X7R"; VariantName = "[No Variations]"
Add component (AddParameter): Name = "Tolerance_%"; Value = "20%"; VariantName = "[No Variations]"
Add component (AddParameter): Name = "U/M"; Value = "EA"; VariantName = "[No Variations]"
Add component (AddParameter): Name = "Value"; Value = "47uF"; VariantName = "[No Variations]"
Add component (AddParameter): Name = "Value1"; Value = "Unknown"; VariantName = "[No Variations]"
Add component (AddParameter): Name = "Value2"; Value = "10V"; VariantName = "[No Variations]"
Add component (AddParameter): Name = "ValueDisplayed"; Value = "47uF"; VariantName = "[No Variations]"
Add component (AddParameter): Name = "VDC_V"; Value = "10V"; VariantName = "[No Variations]"
Added Component: Designator=C8(0603)
Add component (AddParameter): Name = "AEC Category"; Value = "Q200"; VariantName = "[No Variations]"
Add component (AddParameter): Name = "AEC Grade"; Value = ""; VariantName = "[No Variations]"
Add component (AddParameter): Name = "AEC Qualified"; Value = "?"; VariantName = "[No Variations]"
Add component (AddParameter): Name = "Alternate Manufacturer"; Value = ""; VariantName = "[No Variations]"
Add component (AddParameter): Name = "Alternate PartNumber"; Value = ""; VariantName = "[No Variations]"
Add component (AddParameter): Name = "Cap_Case"; Value = "0603"; VariantName = "[No Variations]"
Add component (AddParameter): Name = "Cap_F"; Value = "470nF"; VariantName = "[No Variations]"
Add component (AddParameter): Name = "ComponentLink1Description"; Value = "Datasheet link"; VariantName = "[No Variations]"
Add component (AddParameter): Name = "ComponentLink1URL"; Value = "http://search.murata.co.jp/Ceramy/PnsearchViewAction.do?HnOFG=ON&HnNFG=ON&SEL_CNT=50&sLang=en&sKey=GRM188R71E474KA12D&x=9&y=9&search=startwith"; VariantName = "[No Variations]"
Add component (AddParameter): Name = "CompType"; Value = "Capacitor"; VariantName = "[No Variations]"
Add component (AddParameter): Name = "ESR_ohm"; Value = ""; VariantName = "[No Variations]"
Add component (AddParameter): Name = "IRMS_A"; Value = ""; VariantName = "[No Variations]"
Add component (AddParameter): Name = "LatestRevisionDate"; Value = "2017-03-09"; VariantName = "[No Variations]"
Add component (AddParameter): Name = "Manufacturer"; Value = "MuRata"; VariantName = "[No Variations]"
Add component (AddParameter): Name = "MountType"; Value = "SMT"; VariantName = "[No Variations]"
Add component (AddParameter): Name = "PackageReference"; Value = "0603"; VariantName = "[No Variations]"
Add component (AddParameter): Name = "PartNumber"; Value = "GRM188R71E474KA12D"; VariantName = "[No Variations]"
Add component (AddParameter): Name = "Polarized"; Value = "N"; VariantName = "[No Variations]"
Add component (AddParameter): Name = "Published"; Value = "2008-06-19"; VariantName = "[No Variations]"
Add component (AddParameter): Name = "Publisher"; Value = "Texas Instruments"; VariantName = "[No Variations]"
Add component (AddParameter): Name = "RoHS"; Value = "Y"; VariantName = "[No Variations]"
Add component (AddParameter): Name = "SizeArea_mm2"; Value = "1.28"; VariantName = "[No Variations]"
Add component (AddParameter): Name = "SizeAreaWB_mm2"; Value = "4.68"; VariantName = "[No Variations]"
Add component (AddParameter): Name = "SizeX_mm"; Value = "1.6"; VariantName = "[No Variations]"
Add component (AddParameter): Name = "SizeY_mm"; Value = "0.8"; VariantName = "[No Variations]"
Add component (AddParameter): Name = "SizeZ_mm"; Value = "1"; VariantName = "[No Variations]"
Add component (AddParameter): Name = "Supplier 1"; Value = "Digi-Key"; VariantName = "[No Variations]"
Add component (AddParameter): Name = "Supplier 2"; Value = "Mouser"; VariantName = "[No Variations]"
Add component (AddParameter): Name = "Supplier 3"; Value = "Farnell"; VariantName = "[No Variations]"
Add component (AddParameter): Name = "Supplier Part Number 1"; Value = "490-3291-1-ND"; VariantName = "[No Variations]"
Add component (AddParameter): Name = "Supplier Part Number 2"; Value = "81-GRM188R71E474KA12"; VariantName = "[No Variations]"
Add component (AddParameter): Name = "Supplier Part Number 3"; Value = "1828901"; VariantName = "[No Variations]"
Add component (AddParameter): Name = "TaMax_C"; Value = "125°C"; VariantName = "[No Variations]"
Add component (AddParameter): Name = "TaMin_C"; Value = "-55°C"; VariantName = "[No Variations]"
Add component (AddParameter): Name = "Technology"; Value = "Ceramic"; VariantName = "[No Variations]"
Add component (AddParameter): Name = "TempCo"; Value = "X7R"; VariantName = "[No Variations]"
Add component (AddParameter): Name = "Tolerance_%"; Value = "10%"; VariantName = "[No Variations]"
Add component (AddParameter): Name = "U/M"; Value = "EA"; VariantName = "[No Variations]"
Add component (AddParameter): Name = "Value"; Value = "0.47uF"; VariantName = "[No Variations]"
Add component (AddParameter): Name = "Value1"; Value = "Unknown"; VariantName = "[No Variations]"
Add component (AddParameter): Name = "Value2"; Value = "25V"; VariantName = "[No Variations]"
Add component (AddParameter): Name = "ValueDisplayed"; Value = "0.47uF"; VariantName = "[No Variations]"
Add component (AddParameter): Name = "VDC_V"; Value = "25V"; VariantName = "[No Variations]"
Added Component: Designator=C11(1210_270)
Add component (AddParameter): Name = "AC_Safety"; Value = ""; VariantName = "[No Variations]"
Add component (AddParameter): Name = "AEC Category"; Value = "Q200"; VariantName = "[No Variations]"
Add component (AddParameter): Name = "AEC Grade"; Value = "N/A"; VariantName = "[No Variations]"
Add component (AddParameter): Name = "AEC Qualified"; Value = "N"; VariantName = "[No Variations]"
Add component (AddParameter): Name = "Alternate Manufacturer"; Value = ""; VariantName = "[No Variations]"
Add component (AddParameter): Name = "Alternate PartNumber"; Value = ""; VariantName = "[No Variations]"
Add component (AddParameter): Name = "Cap_Case"; Value = "1210"; VariantName = "[No Variations]"
Add component (AddParameter): Name = "Cap_F"; Value = "10µF"; VariantName = "[No Variations]"
Add component (AddParameter): Name = "ComponentLink1Description"; Value = "Datasheet link"; VariantName = "[No Variations]"
Add component (AddParameter): Name = "ComponentLink1URL"; Value = "https://search.murata.co.jp/Ceramy/image/img/A01X/G101/ENG/GRM32ER7YA106KA12-01.pdf"; VariantName = "[No Variations]"
Add component (AddParameter): Name = "CompType"; Value = "Capacitor"; VariantName = "[No Variations]"
Add component (AddParameter): Name = "ESR_ohm"; Value = "1m"; VariantName = "[No Variations]"
Add component (AddParameter): Name = "Green_EU RoHS"; Value = ""; VariantName = "[No Variations]"
Add component (AddParameter): Name = "Green_EU RoHS-2"; Value = ""; VariantName = "[No Variations]"
Add component (AddParameter): Name = "Green_Lifecycle"; Value = ""; VariantName = "[No Variations]"
Add component (AddParameter): Name = "Green_REACh"; Value = ""; VariantName = "[No Variations]"
Add component (AddParameter): Name = "IRMS_A"; Value = "6A"; VariantName = "[No Variations]"
Add component (AddParameter): Name = "Manufacturer"; Value = "MuRata"; VariantName = "[No Variations]"
Add component (AddParameter): Name = "MountType"; Value = "SMT"; VariantName = "[No Variations]"
Add component (AddParameter): Name = "PackageReference"; Value = "1210"; VariantName = "[No Variations]"
Add component (AddParameter): Name = "PartNumber"; Value = "GRM32ER7YA106KA12K"; VariantName = "[No Variations]"
Add component (AddParameter): Name = "Polarized"; Value = "N"; VariantName = "[No Variations]"
Add component (AddParameter): Name = "RoHS"; Value = "Y"; VariantName = "[No Variations]"
Add component (AddParameter): Name = "SizeArea_mm2"; Value = "8"; VariantName = "[No Variations]"
Add component (AddParameter): Name = "SizeAreaWB_mm2"; Value = "14.7"; VariantName = "[No Variations]"
Add component (AddParameter): Name = "SizeX_mm"; Value = "3.2"; VariantName = "[No Variations]"
Add component (AddParameter): Name = "SizeY_mm"; Value = "2.5"; VariantName = "[No Variations]"
Add component (AddParameter): Name = "SizeZ_mm"; Value = "2.7"; VariantName = "[No Variations]"
Add component (AddParameter): Name = "Supplier 1"; Value = "Digi-Key"; VariantName = "[No Variations]"
Add component (AddParameter): Name = "Supplier 2"; Value = "Mouser"; VariantName = "[No Variations]"
Add component (AddParameter): Name = "Supplier 3"; Value = ""; VariantName = "[No Variations]"
Add component (AddParameter): Name = "Supplier Part Number 1"; Value = "GRM32ER7YA106KA12K-ND"; VariantName = "[No Variations]"
Add component (AddParameter): Name = "Supplier Part Number 2"; Value = "81-GRM32ER7YA106KA2K"; VariantName = "[No Variations]"
Add component (AddParameter): Name = "Supplier Part Number 3"; Value = ""; VariantName = "[No Variations]"
Add component (AddParameter): Name = "TaMax_C"; Value = "125°C"; VariantName = "[No Variations]"
Add component (AddParameter): Name = "TaMin_C"; Value = "-55°C"; VariantName = "[No Variations]"
Add component (AddParameter): Name = "Technology"; Value = "Ceramic"; VariantName = "[No Variations]"
Add component (AddParameter): Name = "TempCo"; Value = "X7R"; VariantName = "[No Variations]"
Add component (AddParameter): Name = "Tolerance_%"; Value = "10%"; VariantName = "[No Variations]"
Add component (AddParameter): Name = "U/M"; Value = "EA"; VariantName = "[No Variations]"
Add component (AddParameter): Name = "VAC"; Value = ""; VariantName = "[No Variations]"
Add component (AddParameter): Name = "VAC_X"; Value = ""; VariantName = "[No Variations]"
Add component (AddParameter): Name = "VAC_Y"; Value = ""; VariantName = "[No Variations]"
Add component (AddParameter): Name = "Value"; Value = "10uF"; VariantName = "[No Variations]"
Add component (AddParameter): Name = "Value1"; Value = "0.001 ohm"; VariantName = "[No Variations]"
Add component (AddParameter): Name = "Value2"; Value = "35V"; VariantName = "[No Variations]"
Add component (AddParameter): Name = "ValueDisplayed"; Value = "10µF"; VariantName = "[No Variations]"
Add component (AddParameter): Name = "VDC_V"; Value = "35V"; VariantName = "[No Variations]"
Added Component: Designator=C12(1210_270)
Add component (AddParameter): Name = "AC_Safety"; Value = ""; VariantName = "[No Variations]"
Add component (AddParameter): Name = "AEC Category"; Value = "Q200"; VariantName = "[No Variations]"
Add component (AddParameter): Name = "AEC Grade"; Value = "N/A"; VariantName = "[No Variations]"
Add component (AddParameter): Name = "AEC Qualified"; Value = "N"; VariantName = "[No Variations]"
Add component (AddParameter): Name = "Alternate Manufacturer"; Value = ""; VariantName = "[No Variations]"
Add component (AddParameter): Name = "Alternate PartNumber"; Value = ""; VariantName = "[No Variations]"
Add component (AddParameter): Name = "Cap_Case"; Value = "1210"; VariantName = "[No Variations]"
Add component (AddParameter): Name = "Cap_F"; Value = "10µF"; VariantName = "[No Variations]"
Add component (AddParameter): Name = "ComponentLink1Description"; Value = "Datasheet link"; VariantName = "[No Variations]"
Add component (AddParameter): Name = "ComponentLink1URL"; Value = "https://search.murata.co.jp/Ceramy/image/img/A01X/G101/ENG/GRM32ER7YA106KA12-01.pdf"; VariantName = "[No Variations]"
Add component (AddParameter): Name = "CompType"; Value = "Capacitor"; VariantName = "[No Variations]"
Add component (AddParameter): Name = "ESR_ohm"; Value = "1m"; VariantName = "[No Variations]"
Add component (AddParameter): Name = "Green_EU RoHS"; Value = ""; VariantName = "[No Variations]"
Add component (AddParameter): Name = "Green_EU RoHS-2"; Value = ""; VariantName = "[No Variations]"
Add component (AddParameter): Name = "Green_Lifecycle"; Value = ""; VariantName = "[No Variations]"
Add component (AddParameter): Name = "Green_REACh"; Value = ""; VariantName = "[No Variations]"
Add component (AddParameter): Name = "IRMS_A"; Value = "6A"; VariantName = "[No Variations]"
Add component (AddParameter): Name = "Manufacturer"; Value = "MuRata"; VariantName = "[No Variations]"
Add component (AddParameter): Name = "MountType"; Value = "SMT"; VariantName = "[No Variations]"
Add component (AddParameter): Name = "PackageReference"; Value = "1210"; VariantName = "[No Variations]"
Add component (AddParameter): Name = "PartNumber"; Value = "GRM32ER7YA106KA12K"; VariantName = "[No Variations]"
Add component (AddParameter): Name = "Polarized"; Value = "N"; VariantName = "[No Variations]"
Add component (AddParameter): Name = "RoHS"; Value = "Y"; VariantName = "[No Variations]"
Add component (AddParameter): Name = "SizeArea_mm2"; Value = "8"; VariantName = "[No Variations]"
Add component (AddParameter): Name = "SizeAreaWB_mm2"; Value = "14.7"; VariantName = "[No Variations]"
Add component (AddParameter): Name = "SizeX_mm"; Value = "3.2"; VariantName = "[No Variations]"
Add component (AddParameter): Name = "SizeY_mm"; Value = "2.5"; VariantName = "[No Variations]"
Add component (AddParameter): Name = "SizeZ_mm"; Value = "2.7"; VariantName = "[No Variations]"
Add component (AddParameter): Name = "Supplier 1"; Value = "Digi-Key"; VariantName = "[No Variations]"
Add component (AddParameter): Name = "Supplier 2"; Value = "Mouser"; VariantName = "[No Variations]"
Add component (AddParameter): Name = "Supplier 3"; Value = ""; VariantName = "[No Variations]"
Add component (AddParameter): Name = "Supplier Part Number 1"; Value = "GRM32ER7YA106KA12K-ND"; VariantName = "[No Variations]"
Add component (AddParameter): Name = "Supplier Part Number 2"; Value = "81-GRM32ER7YA106KA2K"; VariantName = "[No Variations]"
Add component (AddParameter): Name = "Supplier Part Number 3"; Value = ""; VariantName = "[No Variations]"
Add component (AddParameter): Name = "TaMax_C"; Value = "125°C"; VariantName = "[No Variations]"
Add component (AddParameter): Name = "TaMin_C"; Value = "-55°C"; VariantName = "[No Variations]"
Add component (AddParameter): Name = "Technology"; Value = "Ceramic"; VariantName = "[No Variations]"
Add component (AddParameter): Name = "TempCo"; Value = "X7R"; VariantName = "[No Variations]"
Add component (AddParameter): Name = "Tolerance_%"; Value = "10%"; VariantName = "[No Variations]"
Add component (AddParameter): Name = "U/M"; Value = "EA"; VariantName = "[No Variations]"
Add component (AddParameter): Name = "VAC"; Value = ""; VariantName = "[No Variations]"
Add component (AddParameter): Name = "VAC_X"; Value = ""; VariantName = "[No Variations]"
Add component (AddParameter): Name = "VAC_Y"; Value = ""; VariantName = "[No Variations]"
Add component (AddParameter): Name = "Value"; Value = "10uF"; VariantName = "[No Variations]"
Add component (AddParameter): Name = "Value1"; Value = "0.001 ohm"; VariantName = "[No Variations]"
Add component (AddParameter): Name = "Value2"; Value = "35V"; VariantName = "[No Variations]"
Add component (AddParameter): Name = "ValueDisplayed"; Value = "10µF"; VariantName = "[No Variations]"
Add component (AddParameter): Name = "VDC_V"; Value = "35V"; VariantName = "[No Variations]"
Added Component: Designator=C13(0805_HV)
Add component (AddParameter): Name = "AEC Category"; Value = "Q200"; VariantName = "[No Variations]"
Add component (AddParameter): Name = "AEC Grade"; Value = "N/A"; VariantName = "[No Variations]"
Add component (AddParameter): Name = "AEC Qualified"; Value = "N"; VariantName = "[No Variations]"
Add component (AddParameter): Name = "Alternate Manufacturer"; Value = ""; VariantName = "[No Variations]"
Add component (AddParameter): Name = "Alternate PartNumber"; Value = ""; VariantName = "[No Variations]"
Add component (AddParameter): Name = "Cap_Case"; Value = "0805"; VariantName = "[No Variations]"
Add component (AddParameter): Name = "Cap_F"; Value = "22µF"; VariantName = "[No Variations]"
Add component (AddParameter): Name = "ComponentLink1Description"; Value = "Datasheet link"; VariantName = "[No Variations]"
Add component (AddParameter): Name = "ComponentLink1URL"; Value = "http://psearch.en.murata.com/capacitor/product/GRM21BZ71A226ME15%23.pdf"; VariantName = "[No Variations]"
Add component (AddParameter): Name = "CompType"; Value = "Capacitor"; VariantName = "[No Variations]"
Add component (AddParameter): Name = "ESR_ohm"; Value = ""; VariantName = "[No Variations]"
Add component (AddParameter): Name = "IRMS_A"; Value = ""; VariantName = "[No Variations]"
Add component (AddParameter): Name = "LatestRevisionDate"; Value = "2017-03-09"; VariantName = "[No Variations]"
Add component (AddParameter): Name = "Manufacturer"; Value = "MuRata"; VariantName = "[No Variations]"
Add component (AddParameter): Name = "MountType"; Value = "SMT"; VariantName = "[No Variations]"
Add component (AddParameter): Name = "PackageReference"; Value = "0805"; VariantName = "[No Variations]"
Add component (AddParameter): Name = "PartNumber"; Value = "GRM21BZ71A226ME15L"; VariantName = "[No Variations]"
Add component (AddParameter): Name = "Polarized"; Value = "N"; VariantName = "[No Variations]"
Add component (AddParameter): Name = "Published"; Value = "2008-06-19"; VariantName = "[No Variations]"
Add component (AddParameter): Name = "Publisher"; Value = "Texas Instruments"; VariantName = "[No Variations]"
Add component (AddParameter): Name = "RoHS"; Value = "Y"; VariantName = "[No Variations]"
Add component (AddParameter): Name = "SizeArea_mm2"; Value = "2.5"; VariantName = "[No Variations]"
Add component (AddParameter): Name = "SizeAreaWB_mm2"; Value = "6.75"; VariantName = "[No Variations]"
Add component (AddParameter): Name = "SizeX_mm"; Value = "2"; VariantName = "[No Variations]"
Add component (AddParameter): Name = "SizeY_mm"; Value = "1.25"; VariantName = "[No Variations]"
Add component (AddParameter): Name = "SizeZ_mm"; Value = "1.45"; VariantName = "[No Variations]"
Add component (AddParameter): Name = "Supplier 1"; Value = "Mouser"; VariantName = "[No Variations]"
Add component (AddParameter): Name = "Supplier 2"; Value = ""; VariantName = "[No Variations]"
Add component (AddParameter): Name = "Supplier 3"; Value = ""; VariantName = "[No Variations]"
Add component (AddParameter): Name = "Supplier Part Number 1"; Value = "81-GRM21BZ71A226ME5L"; VariantName = "[No Variations]"
Add component (AddParameter): Name = "Supplier Part Number 2"; Value = ""; VariantName = "[No Variations]"
Add component (AddParameter): Name = "Supplier Part Number 3"; Value = ""; VariantName = "[No Variations]"
Add component (AddParameter): Name = "TaMax_C"; Value = "125°C"; VariantName = "[No Variations]"
Add component (AddParameter): Name = "TaMin_C"; Value = "-55°C"; VariantName = "[No Variations]"
Add component (AddParameter): Name = "Technology"; Value = "Ceramic"; VariantName = "[No Variations]"
Add component (AddParameter): Name = "TempCo"; Value = "X7R"; VariantName = "[No Variations]"
Add component (AddParameter): Name = "Tolerance_%"; Value = "20%"; VariantName = "[No Variations]"
Add component (AddParameter): Name = "U/M"; Value = "EA"; VariantName = "[No Variations]"
Add component (AddParameter): Name = "Value"; Value = "22uF"; VariantName = "[No Variations]"
Add component (AddParameter): Name = "Value1"; Value = "Unknown"; VariantName = "[No Variations]"
Add component (AddParameter): Name = "Value2"; Value = "10V"; VariantName = "[No Variations]"
Add component (AddParameter): Name = "ValueDisplayed"; Value = "22uF"; VariantName = "[No Variations]"
Add component (AddParameter): Name = "VDC_V"; Value = "10V"; VariantName = "[No Variations]"
Added Component: Designator=C14(0805_HV)
Add component (AddParameter): Name = "AEC Category"; Value = "Q200"; VariantName = "[No Variations]"
Add component (AddParameter): Name = "AEC Grade"; Value = "N/A"; VariantName = "[No Variations]"
Add component (AddParameter): Name = "AEC Qualified"; Value = "N"; VariantName = "[No Variations]"
Add component (AddParameter): Name = "Alternate Manufacturer"; Value = ""; VariantName = "[No Variations]"
Add component (AddParameter): Name = "Alternate PartNumber"; Value = ""; VariantName = "[No Variations]"
Add component (AddParameter): Name = "Cap_Case"; Value = "0805"; VariantName = "[No Variations]"
Add component (AddParameter): Name = "Cap_F"; Value = "22µF"; VariantName = "[No Variations]"
Add component (AddParameter): Name = "ComponentLink1Description"; Value = "Datasheet link"; VariantName = "[No Variations]"
Add component (AddParameter): Name = "ComponentLink1URL"; Value = "http://psearch.en.murata.com/capacitor/product/GRM21BZ71A226ME15%23.pdf"; VariantName = "[No Variations]"
Add component (AddParameter): Name = "CompType"; Value = "Capacitor"; VariantName = "[No Variations]"
Add component (AddParameter): Name = "ESR_ohm"; Value = ""; VariantName = "[No Variations]"
Add component (AddParameter): Name = "IRMS_A"; Value = ""; VariantName = "[No Variations]"
Add component (AddParameter): Name = "LatestRevisionDate"; Value = "2017-03-09"; VariantName = "[No Variations]"
Add component (AddParameter): Name = "Manufacturer"; Value = "MuRata"; VariantName = "[No Variations]"
Add component (AddParameter): Name = "MountType"; Value = "SMT"; VariantName = "[No Variations]"
Add component (AddParameter): Name = "PackageReference"; Value = "0805"; VariantName = "[No Variations]"
Add component (AddParameter): Name = "PartNumber"; Value = "GRM21BZ71A226ME15L"; VariantName = "[No Variations]"
Add component (AddParameter): Name = "Polarized"; Value = "N"; VariantName = "[No Variations]"
Add component (AddParameter): Name = "Published"; Value = "2008-06-19"; VariantName = "[No Variations]"
Add component (AddParameter): Name = "Publisher"; Value = "Texas Instruments"; VariantName = "[No Variations]"
Add component (AddParameter): Name = "RoHS"; Value = "Y"; VariantName = "[No Variations]"
Add component (AddParameter): Name = "SizeArea_mm2"; Value = "2.5"; VariantName = "[No Variations]"
Add component (AddParameter): Name = "SizeAreaWB_mm2"; Value = "6.75"; VariantName = "[No Variations]"
Add component (AddParameter): Name = "SizeX_mm"; Value = "2"; VariantName = "[No Variations]"
Add component (AddParameter): Name = "SizeY_mm"; Value = "1.25"; VariantName = "[No Variations]"
Add component (AddParameter): Name = "SizeZ_mm"; Value = "1.45"; VariantName = "[No Variations]"
Add component (AddParameter): Name = "Supplier 1"; Value = "Mouser"; VariantName = "[No Variations]"
Add component (AddParameter): Name = "Supplier 2"; Value = ""; VariantName = "[No Variations]"
Add component (AddParameter): Name = "Supplier 3"; Value = ""; VariantName = "[No Variations]"
Add component (AddParameter): Name = "Supplier Part Number 1"; Value = "81-GRM21BZ71A226ME5L"; VariantName = "[No Variations]"
Add component (AddParameter): Name = "Supplier Part Number 2"; Value = ""; VariantName = "[No Variations]"
Add component (AddParameter): Name = "Supplier Part Number 3"; Value = ""; VariantName = "[No Variations]"
Add component (AddParameter): Name = "TaMax_C"; Value = "125°C"; VariantName = "[No Variations]"
Add component (AddParameter): Name = "TaMin_C"; Value = "-55°C"; VariantName = "[No Variations]"
Add component (AddParameter): Name = "Technology"; Value = "Ceramic"; VariantName = "[No Variations]"
Add component (AddParameter): Name = "TempCo"; Value = "X7R"; VariantName = "[No Variations]"
Add component (AddParameter): Name = "Tolerance_%"; Value = "20%"; VariantName = "[No Variations]"
Add component (AddParameter): Name = "U/M"; Value = "EA"; VariantName = "[No Variations]"
Add component (AddParameter): Name = "Value"; Value = "22uF"; VariantName = "[No Variations]"
Add component (AddParameter): Name = "Value1"; Value = "Unknown"; VariantName = "[No Variations]"
Add component (AddParameter): Name = "Value2"; Value = "10V"; VariantName = "[No Variations]"
Add component (AddParameter): Name = "ValueDisplayed"; Value = "22uF"; VariantName = "[No Variations]"
Add component (AddParameter): Name = "VDC_V"; Value = "10V"; VariantName = "[No Variations]"
Added Component: Designator=C15(1210_270)
Add component (AddParameter): Name = "AEC Category"; Value = "Q200"; VariantName = "[No Variations]"
Add component (AddParameter): Name = "AEC Grade"; Value = ""; VariantName = "[No Variations]"
Add component (AddParameter): Name = "AEC Qualified"; Value = "?"; VariantName = "[No Variations]"
Add component (AddParameter): Name = "Alternate Manufacturer"; Value = ""; VariantName = "[No Variations]"
Add component (AddParameter): Name = "Alternate PartNumber"; Value = ""; VariantName = "[No Variations]"
Add component (AddParameter): Name = "Cap_Case"; Value = "1210"; VariantName = "[No Variations]"
Add component (AddParameter): Name = "Cap_F"; Value = "47µF"; VariantName = "[No Variations]"
Add component (AddParameter): Name = "ComponentLink1Description"; Value = "Datasheet link"; VariantName = "[No Variations]"
Add component (AddParameter): Name = "ComponentLink1URL"; Value = "http://search.murata.co.jp/Ceramy/image/img/A01X/G101/ENG/GRM32ER71A476ME15-01.pdf"; VariantName = "[No Variations]"
Add component (AddParameter): Name = "CompType"; Value = "Capacitor"; VariantName = "[No Variations]"
Add component (AddParameter): Name = "ESR_ohm"; Value = ""; VariantName = "[No Variations]"
Add component (AddParameter): Name = "IRMS_A"; Value = ""; VariantName = "[No Variations]"
Add component (AddParameter): Name = "LatestRevisionDate"; Value = "2017-03-09"; VariantName = "[No Variations]"
Add component (AddParameter): Name = "Manufacturer"; Value = "MuRata"; VariantName = "[No Variations]"
Add component (AddParameter): Name = "MountType"; Value = "SMT"; VariantName = "[No Variations]"
Add component (AddParameter): Name = "PackageReference"; Value = "1210"; VariantName = "[No Variations]"
Add component (AddParameter): Name = "PartNumber"; Value = "GRM32ER71A476ME15L"; VariantName = "[No Variations]"
Add component (AddParameter): Name = "Polarized"; Value = "N"; VariantName = "[No Variations]"
Add component (AddParameter): Name = "Published"; Value = "2008-06-19"; VariantName = "[No Variations]"
Add component (AddParameter): Name = "Publisher"; Value = "Texas Instruments"; VariantName = "[No Variations]"
Add component (AddParameter): Name = "RoHS"; Value = "Y"; VariantName = "[No Variations]"
Add component (AddParameter): Name = "SizeArea_mm2"; Value = "8"; VariantName = "[No Variations]"
Add component (AddParameter): Name = "SizeAreaWB_mm2"; Value = "14.7"; VariantName = "[No Variations]"
Add component (AddParameter): Name = "SizeX_mm"; Value = "3.2"; VariantName = "[No Variations]"
Add component (AddParameter): Name = "SizeY_mm"; Value = "2.5"; VariantName = "[No Variations]"
Add component (AddParameter): Name = "SizeZ_mm"; Value = "2.7"; VariantName = "[No Variations]"
Add component (AddParameter): Name = "Supplier 1"; Value = "Digi-Key"; VariantName = "[No Variations]"
Add component (AddParameter): Name = "Supplier 2"; Value = "Mouser"; VariantName = "[No Variations]"
Add component (AddParameter): Name = "Supplier 3"; Value = "Farnell"; VariantName = "[No Variations]"
Add component (AddParameter): Name = "Supplier Part Number 1"; Value = "490-6543-1-ND"; VariantName = "[No Variations]"
Add component (AddParameter): Name = "Supplier Part Number 2"; Value = "81-GRM32ER71A476ME5L"; VariantName = "[No Variations]"
Add component (AddParameter): Name = "Supplier Part Number 3"; Value = "2362130"; VariantName = "[No Variations]"
Add component (AddParameter): Name = "TaMax_C"; Value = "125°C"; VariantName = "[No Variations]"
Add component (AddParameter): Name = "TaMin_C"; Value = "-55°C"; VariantName = "[No Variations]"
Add component (AddParameter): Name = "Technology"; Value = "Ceramic"; VariantName = "[No Variations]"
Add component (AddParameter): Name = "TempCo"; Value = "X7R"; VariantName = "[No Variations]"
Add component (AddParameter): Name = "Tolerance_%"; Value = "20%"; VariantName = "[No Variations]"
Add component (AddParameter): Name = "U/M"; Value = "EA"; VariantName = "[No Variations]"
Add component (AddParameter): Name = "Value"; Value = "47uF"; VariantName = "[No Variations]"
Add component (AddParameter): Name = "Value1"; Value = "Unknown"; VariantName = "[No Variations]"
Add component (AddParameter): Name = "Value2"; Value = "10V"; VariantName = "[No Variations]"
Add component (AddParameter): Name = "ValueDisplayed"; Value = "47uF"; VariantName = "[No Variations]"
Add component (AddParameter): Name = "VDC_V"; Value = "10V"; VariantName = "[No Variations]"
Added Component: Designator=C72(0603)
Add component (AddParameter): Name = "AEC Category"; Value = "Q200"; VariantName = "[No Variations]"
Add component (AddParameter): Name = "AEC Grade"; Value = ""; VariantName = "[No Variations]"
Add component (AddParameter): Name = "AEC Qualified"; Value = "?"; VariantName = "[No Variations]"
Add component (AddParameter): Name = "Alternate Manufacturer"; Value = ""; VariantName = "[No Variations]"
Add component (AddParameter): Name = "Alternate PartNumber"; Value = ""; VariantName = "[No Variations]"
Add component (AddParameter): Name = "Cap_Case"; Value = "0603"; VariantName = "[No Variations]"
Add component (AddParameter): Name = "Cap_F"; Value = "470nF"; VariantName = "[No Variations]"
Add component (AddParameter): Name = "ComponentLink1Description"; Value = "Datasheet link"; VariantName = "[No Variations]"
Add component (AddParameter): Name = "ComponentLink1URL"; Value = "http://search.murata.co.jp/Ceramy/PnsearchViewAction.do?HnOFG=ON&HnNFG=ON&SEL_CNT=50&sLang=en&sKey=GRM188R71E474KA12D&x=9&y=9&search=startwith"; VariantName = "[No Variations]"
Add component (AddParameter): Name = "CompType"; Value = "Capacitor"; VariantName = "[No Variations]"
Add component (AddParameter): Name = "ESR_ohm"; Value = ""; VariantName = "[No Variations]"
Add component (AddParameter): Name = "IRMS_A"; Value = ""; VariantName = "[No Variations]"
Add component (AddParameter): Name = "LatestRevisionDate"; Value = "2017-03-09"; VariantName = "[No Variations]"
Add component (AddParameter): Name = "Manufacturer"; Value = "MuRata"; VariantName = "[No Variations]"
Add component (AddParameter): Name = "MountType"; Value = "SMT"; VariantName = "[No Variations]"
Add component (AddParameter): Name = "PackageReference"; Value = "0603"; VariantName = "[No Variations]"
Add component (AddParameter): Name = "PartNumber"; Value = "GRM188R71E474KA12D"; VariantName = "[No Variations]"
Add component (AddParameter): Name = "Polarized"; Value = "N"; VariantName = "[No Variations]"
Add component (AddParameter): Name = "Published"; Value = "2008-06-19"; VariantName = "[No Variations]"
Add component (AddParameter): Name = "Publisher"; Value = "Texas Instruments"; VariantName = "[No Variations]"
Add component (AddParameter): Name = "RoHS"; Value = "Y"; VariantName = "[No Variations]"
Add component (AddParameter): Name = "SizeArea_mm2"; Value = "1.28"; VariantName = "[No Variations]"
Add component (AddParameter): Name = "SizeAreaWB_mm2"; Value = "4.68"; VariantName = "[No Variations]"
Add component (AddParameter): Name = "SizeX_mm"; Value = "1.6"; VariantName = "[No Variations]"
Add component (AddParameter): Name = "SizeY_mm"; Value = "0.8"; VariantName = "[No Variations]"
Add component (AddParameter): Name = "SizeZ_mm"; Value = "1"; VariantName = "[No Variations]"
Add component (AddParameter): Name = "Supplier 1"; Value = "Digi-Key"; VariantName = "[No Variations]"
Add component (AddParameter): Name = "Supplier 2"; Value = "Mouser"; VariantName = "[No Variations]"
Add component (AddParameter): Name = "Supplier 3"; Value = "Farnell"; VariantName = "[No Variations]"
Add component (AddParameter): Name = "Supplier Part Number 1"; Value = "490-3291-1-ND"; VariantName = "[No Variations]"
Add component (AddParameter): Name = "Supplier Part Number 2"; Value = "81-GRM188R71E474KA12"; VariantName = "[No Variations]"
Add component (AddParameter): Name = "Supplier Part Number 3"; Value = "1828901"; VariantName = "[No Variations]"
Add component (AddParameter): Name = "TaMax_C"; Value = "125°C"; VariantName = "[No Variations]"
Add component (AddParameter): Name = "TaMin_C"; Value = "-55°C"; VariantName = "[No Variations]"
Add component (AddParameter): Name = "Technology"; Value = "Ceramic"; VariantName = "[No Variations]"
Add component (AddParameter): Name = "TempCo"; Value = "X7R"; VariantName = "[No Variations]"
Add component (AddParameter): Name = "Tolerance_%"; Value = "10%"; VariantName = "[No Variations]"
Add component (AddParameter): Name = "U/M"; Value = "EA"; VariantName = "[No Variations]"
Add component (AddParameter): Name = "Value"; Value = "0.47uF"; VariantName = "[No Variations]"
Add component (AddParameter): Name = "Value1"; Value = "Unknown"; VariantName = "[No Variations]"
Add component (AddParameter): Name = "Value2"; Value = "25V"; VariantName = "[No Variations]"
Add component (AddParameter): Name = "ValueDisplayed"; Value = "0.47uF"; VariantName = "[No Variations]"
Add component (AddParameter): Name = "VDC_V"; Value = "25V"; VariantName = "[No Variations]"
Added Component: Designator=C73(1210_270)
Add component (AddParameter): Name = "AC_Safety"; Value = ""; VariantName = "[No Variations]"
Add component (AddParameter): Name = "AEC Category"; Value = "Q200"; VariantName = "[No Variations]"
Add component (AddParameter): Name = "AEC Grade"; Value = "N/A"; VariantName = "[No Variations]"
Add component (AddParameter): Name = "AEC Qualified"; Value = "N"; VariantName = "[No Variations]"
Add component (AddParameter): Name = "Alternate Manufacturer"; Value = ""; VariantName = "[No Variations]"
Add component (AddParameter): Name = "Alternate PartNumber"; Value = ""; VariantName = "[No Variations]"
Add component (AddParameter): Name = "Cap_Case"; Value = "1210"; VariantName = "[No Variations]"
Add component (AddParameter): Name = "Cap_F"; Value = "10µF"; VariantName = "[No Variations]"
Add component (AddParameter): Name = "ComponentLink1Description"; Value = "Datasheet link"; VariantName = "[No Variations]"
Add component (AddParameter): Name = "ComponentLink1URL"; Value = "https://search.murata.co.jp/Ceramy/image/img/A01X/G101/ENG/GRM32ER7YA106KA12-01.pdf"; VariantName = "[No Variations]"
Add component (AddParameter): Name = "CompType"; Value = "Capacitor"; VariantName = "[No Variations]"
Add component (AddParameter): Name = "ESR_ohm"; Value = "1m"; VariantName = "[No Variations]"
Add component (AddParameter): Name = "Green_EU RoHS"; Value = ""; VariantName = "[No Variations]"
Add component (AddParameter): Name = "Green_EU RoHS-2"; Value = ""; VariantName = "[No Variations]"
Add component (AddParameter): Name = "Green_Lifecycle"; Value = ""; VariantName = "[No Variations]"
Add component (AddParameter): Name = "Green_REACh"; Value = ""; VariantName = "[No Variations]"
Add component (AddParameter): Name = "IRMS_A"; Value = "6A"; VariantName = "[No Variations]"
Add component (AddParameter): Name = "Manufacturer"; Value = "MuRata"; VariantName = "[No Variations]"
Add component (AddParameter): Name = "MountType"; Value = "SMT"; VariantName = "[No Variations]"
Add component (AddParameter): Name = "PackageReference"; Value = "1210"; VariantName = "[No Variations]"
Add component (AddParameter): Name = "PartNumber"; Value = "GRM32ER7YA106KA12K"; VariantName = "[No Variations]"
Add component (AddParameter): Name = "Polarized"; Value = "N"; VariantName = "[No Variations]"
Add component (AddParameter): Name = "RoHS"; Value = "Y"; VariantName = "[No Variations]"
Add component (AddParameter): Name = "SizeArea_mm2"; Value = "8"; VariantName = "[No Variations]"
Add component (AddParameter): Name = "SizeAreaWB_mm2"; Value = "14.7"; VariantName = "[No Variations]"
Add component (AddParameter): Name = "SizeX_mm"; Value = "3.2"; VariantName = "[No Variations]"
Add component (AddParameter): Name = "SizeY_mm"; Value = "2.5"; VariantName = "[No Variations]"
Add component (AddParameter): Name = "SizeZ_mm"; Value = "2.7"; VariantName = "[No Variations]"
Add component (AddParameter): Name = "Supplier 1"; Value = "Digi-Key"; VariantName = "[No Variations]"
Add component (AddParameter): Name = "Supplier 2"; Value = "Mouser"; VariantName = "[No Variations]"
Add component (AddParameter): Name = "Supplier 3"; Value = ""; VariantName = "[No Variations]"
Add component (AddParameter): Name = "Supplier Part Number 1"; Value = "GRM32ER7YA106KA12K-ND"; VariantName = "[No Variations]"
Add component (AddParameter): Name = "Supplier Part Number 2"; Value = "81-GRM32ER7YA106KA2K"; VariantName = "[No Variations]"
Add component (AddParameter): Name = "Supplier Part Number 3"; Value = ""; VariantName = "[No Variations]"
Add component (AddParameter): Name = "TaMax_C"; Value = "125°C"; VariantName = "[No Variations]"
Add component (AddParameter): Name = "TaMin_C"; Value = "-55°C"; VariantName = "[No Variations]"
Add component (AddParameter): Name = "Technology"; Value = "Ceramic"; VariantName = "[No Variations]"
Add component (AddParameter): Name = "TempCo"; Value = "X7R"; VariantName = "[No Variations]"
Add component (AddParameter): Name = "Tolerance_%"; Value = "10%"; VariantName = "[No Variations]"
Add component (AddParameter): Name = "U/M"; Value = "EA"; VariantName = "[No Variations]"
Add component (AddParameter): Name = "VAC"; Value = ""; VariantName = "[No Variations]"
Add component (AddParameter): Name = "VAC_X"; Value = ""; VariantName = "[No Variations]"
Add component (AddParameter): Name = "VAC_Y"; Value = ""; VariantName = "[No Variations]"
Add component (AddParameter): Name = "Value"; Value = "10uF"; VariantName = "[No Variations]"
Add component (AddParameter): Name = "Value1"; Value = "0.001 ohm"; VariantName = "[No Variations]"
Add component (AddParameter): Name = "Value2"; Value = "35V"; VariantName = "[No Variations]"
Add component (AddParameter): Name = "ValueDisplayed"; Value = "10µF"; VariantName = "[No Variations]"
Add component (AddParameter): Name = "VDC_V"; Value = "35V"; VariantName = "[No Variations]"
Added Component: Designator=C74(1210_270)
Add component (AddParameter): Name = "AC_Safety"; Value = ""; VariantName = "[No Variations]"
Add component (AddParameter): Name = "AEC Category"; Value = "Q200"; VariantName = "[No Variations]"
Add component (AddParameter): Name = "AEC Grade"; Value = "N/A"; VariantName = "[No Variations]"
Add component (AddParameter): Name = "AEC Qualified"; Value = "N"; VariantName = "[No Variations]"
Add component (AddParameter): Name = "Alternate Manufacturer"; Value = ""; VariantName = "[No Variations]"
Add component (AddParameter): Name = "Alternate PartNumber"; Value = ""; VariantName = "[No Variations]"
Add component (AddParameter): Name = "Cap_Case"; Value = "1210"; VariantName = "[No Variations]"
Add component (AddParameter): Name = "Cap_F"; Value = "10µF"; VariantName = "[No Variations]"
Add component (AddParameter): Name = "ComponentLink1Description"; Value = "Datasheet link"; VariantName = "[No Variations]"
Add component (AddParameter): Name = "ComponentLink1URL"; Value = "https://search.murata.co.jp/Ceramy/image/img/A01X/G101/ENG/GRM32ER7YA106KA12-01.pdf"; VariantName = "[No Variations]"
Add component (AddParameter): Name = "CompType"; Value = "Capacitor"; VariantName = "[No Variations]"
Add component (AddParameter): Name = "ESR_ohm"; Value = "1m"; VariantName = "[No Variations]"
Add component (AddParameter): Name = "Green_EU RoHS"; Value = ""; VariantName = "[No Variations]"
Add component (AddParameter): Name = "Green_EU RoHS-2"; Value = ""; VariantName = "[No Variations]"
Add component (AddParameter): Name = "Green_Lifecycle"; Value = ""; VariantName = "[No Variations]"
Add component (AddParameter): Name = "Green_REACh"; Value = ""; VariantName = "[No Variations]"
Add component (AddParameter): Name = "IRMS_A"; Value = "6A"; VariantName = "[No Variations]"
Add component (AddParameter): Name = "Manufacturer"; Value = "MuRata"; VariantName = "[No Variations]"
Add component (AddParameter): Name = "MountType"; Value = "SMT"; VariantName = "[No Variations]"
Add component (AddParameter): Name = "PackageReference"; Value = "1210"; VariantName = "[No Variations]"
Add component (AddParameter): Name = "PartNumber"; Value = "GRM32ER7YA106KA12K"; VariantName = "[No Variations]"
Add component (AddParameter): Name = "Polarized"; Value = "N"; VariantName = "[No Variations]"
Add component (AddParameter): Name = "RoHS"; Value = "Y"; VariantName = "[No Variations]"
Add component (AddParameter): Name = "SizeArea_mm2"; Value = "8"; VariantName = "[No Variations]"
Add component (AddParameter): Name = "SizeAreaWB_mm2"; Value = "14.7"; VariantName = "[No Variations]"
Add component (AddParameter): Name = "SizeX_mm"; Value = "3.2"; VariantName = "[No Variations]"
Add component (AddParameter): Name = "SizeY_mm"; Value = "2.5"; VariantName = "[No Variations]"
Add component (AddParameter): Name = "SizeZ_mm"; Value = "2.7"; VariantName = "[No Variations]"
Add component (AddParameter): Name = "Supplier 1"; Value = "Digi-Key"; VariantName = "[No Variations]"
Add component (AddParameter): Name = "Supplier 2"; Value = "Mouser"; VariantName = "[No Variations]"
Add component (AddParameter): Name = "Supplier 3"; Value = ""; VariantName = "[No Variations]"
Add component (AddParameter): Name = "Supplier Part Number 1"; Value = "GRM32ER7YA106KA12K-ND"; VariantName = "[No Variations]"
Add component (AddParameter): Name = "Supplier Part Number 2"; Value = "81-GRM32ER7YA106KA2K"; VariantName = "[No Variations]"
Add component (AddParameter): Name = "Supplier Part Number 3"; Value = ""; VariantName = "[No Variations]"
Add component (AddParameter): Name = "TaMax_C"; Value = "125°C"; VariantName = "[No Variations]"
Add component (AddParameter): Name = "TaMin_C"; Value = "-55°C"; VariantName = "[No Variations]"
Add component (AddParameter): Name = "Technology"; Value = "Ceramic"; VariantName = "[No Variations]"
Add component (AddParameter): Name = "TempCo"; Value = "X7R"; VariantName = "[No Variations]"
Add component (AddParameter): Name = "Tolerance_%"; Value = "10%"; VariantName = "[No Variations]"
Add component (AddParameter): Name = "U/M"; Value = "EA"; VariantName = "[No Variations]"
Add component (AddParameter): Name = "VAC"; Value = ""; VariantName = "[No Variations]"
Add component (AddParameter): Name = "VAC_X"; Value = ""; VariantName = "[No Variations]"
Add component (AddParameter): Name = "VAC_Y"; Value = ""; VariantName = "[No Variations]"
Add component (AddParameter): Name = "Value"; Value = "10uF"; VariantName = "[No Variations]"
Add component (AddParameter): Name = "Value1"; Value = "0.001 ohm"; VariantName = "[No Variations]"
Add component (AddParameter): Name = "Value2"; Value = "35V"; VariantName = "[No Variations]"
Add component (AddParameter): Name = "ValueDisplayed"; Value = "10µF"; VariantName = "[No Variations]"
Add component (AddParameter): Name = "VDC_V"; Value = "35V"; VariantName = "[No Variations]"
Added Component: Designator=L2(WE-MAPI_4020)
Add component (AddParameter): Name = "AEC Category"; Value = "Q200"; VariantName = "[No Variations]"
Add component (AddParameter): Name = "AEC Grade"; Value = "N/A"; VariantName = "[No Variations]"
Add component (AddParameter): Name = "AEC Qualified"; Value = "N"; VariantName = "[No Variations]"
Add component (AddParameter): Name = "Alternate Manufacturer"; Value = ""; VariantName = "[No Variations]"
Add component (AddParameter): Name = "Alternate PartNumber"; Value = ""; VariantName = "[No Variations]"
Add component (AddParameter): Name = "ComponentLink1Description"; Value = "Datasheet link"; VariantName = "[No Variations]"
Add component (AddParameter): Name = "ComponentLink1URL"; Value = "http://katalog.we-online.com/pbs/datasheet/74438356022.pdf"; VariantName = "[No Variations]"
Add component (AddParameter): Name = "CompType"; Value = "Inductor"; VariantName = "[No Variations]"
Add component (AddParameter): Name = "DCR_ohm"; Value = "29m"; VariantName = "[No Variations]"
Add component (AddParameter): Name = "Green_EU RoHS"; Value = "Passed"; VariantName = "[No Variations]"
Add component (AddParameter): Name = "Green_EU RoHS-2"; Value = "Incomplete"; VariantName = "[No Variations]"
Add component (AddParameter): Name = "Green_Lifecycle"; Value = "Active"; VariantName = "[No Variations]"
Add component (AddParameter): Name = "Green_REACh"; Value = "Passed"; VariantName = "[No Variations]"
Add component (AddParameter): Name = "Imax_A"; Value = "4.7A"; VariantName = "[No Variations]"
Add component (AddParameter): Name = "Ind_H"; Value = "2.2µH"; VariantName = "[No Variations]"
Add component (AddParameter): Name = "Irms"; Value = "4.7A @ 40C rise"; VariantName = "[No Variations]"
Add component (AddParameter): Name = "Isat"; Value = "6.2A @ 20% inductance drop"; VariantName = "[No Variations]"
Add component (AddParameter): Name = "LatestRevisionDate"; Value = "2017-06-02"; VariantName = "[No Variations]"
Add component (AddParameter): Name = "Manufacturer"; Value = "Wurth Elektronik"; VariantName = "[No Variations]"
Add component (AddParameter): Name = "Material"; Value = "?"; VariantName = "[No Variations]"
Add component (AddParameter): Name = "MountType"; Value = "SMT"; VariantName = "[No Variations]"
Add component (AddParameter): Name = "PackageReference"; Value = "4.1x4.1mm"; VariantName = "[No Variations]"
Add component (AddParameter): Name = "PartNumber"; Value = "74438356022"; VariantName = "[No Variations]"
Add component (AddParameter): Name = "Published"; Value = "2008-06-26"; VariantName = "[No Variations]"
Add component (AddParameter): Name = "Publisher"; Value = "Texas Instruments"; VariantName = "[No Variations]"
Add component (AddParameter): Name = "RoHS"; Value = "Y"; VariantName = "[No Variations]"
Add component (AddParameter): Name = "SizeArea_mm2"; Value = "16.81"; VariantName = "[No Variations]"
Add component (AddParameter): Name = "SizeAreaWB_mm2"; Value = "26.01"; VariantName = "[No Variations]"
Add component (AddParameter): Name = "SizeX_mm"; Value = "4.1"; VariantName = "[No Variations]"
Add component (AddParameter): Name = "SizeY_mm"; Value = "4.1"; VariantName = "[No Variations]"
Add component (AddParameter): Name = "SizeZ_mm"; Value = "2.1"; VariantName = "[No Variations]"
Add component (AddParameter): Name = "Supplier 1"; Value = "Digi-Key"; VariantName = "[No Variations]"
Add component (AddParameter): Name = "Supplier 2"; Value = "Mouser"; VariantName = "[No Variations]"
Add component (AddParameter): Name = "Supplier 3"; Value = ""; VariantName = "[No Variations]"
Add component (AddParameter): Name = "Supplier Part Number 1"; Value = "732-8232-1-ND"; VariantName = "[No Variations]"
Add component (AddParameter): Name = "Supplier Part Number 2"; Value = "710-74438356022"; VariantName = "[No Variations]"
Add component (AddParameter): Name = "Supplier Part Number 3"; Value = ""; VariantName = "[No Variations]"
Add component (AddParameter): Name = "Technology"; Value = "Shielded"; VariantName = "[No Variations]"
Add component (AddParameter): Name = "Value"; Value = "2.2uH"; VariantName = "[No Variations]"
Add component (AddParameter): Name = "Value1"; Value = "0.029 ohm"; VariantName = "[No Variations]"
Add component (AddParameter): Name = "Value2"; Value = "4.7A"; VariantName = "[No Variations]"
Add component (AddParameter): Name = "ValueDisplayed"; Value = "2.2uH"; VariantName = "[No Variations]"
Added Component: Designator=L4(WE-MAPI_4020)
Add component (AddParameter): Name = "AEC Category"; Value = "Q200"; VariantName = "[No Variations]"
Add component (AddParameter): Name = "AEC Grade"; Value = "N/A"; VariantName = "[No Variations]"
Add component (AddParameter): Name = "AEC Qualified"; Value = "N"; VariantName = "[No Variations]"
Add component (AddParameter): Name = "Alternate Manufacturer"; Value = ""; VariantName = "[No Variations]"
Add component (AddParameter): Name = "Alternate PartNumber"; Value = ""; VariantName = "[No Variations]"
Add component (AddParameter): Name = "ComponentLink1Description"; Value = "Datasheet link"; VariantName = "[No Variations]"
Add component (AddParameter): Name = "ComponentLink1URL"; Value = "http://katalog.we-online.com/pbs/datasheet/74438356022.pdf"; VariantName = "[No Variations]"
Add component (AddParameter): Name = "CompType"; Value = "Inductor"; VariantName = "[No Variations]"
Add component (AddParameter): Name = "DCR_ohm"; Value = "29m"; VariantName = "[No Variations]"
Add component (AddParameter): Name = "Green_EU RoHS"; Value = "Passed"; VariantName = "[No Variations]"
Add component (AddParameter): Name = "Green_EU RoHS-2"; Value = "Incomplete"; VariantName = "[No Variations]"
Add component (AddParameter): Name = "Green_Lifecycle"; Value = "Active"; VariantName = "[No Variations]"
Add component (AddParameter): Name = "Green_REACh"; Value = "Passed"; VariantName = "[No Variations]"
Add component (AddParameter): Name = "Imax_A"; Value = "4.7A"; VariantName = "[No Variations]"
Add component (AddParameter): Name = "Ind_H"; Value = "2.2µH"; VariantName = "[No Variations]"
Add component (AddParameter): Name = "Irms"; Value = "4.7A @ 40C rise"; VariantName = "[No Variations]"
Add component (AddParameter): Name = "Isat"; Value = "6.2A @ 20% inductance drop"; VariantName = "[No Variations]"
Add component (AddParameter): Name = "LatestRevisionDate"; Value = "2017-06-02"; VariantName = "[No Variations]"
Add component (AddParameter): Name = "Manufacturer"; Value = "Wurth Elektronik"; VariantName = "[No Variations]"
Add component (AddParameter): Name = "Material"; Value = "?"; VariantName = "[No Variations]"
Add component (AddParameter): Name = "MountType"; Value = "SMT"; VariantName = "[No Variations]"
Add component (AddParameter): Name = "PackageReference"; Value = "4.1x4.1mm"; VariantName = "[No Variations]"
Add component (AddParameter): Name = "PartNumber"; Value = "74438356022"; VariantName = "[No Variations]"
Add component (AddParameter): Name = "Published"; Value = "2008-06-26"; VariantName = "[No Variations]"
Add component (AddParameter): Name = "Publisher"; Value = "Texas Instruments"; VariantName = "[No Variations]"
Add component (AddParameter): Name = "RoHS"; Value = "Y"; VariantName = "[No Variations]"
Add component (AddParameter): Name = "SizeArea_mm2"; Value = "16.81"; VariantName = "[No Variations]"
Add component (AddParameter): Name = "SizeAreaWB_mm2"; Value = "26.01"; VariantName = "[No Variations]"
Add component (AddParameter): Name = "SizeX_mm"; Value = "4.1"; VariantName = "[No Variations]"
Add component (AddParameter): Name = "SizeY_mm"; Value = "4.1"; VariantName = "[No Variations]"
Add component (AddParameter): Name = "SizeZ_mm"; Value = "2.1"; VariantName = "[No Variations]"
Add component (AddParameter): Name = "Supplier 1"; Value = "Digi-Key"; VariantName = "[No Variations]"
Add component (AddParameter): Name = "Supplier 2"; Value = "Mouser"; VariantName = "[No Variations]"
Add component (AddParameter): Name = "Supplier 3"; Value = ""; VariantName = "[No Variations]"
Add component (AddParameter): Name = "Supplier Part Number 1"; Value = "732-8232-1-ND"; VariantName = "[No Variations]"
Add component (AddParameter): Name = "Supplier Part Number 2"; Value = "710-74438356022"; VariantName = "[No Variations]"
Add component (AddParameter): Name = "Supplier Part Number 3"; Value = ""; VariantName = "[No Variations]"
Add component (AddParameter): Name = "Technology"; Value = "Shielded"; VariantName = "[No Variations]"
Add component (AddParameter): Name = "Value"; Value = "2.2uH"; VariantName = "[No Variations]"
Add component (AddParameter): Name = "Value1"; Value = "0.029 ohm"; VariantName = "[No Variations]"
Add component (AddParameter): Name = "Value2"; Value = "4.7A"; VariantName = "[No Variations]"
Add component (AddParameter): Name = "ValueDisplayed"; Value = "2.2uH"; VariantName = "[No Variations]"
Added Component: Designator=R5(0402)
Add component (AddParameter): Name = "AEC Category"; Value = "Q200"; VariantName = "[No Variations]"
Add component (AddParameter): Name = "AEC Grade"; Value = ""; VariantName = "[No Variations]"
Add component (AddParameter): Name = "AEC Qualified"; Value = "?"; VariantName = "[No Variations]"
Add component (AddParameter): Name = "Alternate Manufacturer"; Value = ""; VariantName = "[No Variations]"
Add component (AddParameter): Name = "Alternate PartNumber"; Value = ""; VariantName = "[No Variations]"
Add component (AddParameter): Name = "ComponentLink1Description"; Value = "Datasheet link"; VariantName = "[No Variations]"
Add component (AddParameter): Name = "ComponentLink1URL"; Value = "http://industrial.panasonic.com/www-data/pdf/AOA0000/AOA0000CE2.pdf"; VariantName = "[No Variations]"
Add component (AddParameter): Name = "CompType"; Value = "Resistor"; VariantName = "[No Variations]"
Add component (AddParameter): Name = "EIA_Code"; Value = "E96"; VariantName = "[No Variations]"
Add component (AddParameter): Name = "LatestRevisionDate"; Value = "2017-03-09"; VariantName = "[No Variations]"
Add component (AddParameter): Name = "Manufacturer"; Value = "Panasonic"; VariantName = "[No Variations]"
Add component (AddParameter): Name = "MountType"; Value = "SMT"; VariantName = "[No Variations]"
Add component (AddParameter): Name = "PackageReference"; Value = "0402"; VariantName = "[No Variations]"
Add component (AddParameter): Name = "PartNumber"; Value = "ERJ-2RKF1002X"; VariantName = "[No Variations]"
Add component (AddParameter): Name = "Power_W"; Value = "100mW"; VariantName = "[No Variations]"
Add component (AddParameter): Name = "Published"; Value = "2008-06-26"; VariantName = "[No Variations]"
Add component (AddParameter): Name = "Publisher"; Value = "Texas Instruments"; VariantName = "[No Variations]"
Add component (AddParameter): Name = "Res_ohm"; Value = "10k"; VariantName = "[No Variations]"
Add component (AddParameter): Name = "RoHS"; Value = "Y"; VariantName = "[No Variations]"
Add component (AddParameter): Name = "SizeArea_mm2"; Value = "0.5"; VariantName = "[No Variations]"
Add component (AddParameter): Name = "SizeX_mm"; Value = "1"; VariantName = "[No Variations]"
Add component (AddParameter): Name = "SizeY_mm"; Value = "0.5"; VariantName = "[No Variations]"
Add component (AddParameter): Name = "SizeZ_mm"; Value = "0.6"; VariantName = "[No Variations]"
Add component (AddParameter): Name = "Supplier 1"; Value = "Digi-Key"; VariantName = "[No Variations]"
Add component (AddParameter): Name = "Supplier 2"; Value = "Newark"; VariantName = "[No Variations]"
Add component (AddParameter): Name = "Supplier 3"; Value = "Mouser"; VariantName = "[No Variations]"
Add component (AddParameter): Name = "Supplier Part Number 1"; Value = "P10.0KLCT-ND"; VariantName = "[No Variations]"
Add component (AddParameter): Name = "Supplier Part Number 2"; Value = "90W2949"; VariantName = "[No Variations]"
Add component (AddParameter): Name = "Supplier Part Number 3"; Value = "667-ERJ-2RKF1002X"; VariantName = "[No Variations]"
Add component (AddParameter): Name = "Technology"; Value = "Thick Film"; VariantName = "[No Variations]"
Add component (AddParameter): Name = "TempCo"; Value = "100 ppm/C"; VariantName = "[No Variations]"
Add component (AddParameter): Name = "Tolerance_%"; Value = "1%"; VariantName = "[No Variations]"
Add component (AddParameter): Name = "U/M"; Value = "EA"; VariantName = "[No Variations]"
Add component (AddParameter): Name = "Value"; Value = "10.0k"; VariantName = "[No Variations]"
Add component (AddParameter): Name = "Value1"; Value = "1%"; VariantName = "[No Variations]"
Add component (AddParameter): Name = "Value2"; Value = "0.1W"; VariantName = "[No Variations]"
Add component (AddParameter): Name = "Value_Code"; Value = "10k0"; VariantName = "[No Variations]"
Add component (AddParameter): Name = "ValueDisplayed"; Value = "10.0k"; VariantName = "[No Variations]"
Add component (AddParameter): Name = "VDC_V"; Value = "50V"; VariantName = "[No Variations]"
Added Component: Designator=R6(0805_HV)
Add component (AddParameter): Name = "AEC Category"; Value = "Q200"; VariantName = "[No Variations]"
Add component (AddParameter): Name = "AEC Grade"; Value = "0"; VariantName = "[No Variations]"
Add component (AddParameter): Name = "AEC Qualified"; Value = "Y"; VariantName = "[No Variations]"
Add component (AddParameter): Name = "Alternate Manufacturer"; Value = ""; VariantName = "[No Variations]"
Add component (AddParameter): Name = "Alternate PartNumber"; Value = ""; VariantName = "[No Variations]"
Add component (AddParameter): Name = "ComponentLink1Description"; Value = "Datasheet link"; VariantName = "[No Variations]"
Add component (AddParameter): Name = "ComponentLink1URL"; Value = "https://industrial.panasonic.com/cdbs/www-data/pdf/RDA0000/AOA0000C304.pdf"; VariantName = "[No Variations]"
Add component (AddParameter): Name = "CompType"; Value = "Resistor"; VariantName = "[No Variations]"
Add component (AddParameter): Name = "EIA_Code"; Value = "E96"; VariantName = "[No Variations]"
Add component (AddParameter): Name = "Green_EU RoHS"; Value = ""; VariantName = "[No Variations]"
Add component (AddParameter): Name = "Green_EU RoHS-2"; Value = ""; VariantName = "[No Variations]"
Add component (AddParameter): Name = "Green_Lifecycle"; Value = ""; VariantName = "[No Variations]"
Add component (AddParameter): Name = "Green_REACh"; Value = ""; VariantName = "[No Variations]"
Add component (AddParameter): Name = "Manufacturer"; Value = "Panasonic"; VariantName = "[No Variations]"
Add component (AddParameter): Name = "MountType"; Value = "SMT"; VariantName = "[No Variations]"
Add component (AddParameter): Name = "PackageReference"; Value = "0805"; VariantName = "[No Variations]"
Add component (AddParameter): Name = "PartNumber"; Value = "ERJ-6ENF1822V"; VariantName = "[No Variations]"
Add component (AddParameter): Name = "Power_W"; Value = "125mW"; VariantName = "[No Variations]"
Add component (AddParameter): Name = "Res_ohm"; Value = "18.2k"; VariantName = "[No Variations]"
Add component (AddParameter): Name = "RoHS"; Value = "Y"; VariantName = "[No Variations]"
Add component (AddParameter): Name = "SizeArea_mm2"; Value = "2.5"; VariantName = "[No Variations]"
Add component (AddParameter): Name = "SizeAreaWB_mm2"; Value = "6.75"; VariantName = "[No Variations]"
Add component (AddParameter): Name = "SizeX_mm"; Value = "2"; VariantName = "[No Variations]"
Add component (AddParameter): Name = "SizeY_mm"; Value = "1.25"; VariantName = "[No Variations]"
Add component (AddParameter): Name = "SizeZ_mm"; Value = "1.45"; VariantName = "[No Variations]"
Add component (AddParameter): Name = "Supplier 1"; Value = "Digi-Key"; VariantName = "[No Variations]"
Add component (AddParameter): Name = "Supplier 2"; Value = "Mouser"; VariantName = "[No Variations]"
Add component (AddParameter): Name = "Supplier 3"; Value = "Farnell"; VariantName = "[No Variations]"
Add component (AddParameter): Name = "Supplier Part Number 1"; Value = "P18.2KCCT-ND"; VariantName = "[No Variations]"
Add component (AddParameter): Name = "Supplier Part Number 2"; Value = "667-ERJ-6ENF1822V"; VariantName = "[No Variations]"
Add component (AddParameter): Name = "Supplier Part Number 3"; Value = "2057612"; VariantName = "[No Variations]"
Add component (AddParameter): Name = "Technology"; Value = "Thick Film"; VariantName = "[No Variations]"
Add component (AddParameter): Name = "TempCo"; Value = "100 ppm/C"; VariantName = "[No Variations]"
Add component (AddParameter): Name = "Tolerance_%"; Value = "1%"; VariantName = "[No Variations]"
Add component (AddParameter): Name = "Value"; Value = "18.2k"; VariantName = "[No Variations]"
Add component (AddParameter): Name = "Value1"; Value = "1%"; VariantName = "[No Variations]"
Add component (AddParameter): Name = "Value2"; Value = "0.125W"; VariantName = "[No Variations]"
Add component (AddParameter): Name = "Value_Code"; Value = "18k2"; VariantName = "[No Variations]"
Add component (AddParameter): Name = "ValueDisplayed"; Value = "18.2k"; VariantName = "[No Variations]"
Add component (AddParameter): Name = "VDC_V"; Value = ""; VariantName = "[No Variations]"
Added Component: Designator=R9(0402)
Add component (AddParameter): Name = "AEC Category"; Value = "Q200"; VariantName = "[No Variations]"
Add component (AddParameter): Name = "AEC Grade"; Value = "0"; VariantName = "[No Variations]"
Add component (AddParameter): Name = "AEC Qualified"; Value = "Y"; VariantName = "[No Variations]"
Add component (AddParameter): Name = "Alternate Manufacturer"; Value = ""; VariantName = "[No Variations]"
Add component (AddParameter): Name = "Alternate PartNumber"; Value = ""; VariantName = "[No Variations]"
Add component (AddParameter): Name = "ComponentLink1Description"; Value = "Datasheet link"; VariantName = "[No Variations]"
Add component (AddParameter): Name = "ComponentLink1URL"; Value = "http://www.vishay.com/docs/20035/dcrcwe3.pdf"; VariantName = "[No Variations]"
Add component (AddParameter): Name = "CompType"; Value = "Resistor"; VariantName = "[No Variations]"
Add component (AddParameter): Name = "EIA_Code"; Value = "E96"; VariantName = "[No Variations]"
Add component (AddParameter): Name = "Green_EU RoHS"; Value = ""; VariantName = "[No Variations]"
Add component (AddParameter): Name = "Green_EU RoHS-2"; Value = ""; VariantName = "[No Variations]"
Add component (AddParameter): Name = "Green_Lifecycle"; Value = ""; VariantName = "[No Variations]"
Add component (AddParameter): Name = "Green_REACh"; Value = ""; VariantName = "[No Variations]"
Add component (AddParameter): Name = "Manufacturer"; Value = "Vishay-Dale"; VariantName = "[No Variations]"
Add component (AddParameter): Name = "MountType"; Value = "SMT"; VariantName = "[No Variations]"
Add component (AddParameter): Name = "PackageReference"; Value = "0402"; VariantName = "[No Variations]"
Add component (AddParameter): Name = "PartNumber"; Value = "CRCW040215K4FKED"; VariantName = "[No Variations]"
Add component (AddParameter): Name = "Power_W"; Value = "63mW"; VariantName = "[No Variations]"
Add component (AddParameter): Name = "Res_ohm"; Value = "15.4k"; VariantName = "[No Variations]"
Add component (AddParameter): Name = "RoHS"; Value = "E"; VariantName = "[No Variations]"
Add component (AddParameter): Name = "SizeArea_mm2"; Value = "0.5"; VariantName = "[No Variations]"
Add component (AddParameter): Name = "SizeX_mm"; Value = "1"; VariantName = "[No Variations]"
Add component (AddParameter): Name = "SizeY_mm"; Value = "0.5"; VariantName = "[No Variations]"
Add component (AddParameter): Name = "SizeZ_mm"; Value = "0.6"; VariantName = "[No Variations]"
Add component (AddParameter): Name = "Supplier 1"; Value = "Digi-Key"; VariantName = "[No Variations]"
Add component (AddParameter): Name = "Supplier 2"; Value = "Newark"; VariantName = "[No Variations]"
Add component (AddParameter): Name = "Supplier 3"; Value = "Mouser"; VariantName = "[No Variations]"
Add component (AddParameter): Name = "Supplier Part Number 1"; Value = "541-15.4KLCT-ND"; VariantName = "[No Variations]"
Add component (AddParameter): Name = "Supplier Part Number 2"; Value = "52K6710"; VariantName = "[No Variations]"
Add component (AddParameter): Name = "Supplier Part Number 3"; Value = "71-CRCW0402-15.4K-E3"; VariantName = "[No Variations]"
Add component (AddParameter): Name = "Technology"; Value = "Thick Film"; VariantName = "[No Variations]"
Add component (AddParameter): Name = "TempCo"; Value = "100 ppm/C"; VariantName = "[No Variations]"
Add component (AddParameter): Name = "Tolerance_%"; Value = "1%"; VariantName = "[No Variations]"
Add component (AddParameter): Name = "Value"; Value = "15.4k"; VariantName = "[No Variations]"
Add component (AddParameter): Name = "Value1"; Value = "1%"; VariantName = "[No Variations]"
Add component (AddParameter): Name = "Value2"; Value = "0.063W"; VariantName = "[No Variations]"
Add component (AddParameter): Name = "Value_Code"; Value = "15k4"; VariantName = "[No Variations]"
Add component (AddParameter): Name = "ValueDisplayed"; Value = "15.4k"; VariantName = "[No Variations]"
Add component (AddParameter): Name = "VDC_V"; Value = "50V"; VariantName = "[No Variations]"
Added Component: Designator=R10(0402)
Add component (AddParameter): Name = "AEC Category"; Value = "Q200"; VariantName = "[No Variations]"
Add component (AddParameter): Name = "AEC Grade"; Value = "0"; VariantName = "[No Variations]"
Add component (AddParameter): Name = "AEC Qualified"; Value = "Y"; VariantName = "[No Variations]"
Add component (AddParameter): Name = "Alternate Manufacturer"; Value = ""; VariantName = "[No Variations]"
Add component (AddParameter): Name = "Alternate PartNumber"; Value = ""; VariantName = "[No Variations]"
Add component (AddParameter): Name = "ComponentLink1Description"; Value = "Datasheet link"; VariantName = "[No Variations]"
Add component (AddParameter): Name = "ComponentLink1URL"; Value = "http://www.vishay.com/docs/20035/dcrcwe3.pdf"; VariantName = "[No Variations]"
Add component (AddParameter): Name = "CompType"; Value = "Resistor"; VariantName = "[No Variations]"
Add component (AddParameter): Name = "EIA_Code"; Value = "E96"; VariantName = "[No Variations]"
Add component (AddParameter): Name = "Green_EU RoHS"; Value = ""; VariantName = "[No Variations]"
Add component (AddParameter): Name = "Green_EU RoHS-2"; Value = ""; VariantName = "[No Variations]"
Add component (AddParameter): Name = "Green_Lifecycle"; Value = ""; VariantName = "[No Variations]"
Add component (AddParameter): Name = "Green_REACh"; Value = ""; VariantName = "[No Variations]"
Add component (AddParameter): Name = "Manufacturer"; Value = "Vishay-Dale"; VariantName = "[No Variations]"
Add component (AddParameter): Name = "MountType"; Value = "SMT"; VariantName = "[No Variations]"
Add component (AddParameter): Name = "PackageReference"; Value = "0402"; VariantName = "[No Variations]"
Add component (AddParameter): Name = "PartNumber"; Value = "CRCW04024K99FKED"; VariantName = "[No Variations]"
Add component (AddParameter): Name = "Power_W"; Value = "63mW"; VariantName = "[No Variations]"
Add component (AddParameter): Name = "Res_ohm"; Value = "4.99k"; VariantName = "[No Variations]"
Add component (AddParameter): Name = "RoHS"; Value = "E"; VariantName = "[No Variations]"
Add component (AddParameter): Name = "SizeArea_mm2"; Value = "0.5"; VariantName = "[No Variations]"
Add component (AddParameter): Name = "SizeX_mm"; Value = "1"; VariantName = "[No Variations]"
Add component (AddParameter): Name = "SizeY_mm"; Value = "0.5"; VariantName = "[No Variations]"
Add component (AddParameter): Name = "SizeZ_mm"; Value = "0.6"; VariantName = "[No Variations]"
Add component (AddParameter): Name = "Supplier 1"; Value = "Digi-Key"; VariantName = "[No Variations]"
Add component (AddParameter): Name = "Supplier 2"; Value = "Newark"; VariantName = "[No Variations]"
Add component (AddParameter): Name = "Supplier 3"; Value = "Mouser"; VariantName = "[No Variations]"
Add component (AddParameter): Name = "Supplier Part Number 1"; Value = "541-4.99KLCT-ND"; VariantName = "[No Variations]"
Add component (AddParameter): Name = "Supplier Part Number 2"; Value = "52K7048"; VariantName = "[No Variations]"
Add component (AddParameter): Name = "Supplier Part Number 3"; Value = "71-CRCW0402-4.99K-E3"; VariantName = "[No Variations]"
Add component (AddParameter): Name = "Technology"; Value = "Thick Film"; VariantName = "[No Variations]"
Add component (AddParameter): Name = "TempCo"; Value = "100 ppm/C"; VariantName = "[No Variations]"
Add component (AddParameter): Name = "Tolerance_%"; Value = "1%"; VariantName = "[No Variations]"
Add component (AddParameter): Name = "Value"; Value = "4.99k"; VariantName = "[No Variations]"
Add component (AddParameter): Name = "Value1"; Value = "1%"; VariantName = "[No Variations]"
Add component (AddParameter): Name = "Value2"; Value = "0.063W"; VariantName = "[No Variations]"
Add component (AddParameter): Name = "Value_Code"; Value = "4k99"; VariantName = "[No Variations]"
Add component (AddParameter): Name = "ValueDisplayed"; Value = "4.99k"; VariantName = "[No Variations]"
Add component (AddParameter): Name = "VDC_V"; Value = "50V"; VariantName = "[No Variations]"
Added Component: Designator=R11(0402)
Add component (AddParameter): Name = "AEC Category"; Value = "Q200"; VariantName = "[No Variations]"
Add component (AddParameter): Name = "AEC Grade"; Value = ""; VariantName = "[No Variations]"
Add component (AddParameter): Name = "AEC Qualified"; Value = "?"; VariantName = "[No Variations]"
Add component (AddParameter): Name = "Alternate Manufacturer"; Value = ""; VariantName = "[No Variations]"
Add component (AddParameter): Name = "Alternate PartNumber"; Value = ""; VariantName = "[No Variations]"
Add component (AddParameter): Name = "ComponentLink1Description"; Value = "Datasheet link"; VariantName = "[No Variations]"
Add component (AddParameter): Name = "ComponentLink1URL"; Value = "http://industrial.panasonic.com/www-data/pdf/AOA0000/AOA0000CE2.pdf"; VariantName = "[No Variations]"
Add component (AddParameter): Name = "CompType"; Value = "Resistor"; VariantName = "[No Variations]"
Add component (AddParameter): Name = "EIA_Code"; Value = "E96"; VariantName = "[No Variations]"
Add component (AddParameter): Name = "LatestRevisionDate"; Value = "2017-03-09"; VariantName = "[No Variations]"
Add component (AddParameter): Name = "Manufacturer"; Value = "Panasonic"; VariantName = "[No Variations]"
Add component (AddParameter): Name = "MountType"; Value = "SMT"; VariantName = "[No Variations]"
Add component (AddParameter): Name = "PackageReference"; Value = "0402"; VariantName = "[No Variations]"
Add component (AddParameter): Name = "PartNumber"; Value = "ERJ-2RKF1002X"; VariantName = "[No Variations]"
Add component (AddParameter): Name = "Power_W"; Value = "100mW"; VariantName = "[No Variations]"
Add component (AddParameter): Name = "Published"; Value = "2008-06-26"; VariantName = "[No Variations]"
Add component (AddParameter): Name = "Publisher"; Value = "Texas Instruments"; VariantName = "[No Variations]"
Add component (AddParameter): Name = "Res_ohm"; Value = "10k"; VariantName = "[No Variations]"
Add component (AddParameter): Name = "RoHS"; Value = "Y"; VariantName = "[No Variations]"
Add component (AddParameter): Name = "SizeArea_mm2"; Value = "0.5"; VariantName = "[No Variations]"
Add component (AddParameter): Name = "SizeX_mm"; Value = "1"; VariantName = "[No Variations]"
Add component (AddParameter): Name = "SizeY_mm"; Value = "0.5"; VariantName = "[No Variations]"
Add component (AddParameter): Name = "SizeZ_mm"; Value = "0.6"; VariantName = "[No Variations]"
Add component (AddParameter): Name = "Supplier 1"; Value = "Digi-Key"; VariantName = "[No Variations]"
Add component (AddParameter): Name = "Supplier 2"; Value = "Newark"; VariantName = "[No Variations]"
Add component (AddParameter): Name = "Supplier 3"; Value = "Mouser"; VariantName = "[No Variations]"
Add component (AddParameter): Name = "Supplier Part Number 1"; Value = "P10.0KLCT-ND"; VariantName = "[No Variations]"
Add component (AddParameter): Name = "Supplier Part Number 2"; Value = "90W2949"; VariantName = "[No Variations]"
Add component (AddParameter): Name = "Supplier Part Number 3"; Value = "667-ERJ-2RKF1002X"; VariantName = "[No Variations]"
Add component (AddParameter): Name = "Technology"; Value = "Thick Film"; VariantName = "[No Variations]"
Add component (AddParameter): Name = "TempCo"; Value = "100 ppm/C"; VariantName = "[No Variations]"
Add component (AddParameter): Name = "Tolerance_%"; Value = "1%"; VariantName = "[No Variations]"
Add component (AddParameter): Name = "U/M"; Value = "EA"; VariantName = "[No Variations]"
Add component (AddParameter): Name = "Value"; Value = "10.0k"; VariantName = "[No Variations]"
Add component (AddParameter): Name = "Value1"; Value = "1%"; VariantName = "[No Variations]"
Add component (AddParameter): Name = "Value2"; Value = "0.1W"; VariantName = "[No Variations]"
Add component (AddParameter): Name = "Value_Code"; Value = "10k0"; VariantName = "[No Variations]"
Add component (AddParameter): Name = "ValueDisplayed"; Value = "10.0k"; VariantName = "[No Variations]"
Add component (AddParameter): Name = "VDC_V"; Value = "50V"; VariantName = "[No Variations]"
Added Component: Designator=R12(0805_HV)
Add component (AddParameter): Name = "AEC Category"; Value = "Q200"; VariantName = "[No Variations]"
Add component (AddParameter): Name = "AEC Grade"; Value = "0"; VariantName = "[No Variations]"
Add component (AddParameter): Name = "AEC Qualified"; Value = "Y"; VariantName = "[No Variations]"
Add component (AddParameter): Name = "Alternate Manufacturer"; Value = ""; VariantName = "[No Variations]"
Add component (AddParameter): Name = "Alternate PartNumber"; Value = ""; VariantName = "[No Variations]"
Add component (AddParameter): Name = "ComponentLink1Description"; Value = "Datasheet link"; VariantName = "[No Variations]"
Add component (AddParameter): Name = "ComponentLink1URL"; Value = "https://industrial.panasonic.com/cdbs/www-data/pdf/RDA0000/AOA0000C304.pdf"; VariantName = "[No Variations]"
Add component (AddParameter): Name = "CompType"; Value = "Resistor"; VariantName = "[No Variations]"
Add component (AddParameter): Name = "EIA_Code"; Value = "E96"; VariantName = "[No Variations]"
Add component (AddParameter): Name = "Green_EU RoHS"; Value = ""; VariantName = "[No Variations]"
Add component (AddParameter): Name = "Green_EU RoHS-2"; Value = ""; VariantName = "[No Variations]"
Add component (AddParameter): Name = "Green_Lifecycle"; Value = ""; VariantName = "[No Variations]"
Add component (AddParameter): Name = "Green_REACh"; Value = ""; VariantName = "[No Variations]"
Add component (AddParameter): Name = "Manufacturer"; Value = "Panasonic"; VariantName = "[No Variations]"
Add component (AddParameter): Name = "MountType"; Value = "SMT"; VariantName = "[No Variations]"
Add component (AddParameter): Name = "PackageReference"; Value = "0805"; VariantName = "[No Variations]"
Add component (AddParameter): Name = "PartNumber"; Value = "ERJ-6ENF1822V"; VariantName = "[No Variations]"
Add component (AddParameter): Name = "Power_W"; Value = "125mW"; VariantName = "[No Variations]"
Add component (AddParameter): Name = "Res_ohm"; Value = "18.2k"; VariantName = "[No Variations]"
Add component (AddParameter): Name = "RoHS"; Value = "Y"; VariantName = "[No Variations]"
Add component (AddParameter): Name = "SizeArea_mm2"; Value = "2.5"; VariantName = "[No Variations]"
Add component (AddParameter): Name = "SizeAreaWB_mm2"; Value = "6.75"; VariantName = "[No Variations]"
Add component (AddParameter): Name = "SizeX_mm"; Value = "2"; VariantName = "[No Variations]"
Add component (AddParameter): Name = "SizeY_mm"; Value = "1.25"; VariantName = "[No Variations]"
Add component (AddParameter): Name = "SizeZ_mm"; Value = "1.45"; VariantName = "[No Variations]"
Add component (AddParameter): Name = "Supplier 1"; Value = "Digi-Key"; VariantName = "[No Variations]"
Add component (AddParameter): Name = "Supplier 2"; Value = "Mouser"; VariantName = "[No Variations]"
Add component (AddParameter): Name = "Supplier 3"; Value = "Farnell"; VariantName = "[No Variations]"
Add component (AddParameter): Name = "Supplier Part Number 1"; Value = "P18.2KCCT-ND"; VariantName = "[No Variations]"
Add component (AddParameter): Name = "Supplier Part Number 2"; Value = "667-ERJ-6ENF1822V"; VariantName = "[No Variations]"
Add component (AddParameter): Name = "Supplier Part Number 3"; Value = "2057612"; VariantName = "[No Variations]"
Add component (AddParameter): Name = "Technology"; Value = "Thick Film"; VariantName = "[No Variations]"
Add component (AddParameter): Name = "TempCo"; Value = "100 ppm/C"; VariantName = "[No Variations]"
Add component (AddParameter): Name = "Tolerance_%"; Value = "1%"; VariantName = "[No Variations]"
Add component (AddParameter): Name = "Value"; Value = "18.2k"; VariantName = "[No Variations]"
Add component (AddParameter): Name = "Value1"; Value = "1%"; VariantName = "[No Variations]"
Add component (AddParameter): Name = "Value2"; Value = "0.125W"; VariantName = "[No Variations]"
Add component (AddParameter): Name = "Value_Code"; Value = "18k2"; VariantName = "[No Variations]"
Add component (AddParameter): Name = "ValueDisplayed"; Value = "18.2k"; VariantName = "[No Variations]"
Add component (AddParameter): Name = "VDC_V"; Value = ""; VariantName = "[No Variations]"
Added Component: Designator=R13(0402)
Add component (AddParameter): Name = "AEC Category"; Value = "Q200"; VariantName = "[No Variations]"
Add component (AddParameter): Name = "AEC Grade"; Value = "0"; VariantName = "[No Variations]"
Add component (AddParameter): Name = "AEC Qualified"; Value = "Y"; VariantName = "[No Variations]"
Add component (AddParameter): Name = "Alternate Manufacturer"; Value = ""; VariantName = "[No Variations]"
Add component (AddParameter): Name = "Alternate PartNumber"; Value = ""; VariantName = "[No Variations]"
Add component (AddParameter): Name = "ComponentLink1Description"; Value = "Datasheet link"; VariantName = "[No Variations]"
Add component (AddParameter): Name = "ComponentLink1URL"; Value = "http://www.vishay.com/docs/20035/dcrcwe3.pdf"; VariantName = "[No Variations]"
Add component (AddParameter): Name = "CompType"; Value = "Resistor"; VariantName = "[No Variations]"
Add component (AddParameter): Name = "EIA_Code"; Value = "E96"; VariantName = "[No Variations]"
Add component (AddParameter): Name = "Green_EU RoHS"; Value = ""; VariantName = "[No Variations]"
Add component (AddParameter): Name = "Green_EU RoHS-2"; Value = ""; VariantName = "[No Variations]"
Add component (AddParameter): Name = "Green_Lifecycle"; Value = ""; VariantName = "[No Variations]"
Add component (AddParameter): Name = "Green_REACh"; Value = ""; VariantName = "[No Variations]"
Add component (AddParameter): Name = "Manufacturer"; Value = "Vishay-Dale"; VariantName = "[No Variations]"
Add component (AddParameter): Name = "MountType"; Value = "SMT"; VariantName = "[No Variations]"
Add component (AddParameter): Name = "PackageReference"; Value = "0402"; VariantName = "[No Variations]"
Add component (AddParameter): Name = "PartNumber"; Value = "CRCW04022K49FKED"; VariantName = "[No Variations]"
Add component (AddParameter): Name = "Power_W"; Value = "63mW"; VariantName = "[No Variations]"
Add component (AddParameter): Name = "Res_ohm"; Value = "2.49k"; VariantName = "[No Variations]"
Add component (AddParameter): Name = "RoHS"; Value = "E"; VariantName = "[No Variations]"
Add component (AddParameter): Name = "SizeArea_mm2"; Value = "0.5"; VariantName = "[No Variations]"
Add component (AddParameter): Name = "SizeX_mm"; Value = "1"; VariantName = "[No Variations]"
Add component (AddParameter): Name = "SizeY_mm"; Value = "0.5"; VariantName = "[No Variations]"
Add component (AddParameter): Name = "SizeZ_mm"; Value = "0.6"; VariantName = "[No Variations]"
Add component (AddParameter): Name = "Supplier 1"; Value = "Digi-Key"; VariantName = "[No Variations]"
Add component (AddParameter): Name = "Supplier 2"; Value = "Newark"; VariantName = "[No Variations]"
Add component (AddParameter): Name = "Supplier 3"; Value = "Mouser"; VariantName = "[No Variations]"
Add component (AddParameter): Name = "Supplier Part Number 1"; Value = "541-2.49KLCT-ND"; VariantName = "[No Variations]"
Add component (AddParameter): Name = "Supplier Part Number 2"; Value = "52K6803"; VariantName = "[No Variations]"
Add component (AddParameter): Name = "Supplier Part Number 3"; Value = "71-CRCW0402-2.49K-E3"; VariantName = "[No Variations]"
Add component (AddParameter): Name = "Technology"; Value = "Thick Film"; VariantName = "[No Variations]"
Add component (AddParameter): Name = "TempCo"; Value = "100 ppm/C"; VariantName = "[No Variations]"
Add component (AddParameter): Name = "Tolerance_%"; Value = "1%"; VariantName = "[No Variations]"
Add component (AddParameter): Name = "Value"; Value = "2.49k"; VariantName = "[No Variations]"
Add component (AddParameter): Name = "Value1"; Value = "1%"; VariantName = "[No Variations]"
Add component (AddParameter): Name = "Value2"; Value = "0.063W"; VariantName = "[No Variations]"
Add component (AddParameter): Name = "Value_Code"; Value = "2k49"; VariantName = "[No Variations]"
Add component (AddParameter): Name = "ValueDisplayed"; Value = "2.49k"; VariantName = "[No Variations]"
Add component (AddParameter): Name = "VDC_V"; Value = "50V"; VariantName = "[No Variations]"
Added Component: Designator=R14(0402)
Add component (AddParameter): Name = "AEC Category"; Value = "Q200"; VariantName = "[No Variations]"
Add component (AddParameter): Name = "AEC Grade"; Value = "0"; VariantName = "[No Variations]"
Add component (AddParameter): Name = "AEC Qualified"; Value = "Y"; VariantName = "[No Variations]"
Add component (AddParameter): Name = "Alternate Manufacturer"; Value = ""; VariantName = "[No Variations]"
Add component (AddParameter): Name = "Alternate PartNumber"; Value = ""; VariantName = "[No Variations]"
Add component (AddParameter): Name = "ComponentLink1Description"; Value = "Datasheet link"; VariantName = "[No Variations]"
Add component (AddParameter): Name = "ComponentLink1URL"; Value = "http://www.vishay.com/docs/20035/dcrcwe3.pdf"; VariantName = "[No Variations]"
Add component (AddParameter): Name = "CompType"; Value = "Resistor"; VariantName = "[No Variations]"
Add component (AddParameter): Name = "EIA_Code"; Value = "E96"; VariantName = "[No Variations]"
Add component (AddParameter): Name = "Green_EU RoHS"; Value = ""; VariantName = "[No Variations]"
Add component (AddParameter): Name = "Green_EU RoHS-2"; Value = ""; VariantName = "[No Variations]"
Add component (AddParameter): Name = "Green_Lifecycle"; Value = ""; VariantName = "[No Variations]"
Add component (AddParameter): Name = "Green_REACh"; Value = ""; VariantName = "[No Variations]"
Add component (AddParameter): Name = "Manufacturer"; Value = "Vishay-Dale"; VariantName = "[No Variations]"
Add component (AddParameter): Name = "MountType"; Value = "SMT"; VariantName = "[No Variations]"
Add component (AddParameter): Name = "PackageReference"; Value = "0402"; VariantName = "[No Variations]"
Add component (AddParameter): Name = "PartNumber"; Value = "CRCW04024K99FKED"; VariantName = "[No Variations]"
Add component (AddParameter): Name = "Power_W"; Value = "63mW"; VariantName = "[No Variations]"
Add component (AddParameter): Name = "Res_ohm"; Value = "4.99k"; VariantName = "[No Variations]"
Add component (AddParameter): Name = "RoHS"; Value = "E"; VariantName = "[No Variations]"
Add component (AddParameter): Name = "SizeArea_mm2"; Value = "0.5"; VariantName = "[No Variations]"
Add component (AddParameter): Name = "SizeX_mm"; Value = "1"; VariantName = "[No Variations]"
Add component (AddParameter): Name = "SizeY_mm"; Value = "0.5"; VariantName = "[No Variations]"
Add component (AddParameter): Name = "SizeZ_mm"; Value = "0.6"; VariantName = "[No Variations]"
Add component (AddParameter): Name = "Supplier 1"; Value = "Digi-Key"; VariantName = "[No Variations]"
Add component (AddParameter): Name = "Supplier 2"; Value = "Newark"; VariantName = "[No Variations]"
Add component (AddParameter): Name = "Supplier 3"; Value = "Mouser"; VariantName = "[No Variations]"
Add component (AddParameter): Name = "Supplier Part Number 1"; Value = "541-4.99KLCT-ND"; VariantName = "[No Variations]"
Add component (AddParameter): Name = "Supplier Part Number 2"; Value = "52K7048"; VariantName = "[No Variations]"
Add component (AddParameter): Name = "Supplier Part Number 3"; Value = "71-CRCW0402-4.99K-E3"; VariantName = "[No Variations]"
Add component (AddParameter): Name = "Technology"; Value = "Thick Film"; VariantName = "[No Variations]"
Add component (AddParameter): Name = "TempCo"; Value = "100 ppm/C"; VariantName = "[No Variations]"
Add component (AddParameter): Name = "Tolerance_%"; Value = "1%"; VariantName = "[No Variations]"
Add component (AddParameter): Name = "Value"; Value = "4.99k"; VariantName = "[No Variations]"
Add component (AddParameter): Name = "Value1"; Value = "1%"; VariantName = "[No Variations]"
Add component (AddParameter): Name = "Value2"; Value = "0.063W"; VariantName = "[No Variations]"
Add component (AddParameter): Name = "Value_Code"; Value = "4k99"; VariantName = "[No Variations]"
Add component (AddParameter): Name = "ValueDisplayed"; Value = "4.99k"; VariantName = "[No Variations]"
Add component (AddParameter): Name = "VDC_V"; Value = "50V"; VariantName = "[No Variations]"
Added Component: Designator=U3(RPU0010A-MFG)
Add component (AddParameter): Name = "AEC Qualified"; Value = "No"; VariantName = "[No Variations]"
Add component (AddParameter): Name = "Datasheet Path"; Value = "datasheets/IC-TPS62913RPUR.pdf"; VariantName = "[No Variations]"
Add component (AddParameter): Name = "helpURL"; Value = "https://upverter.com/upn/revision/a05e95a0cb7f20b8/"; VariantName = "[No Variations]"
Add component (AddParameter): Name = "Manufacturer"; Value = "Texas Instruments"; VariantName = "[No Variations]"
Add component (AddParameter): Name = "Max Duty Cycle"; Value = "55%"; VariantName = "[No Variations]"
Add component (AddParameter): Name = "Max Supply Voltage"; Value = "17V"; VariantName = "[No Variations]"
Add component (AddParameter): Name = "Min Supply Voltage"; Value = "3V"; VariantName = "[No Variations]"
Add component (AddParameter): Name = "Nominal Supply Current"; Value = "5mA"; VariantName = "[No Variations]"
Add component (AddParameter): Name = "Number Of Outputs"; Value = "1"; VariantName = "[No Variations]"
Add component (AddParameter): Name = "Operating Temperature Range"; Value = "-40°C to +150°C"; VariantName = "[No Variations]"
Add component (AddParameter): Name = "Output Type"; Value = "AdjustableProgrammable"; VariantName = "[No Variations]"
Add component (AddParameter): Name = "Output Voltage"; Value = "0.8-5.5V"; VariantName = "[No Variations]"
Add component (AddParameter): Name = "PackageReference"; Value = "VQFN-HR10"; VariantName = "[No Variations]"
Add component (AddParameter): Name = "Part Number"; Value = "TPS62913RPUR"; VariantName = "[No Variations]"
Add component (AddParameter): Name = "PartNumber"; Value = "TPS62913RPUR"; VariantName = "[No Variations]"
Add component (AddParameter): Name = "RoHS"; Value = "UNKNOWN"; VariantName = "[No Variations]"
Add component (AddParameter): Name = "SizeZ_mm"; Value = "1mm"; VariantName = "[No Variations]"
Add component (AddParameter): Name = "Standoff Height"; Value = "0mm"; VariantName = "[No Variations]"
Add component (AddParameter): Name = "Switching Frequency"; Value = "1/2.2MHz"; VariantName = "[No Variations]"
Add component (AddParameter): Name = "Switching Topology"; Value = "Buck"; VariantName = "[No Variations]"
Add component (AddParameter): Name = "TJmax_C"; Value = "+150°C"; VariantName = "[No Variations]"
Added Component: Designator=U6(RPU0010A-MFG)
Add component (AddParameter): Name = "AEC Qualified"; Value = "No"; VariantName = "[No Variations]"
Add component (AddParameter): Name = "Datasheet Path"; Value = "datasheets/IC-TPS62913RPUR.pdf"; VariantName = "[No Variations]"
Add component (AddParameter): Name = "helpURL"; Value = "https://upverter.com/upn/revision/a05e95a0cb7f20b8/"; VariantName = "[No Variations]"
Add component (AddParameter): Name = "Manufacturer"; Value = "Texas Instruments"; VariantName = "[No Variations]"
Add component (AddParameter): Name = "Max Duty Cycle"; Value = "55%"; VariantName = "[No Variations]"
Add component (AddParameter): Name = "Max Supply Voltage"; Value = "17V"; VariantName = "[No Variations]"
Add component (AddParameter): Name = "Min Supply Voltage"; Value = "3V"; VariantName = "[No Variations]"
Add component (AddParameter): Name = "Nominal Supply Current"; Value = "5mA"; VariantName = "[No Variations]"
Add component (AddParameter): Name = "Number Of Outputs"; Value = "1"; VariantName = "[No Variations]"
Add component (AddParameter): Name = "Operating Temperature Range"; Value = "-40°C to +150°C"; VariantName = "[No Variations]"
Add component (AddParameter): Name = "Output Type"; Value = "AdjustableProgrammable"; VariantName = "[No Variations]"
Add component (AddParameter): Name = "Output Voltage"; Value = "0.8-5.5V"; VariantName = "[No Variations]"
Add component (AddParameter): Name = "PackageReference"; Value = "VQFN-HR10"; VariantName = "[No Variations]"
Add component (AddParameter): Name = "Part Number"; Value = "TPS62913RPUR"; VariantName = "[No Variations]"
Add component (AddParameter): Name = "PartNumber"; Value = "TPS62913RPUR"; VariantName = "[No Variations]"
Add component (AddParameter): Name = "RoHS"; Value = "UNKNOWN"; VariantName = "[No Variations]"
Add component (AddParameter): Name = "SizeZ_mm"; Value = "1mm"; VariantName = "[No Variations]"
Add component (AddParameter): Name = "Standoff Height"; Value = "0mm"; VariantName = "[No Variations]"
Add component (AddParameter): Name = "Switching Frequency"; Value = "1/2.2MHz"; VariantName = "[No Variations]"
Add component (AddParameter): Name = "Switching Topology"; Value = "Buck"; VariantName = "[No Variations]"
Add component (AddParameter): Name = "TJmax_C"; Value = "+150°C"; VariantName = "[No Variations]"
Add component: Footprint Not Found X322540MPB4SI
Added Pin To Net: NetName=VIO Pin=C4-1
Added Pin To Net: NetName=AM263_ADC_VREFLO_G01 Pin=C4-2
Added Pin To Net: NetName=VIO Pin=C5-1
Added Pin To Net: NetName=AM263_ADC_VREFLO_G01 Pin=C5-2
Added Pin To Net: NetName=VIO Pin=C6-1
Added Pin To Net: NetName=AM263_ADC_VREFLO_G01 Pin=C6-2
Added Pin To Net: NetName=TPS62913_2_NR_SS Pin=C8-1
Added Pin To Net: NetName=AM263_ADC_VREFLO_G01 Pin=C8-2
Added Pin To Net: NetName=VBUS_5V0 Pin=C11-1
Added Pin To Net: NetName=AM263_ADC_VREFLO_G01 Pin=C11-2
Added Pin To Net: NetName=VBUS_5V0 Pin=C12-1
Added Pin To Net: NetName=AM263_ADC_VREFLO_G01 Pin=C12-2
Added Pin To Net: NetName=VDD_AM263_1V2 Pin=C13-1
Added Pin To Net: NetName=AM263_ADC_VREFLO_G01 Pin=C13-2
Added Pin To Net: NetName=VDD_AM263_1V2 Pin=C14-1
Added Pin To Net: NetName=AM263_ADC_VREFLO_G01 Pin=C14-2
Added Pin To Net: NetName=VDD_AM263_1V2 Pin=C15-1
Added Pin To Net: NetName=AM263_ADC_VREFLO_G01 Pin=C15-2
Added Pin To Net: NetName=TPS62913_1_NR_SS Pin=C72-1
Added Pin To Net: NetName=AM263_ADC_VREFLO_G01 Pin=C72-2
Added Pin To Net: NetName=VBUS_5V0 Pin=C73-1
Added Pin To Net: NetName=AM263_ADC_VREFLO_G01 Pin=C73-2
Added Pin To Net: NetName=VBUS_5V0 Pin=C74-1
Added Pin To Net: NetName=AM263_ADC_VREFLO_G01 Pin=C74-2
Added Pin To Net: NetName=TPS62913_2_SW Pin=L2-1
Added Pin To Net: NetName=VIO Pin=L2-2
Added Pin To Net: NetName=TPS62913_1_SW Pin=L4-1
Added Pin To Net: NetName=VDD_AM263_1V2 Pin=L4-2
Added Pin To Net: NetName=TPS62913_2_EN_SYNC Pin=R5-1
Added Pin To Net: NetName=VBUS_5V0 Pin=R5-2
Added Pin To Net: NetName=AM263_ADC_VREFLO_G01 Pin=R6-1
Added Pin To Net: NetName=TPS62913_2_SCONF Pin=R6-2
Added Pin To Net: NetName=TPS62913_2_FB Pin=R9-1
Added Pin To Net: NetName=VIO Pin=R9-2
Added Pin To Net: NetName=AM263_ADC_VREFLO_G01 Pin=R10-1
Added Pin To Net: NetName=TPS62913_2_FB Pin=R10-2
Added Pin To Net: NetName=TPS62913_1_EN_SYNC Pin=R11-1
Added Pin To Net: NetName=VBUS_5V0 Pin=R11-2
Added Pin To Net: NetName=AM263_ADC_VREFLO_G01 Pin=R12-1
Added Pin To Net: NetName=TPS62913_1_SCONF Pin=R12-2
Added Pin To Net: NetName=TPS62913_1_FB Pin=R13-1
Added Pin To Net: NetName=VDD_AM263_1V2 Pin=R13-2
Added Pin To Net: NetName=AM263_ADC_VREFLO_G01 Pin=R14-1
Added Pin To Net: NetName=TPS62913_1_FB Pin=R14-2
Added Pin To Net: NetName=TPS62913_2_EN_SYNC Pin=U3-1
Added Pin To Net: NetName=TPS62913_2_SW Pin=U3-2
Added Pin To Net: NetName=VIO Pin=U3-3
Added Pin To Net: NetName=AM263_ADC_VREFLO_G01 Pin=U3-4
Added Pin To Net: NetName=PG_VSYS_3V3 Pin=U3-5
Added Pin To Net: NetName=VBUS_5V0 Pin=U3-6
Added Pin To Net: NetName=AM263_ADC_VREFLO_G01 Pin=U3-7
Added Pin To Net: NetName=TPS62913_2_NR_SS Pin=U3-8
Added Pin To Net: NetName=TPS62913_2_FB Pin=U3-9
Added Pin To Net: NetName=TPS62913_2_SCONF Pin=U3-10
Added Pin To Net: NetName=TPS62913_1_EN_SYNC Pin=U6-1
Added Pin To Net: NetName=TPS62913_1_SW Pin=U6-2
Added Pin To Net: NetName=VDD_AM263_1V2 Pin=U6-3
Added Pin To Net: NetName=AM263_ADC_VREFLO_G01 Pin=U6-4
Added Pin To Net: NetName=PG_VDD_1V2 Pin=U6-5
Added Pin To Net: NetName=VBUS_5V0 Pin=U6-6
Added Pin To Net: NetName=AM263_ADC_VREFLO_G01 Pin=U6-7
Added Pin To Net: NetName=TPS62913_1_NR_SS Pin=U6-8
Added Pin To Net: NetName=TPS62913_1_FB Pin=U6-9
Added Pin To Net: NetName=TPS62913_1_SCONF Pin=U6-10
Add Pin To Net: Unknown Pin: Pin Y2-1
Add Pin To Net: Unknown Pin: Pin Y2-2
Add Pin To Net: Unknown Pin: Pin Y2-3
Add Pin To Net: Unknown Pin: Pin Y2-4
Added Member To Class: ClassName=Power Stage LP Member=Component C4 GRM21BZ71A226ME15L
Added Member To Class: ClassName=Power Stage LP Member=Component C5 GRM21BZ71A226ME15L
Added Member To Class: ClassName=Power Stage LP Member=Component C6 GRM32ER71A476ME15L
Added Member To Class: ClassName=Power Stage LP Member=Component C8 GRM188R71E474KA12D
Added Member To Class: ClassName=Power Stage LP Member=Component C11 GRM32ER7YA106KA12K
Added Member To Class: ClassName=Power Stage LP Member=Component C12 GRM32ER7YA106KA12K
Added Member To Class: ClassName=Power Stage LP Member=Component C13 GRM21BZ71A226ME15L
Added Member To Class: ClassName=Power Stage LP Member=Component C14 GRM21BZ71A226ME15L
Added Member To Class: ClassName=Power Stage LP Member=Component C15 GRM32ER71A476ME15L
Added Member To Class: ClassName=Power Stage LP Member=Component C72 GRM188R71E474KA12D
Added Member To Class: ClassName=Power Stage LP Member=Component C73 GRM32ER7YA106KA12K
Added Member To Class: ClassName=Power Stage LP Member=Component C74 GRM32ER7YA106KA12K
Added Member To Class: ClassName=Power Stage LP Member=Component L2 74438356022
Added Member To Class: ClassName=Power Stage LP Member=Component L4 74438356022
Added Member To Class: ClassName=Power Stage LP Member=Component R5 ERJ-2RKF1002X
Added Member To Class: ClassName=Power Stage LP Member=Component R6 ERJ-6ENF1822V
Added Member To Class: ClassName=Power Stage LP Member=Component R9 CRCW040215K4FKED
Added Member To Class: ClassName=Power Stage LP Member=Component R10 CRCW04024K99FKED
Added Member To Class: ClassName=Power Stage LP Member=Component R11 ERJ-2RKF1002X
Added Member To Class: ClassName=Power Stage LP Member=Component R12 ERJ-6ENF1822V
Added Member To Class: ClassName=Power Stage LP Member=Component R13 CRCW04022K49FKED
Added Member To Class: ClassName=Power Stage LP Member=Component R14 CRCW04024K99FKED
Added Member To Class: ClassName=Power Stage LP Member=Component U3 TPS62913RPUR
Added Member To Class: ClassName=Power Stage LP Member=Component U6 TPS62913RPUR
Add Class Member: Failed to add class member : Component Y2 X322540MPB4SI
